Actual_Temperature,Predicted_Temperature_RFR,Actual_Mag_X,Predicted_Mag_X_RFR,Actual_Mag_Y,Predicted_Mag_Y_RFR,Actual_Mag_Z,Predicted_Mag_Z_RFR
28.65,28.64,-0.12571,-0.085239,-0.680445,-0.729061,-0.568368,-0.540539
29.18,29.18,0.383101,0.383651,-0.603166,-0.601957,-0.52701,-0.526641
30.42,30.42,-0.704707,-0.704976,0.042619,0.041673,-0.489074,-0.49102
29.21,29.21,0.398763,0.399853,-0.617861,-0.618725,-0.544572,-0.544537
28.64,28.64,-0.07237,-0.072726,-0.723065,-0.724349,-0.532325,-0.531811
30.07,30.07,-0.702702,-0.701964,0.048664,0.048376,-0.493496,-0.493753
30.49,30.5,-0.705684,-0.705593,0.041125,0.041347,-0.4896,-0.490694
29.07,29.07,0.389577,0.388037,-0.606621,-0.604786,-0.527995,-0.528949
30.64,30.62,-0.707157,-0.706342,0.039629,0.038391,-0.490131,-0.488976
30.72,30.72,-0.705214,-0.706125,0.039096,0.037945,-0.486614,-0.487842
29.03,29.02,0.667085,0.667084,-0.483845,-0.483922,-0.486628,-0.487736
28.64,28.64,-0.071843,-0.072337,-0.726542,-0.727123,-0.533361,-0.531604
30.18,30.18,-0.702722,-0.702959,0.045636,0.045495,-0.490525,-0.492152
30.52,30.52,-0.713574,-0.713229,0.036625,0.035832,-0.491223,-0.491559
30.36,30.35,-0.706147,-0.704584,0.040654,0.041439,-0.492114,-0.492172
29.81,29.8,-0.706476,-0.706642,0.086458,0.08814,-0.485087,-0.483221
28.65,28.65,-0.079483,-0.080277,-0.71925,-0.718913,-0.519821,-0.521983
28.44,28.44,0.136576,0.13632,-0.934196,-0.933623,-0.578481,-0.578081
30.33,30.33,-0.717022,-0.717589,0.038138,0.037468,-0.49374,-0.492079
29.69,29.69,-0.706019,-0.706211,0.087925,0.08753,-0.482562,-0.483715
29.89,29.89,-0.686719,-0.690117,0.093477,0.092075,-0.481831,-0.481555
30.4,30.41,-0.621586,-0.622761,0.12899,0.128704,-0.552989,-0.554525
30.48,30.47,-0.624002,-0.616912,0.129545,0.129944,-0.558513,-0.554545
30.46,30.46,-0.706167,-0.706177,0.037626,0.040288,-0.489143,-0.490691
29.77,29.77,-0.706496,-0.706482,0.087942,0.086954,-0.484068,-0.483594
30.43,30.43,-0.705685,-0.706532,0.040121,0.040765,-0.489111,-0.491049
30.6,30.6,-0.70124,-0.7036,0.042127,0.041681,-0.488549,-0.487478
30.24,30.24,-0.702261,-0.701525,0.047609,0.047634,-0.488496,-0.489556
30.6,30.6,-0.721021,-0.720743,0.034079,0.034698,-0.489313,-0.489243
30.55,30.55,-0.626493,-0.627103,0.129524,0.129931,-0.557533,-0.557624
30.36,30.36,-0.705034,-0.705637,0.08692,0.087471,-0.481563,-0.482369
30.37,30.37,-0.72349,-0.723806,0.035584,0.036197,-0.49082,-0.49085
30.72,30.72,-0.704674,-0.706303,0.037637,0.037799,-0.489631,-0.489478
30.42,30.42,-0.622081,-0.621914,0.130995,0.129153,-0.553972,-0.553826
30.36,30.36,-0.71593,-0.716998,0.084884,0.083334,-0.481681,-0.481257
22.86,22.86,-0.459595,-0.45895,0.08784,0.087822,-0.563568,-0.563973
28.62,28.62,-0.080565,-0.080562,-0.713828,-0.712235,-0.514761,-0.514908
29.91,29.89,-0.705987,-0.706338,0.08545,0.086467,-0.484092,-0.485041
30.72,30.71,-0.707678,-0.70719,0.037596,0.037916,-0.487153,-0.488728
30.52,30.52,-0.618081,-0.619525,0.131544,0.129522,-0.556937,-0.556797
30.55,30.55,-0.725466,-0.724042,0.033077,0.033113,-0.490365,-0.491233
28.05,28.08,-0.423146,-0.421687,-0.329014,-0.326961,-0.646611,-0.647652
30.51,30.51,-0.614542,-0.612871,0.131124,0.131256,-0.56242,-0.55998
29.71,29.71,-0.7065,-0.705623,0.087437,0.08784,-0.483573,-0.483636
30.42,30.42,-0.70568,-0.705602,0.042633,0.041303,-0.490585,-0.49073
30.37,30.37,-0.719998,-0.720309,0.03612,0.03594,-0.492787,-0.492446
30.51,30.51,-0.706203,-0.706391,0.03759,0.037374,-0.486139,-0.487701
25.09,25.08,-0.926073,-0.930673,0.797003,0.79975,0.301923,0.304283
30.6,30.58,-0.623452,-0.616705,0.127594,0.130273,-0.562037,-0.557445
29.56,29.56,-0.696638,-0.695604,0.092936,0.091072,-0.481422,-0.481614
30.34,30.35,-0.717528,-0.716404,0.036622,0.036976,-0.492259,-0.491859
29.66,29.67,-0.686725,-0.689192,0.093472,0.092552,-0.48133,-0.481958
30.7,30.7,-0.690846,-0.690904,0.043151,0.042972,-0.487445,-0.487908
28.65,28.66,-0.07581,-0.076959,-0.728564,-0.7301,-0.532417,-0.531473
30.43,30.43,-0.622566,-0.622025,0.127995,0.129095,-0.55351,-0.554058
30.49,30.49,-0.706673,-0.705428,0.040622,0.040548,-0.489615,-0.489655
28.73,28.73,0.144638,0.145081,-0.662728,-0.664344,-0.544783,-0.545844
30.64,30.63,-0.705172,-0.705738,0.038134,0.038889,-0.48963,-0.489065
30.49,30.49,-0.721032,-0.720284,0.036074,0.035104,-0.48929,-0.48968
29.5,29.51,-0.706004,-0.706787,0.087439,0.087195,-0.483569,-0.483473
30.48,30.48,-0.706168,-0.705935,0.040132,0.040513,-0.490117,-0.489855
30.4,30.4,-0.622548,-0.622086,0.128012,0.128011,-0.555012,-0.553475
30.58,30.58,-0.707657,-0.707419,0.038119,0.037348,-0.489151,-0.488421
28.74,28.74,0.143655,0.143403,-0.664227,-0.664499,-0.544808,-0.545555
29.53,29.53,-0.70747,-0.709209,0.086952,0.086853,-0.48509,-0.483589
30.42,30.42,-0.706637,-0.705371,0.039655,0.041216,-0.49213,-0.490478
30.51,30.5,-0.688855,-0.689749,0.046175,0.045458,-0.489397,-0.48773
30.36,30.35,-0.68592,-0.686299,0.050158,0.049241,-0.487824,-0.489696
30.69,30.69,-0.707646,-0.707389,0.037128,0.038356,-0.489663,-0.489667
30.07,30.08,-0.702717,-0.702779,0.048148,0.04821,-0.492,-0.493893
28.65,28.65,-0.079258,-0.078967,-0.731563,-0.720738,-0.532982,-0.523721
28.88,28.89,0.310963,0.297693,-0.655854,-0.640295,-0.5658,-0.548368
30.19,30.2,-0.696122,-0.696298,0.091454,0.091496,-0.482436,-0.480218
30.22,30.22,-0.71346,-0.713016,0.085386,0.086569,-0.481153,-0.481902
30.54,30.54,-0.614118,-0.615013,0.132057,0.131063,-0.556896,-0.557827
30.49,30.49,-0.719073,-0.718758,0.037061,0.036202,-0.487759,-0.488808
30.28,30.28,-0.687371,-0.68702,0.050188,0.049648,-0.490841,-0.489753
30.13,30.13,-0.704024,-0.704671,0.086941,0.088151,-0.483057,-0.483434
30.31,30.31,-0.722761,-0.721622,0.071429,0.071618,-0.484898,-0.484465
30.22,30.22,-0.714586,-0.714587,0.042618,0.042367,-0.492165,-0.491172
30.43,30.43,-0.622575,-0.622309,0.129491,0.129369,-0.553493,-0.554488
30.51,30.51,-0.704165,-0.704782,0.038655,0.039042,-0.491118,-0.491149
24.82,24.93,-0.142289,-0.181809,0.935694,0.917664,0.007271,0.014091
29.68,29.68,-0.706022,-0.706333,0.087421,0.087381,-0.482067,-0.483402
30.6,30.59,-0.707639,-0.707325,0.037134,0.037614,-0.490164,-0.488933
30.57,30.55,-0.613569,-0.614886,0.129103,0.129562,-0.55993,-0.558719
28.53,28.52,0.139574,0.139088,-0.936167,-0.935637,-0.579479,-0.579748
29.18,29.18,0.39876,0.39922,-0.618366,-0.6185,-0.544076,-0.544364
28.76,28.76,0.141687,0.142717,-0.663718,-0.664403,-0.546322,-0.546316
29.88,29.87,-0.69465,-0.696049,0.090942,0.091287,-0.480926,-0.48099
30.45,30.45,-0.707667,-0.707393,0.036605,0.036823,-0.487665,-0.488707
29.86,29.87,-0.710502,-0.708695,0.087386,0.087751,-0.480603,-0.483003
30.36,30.36,-0.706514,-0.705171,0.087924,0.087658,-0.482566,-0.482437
30.63,30.63,-0.707158,-0.706735,0.038626,0.038639,-0.489641,-0.488922
28.62,28.62,-0.076812,-0.075747,-0.724566,-0.724538,-0.533382,-0.532842
30.42,30.42,-0.621568,-0.622414,0.129008,0.129242,-0.554491,-0.554311
30.21,30.21,-0.688851,-0.688033,0.048686,0.049125,-0.490871,-0.491405
30.24,30.22,-0.686739,-0.691317,0.094962,0.091909,-0.480812,-0.480626
29.63,29.65,-0.691194,-0.693686,0.092445,0.092032,-0.480378,-0.481612
30.4,30.39,-0.622572,-0.621984,0.127989,0.128556,-0.553009,-0.552727
30.7,30.7,-0.716535,-0.717037,0.03412,0.033445,-0.491277,-0.490913
30.42,30.41,-0.706658,-0.705524,0.041139,0.04073,-0.491111,-0.490746
30.48,30.49,-0.62306,-0.622778,0.125487,0.124946,-0.552541,-0.553075
30.39,30.39,-0.705552,-0.705189,0.088901,0.087038,-0.480543,-0.481868
30.39,30.39,-0.622568,-0.621775,0.129497,0.129084,-0.553993,-0.554266
30.66,30.65,-0.707693,-0.707184,0.039087,0.038243,-0.486636,-0.48893
29.65,29.66,-0.705992,-0.706039,0.087451,0.087523,-0.484571,-0.483133
30.52,30.52,-0.695299,-0.693875,0.042642,0.044614,-0.48799,-0.48769
28.44,28.44,0.136538,0.136386,-0.932729,-0.934694,-0.575961,-0.57896
30.16,30.17,-0.704176,-0.704158,0.045162,0.045462,-0.493048,-0.492243
30.14,30.15,-0.703671,-0.703408,0.045674,0.045992,-0.494039,-0.49214
30.52,30.52,-0.695791,-0.694558,0.043145,0.044894,-0.48849,-0.487954
30.42,30.42,-0.622071,-0.622482,0.127996,0.129344,-0.553505,-0.55412
30.49,30.49,-0.701222,-0.700039,0.041141,0.038962,-0.489561,-0.490493
29.16,29.16,0.399769,0.399417,-0.619348,-0.619269,-0.54508,-0.545944
29.51,29.53,-0.722327,-0.719996,0.083905,0.08382,-0.485254,-0.484478
30.57,30.57,-0.718563,-0.719019,0.035573,0.035546,-0.488273,-0.488227
29.13,29.13,0.41138,0.413353,-0.625116,-0.62563,-0.559571,-0.558898
30.09,30.09,-0.715841,-0.716239,0.082967,0.083431,-0.488213,-0.486633
30.51,30.5,-0.614068,-0.626944,0.1296,0.12943,-0.559929,-0.561976
30.55,30.55,-0.617583,-0.619731,0.130044,0.129703,-0.556448,-0.557863
28.62,28.62,-0.073469,-0.073151,-0.760793,-0.760429,-0.547788,-0.545958
30.66,30.67,-0.717539,-0.717942,0.034104,0.033359,-0.490284,-0.491037
30.45,30.45,-0.707176,-0.706469,0.038608,0.039877,-0.488139,-0.489742
30.4,30.4,-0.703692,-0.704608,0.041643,0.042252,-0.490579,-0.490926
30.69,30.69,-0.701684,-0.701394,0.037162,0.038479,-0.490612,-0.489724
29.65,29.64,-0.706524,-0.705814,0.087413,0.087923,-0.48157,-0.482696
30.7,30.71,-0.70766,-0.707426,0.037614,0.037441,-0.488656,-0.489091
30.64,30.66,-0.606272,-0.618215,0.12799,0.126089,-0.547858,-0.551695
30.36,30.36,-0.622566,-0.622292,0.128998,0.128369,-0.553999,-0.553829
29.86,29.85,-0.706475,-0.705535,0.087461,0.087925,-0.485576,-0.483224
30.36,30.36,-0.685924,-0.68661,0.04865,0.049056,-0.486839,-0.489791
28.62,28.62,-0.080058,-0.079946,-0.713814,-0.712678,-0.515758,-0.514356
30.58,30.58,-0.718565,-0.717826,0.036072,0.035584,-0.488267,-0.488096
30.49,30.49,-0.707691,-0.707487,0.036581,0.036727,-0.485662,-0.488238
30.48,30.48,-0.706658,-0.705255,0.040136,0.039811,-0.490622,-0.489266
30.52,30.52,-0.694322,-0.693338,0.043132,0.044286,-0.486975,-0.487659
30.51,30.51,-0.697769,-0.696894,0.04214,0.044403,-0.488518,-0.4881
30.05,30.06,-0.70318,-0.702923,0.047677,0.047177,-0.494513,-0.492664
30.3,30.3,-0.697309,-0.697525,0.047621,0.046826,-0.487951,-0.489485
23.82,23.82,2.139581,2.126682,1.710719,1.697433,-0.129419,-0.129106
30.66,30.65,-0.706193,-0.706674,0.039104,0.038239,-0.487624,-0.48845
30.51,30.51,-0.705679,-0.705854,0.040127,0.040606,-0.489612,-0.491301
30.58,30.58,-0.707179,-0.707342,0.038103,0.037407,-0.487644,-0.489091
30.6,30.6,-0.705677,-0.707164,0.037622,0.036604,-0.488638,-0.488267
30.46,30.46,-0.707653,-0.705973,0.039627,0.040305,-0.490135,-0.489918
30.66,30.65,-0.706674,-0.706474,0.038616,0.038968,-0.488636,-0.489306
30.36,30.36,-0.718542,-0.719759,0.039604,0.037867,-0.491733,-0.490767
29.59,29.59,-0.709428,-0.7085,0.084464,0.086083,-0.486137,-0.484422
30.68,30.68,-0.636973,-0.623179,0.124402,0.125768,-0.549668,-0.551452
30.46,30.45,-0.621072,-0.621346,0.130013,0.129885,-0.554976,-0.554815
29.68,29.68,-0.719339,-0.719543,0.082426,0.082419,-0.485745,-0.485687
29.07,29.07,0.409846,0.410066,-0.623163,-0.622894,-0.556556,-0.554793
30.4,30.41,-0.70667,-0.705621,0.041127,0.041033,-0.49011,-0.490653
29.09,29.09,0.411348,0.41129,-0.628156,-0.627438,-0.555598,-0.555215
29.95,29.95,-0.696645,-0.697125,0.090923,0.090431,-0.479942,-0.481064
30.54,30.54,-0.705689,-0.706831,0.038613,0.037479,-0.488126,-0.487909
30.69,30.69,-0.719047,-0.719577,0.03458,0.034919,-0.488789,-0.487738
30.7,30.71,-0.690846,-0.690807,0.043151,0.04316,-0.487445,-0.488577
28.3,28.29,0.140071,0.142452,-0.933155,-0.933575,-0.580944,-0.57926
30.4,30.42,-0.622565,-0.622631,0.131005,0.129137,-0.554978,-0.554424
30.49,30.49,-0.704693,-0.705641,0.041128,0.040772,-0.489592,-0.489714
30.04,30.03,-0.707023,-0.70646,0.086906,0.087451,-0.48108,-0.484359
29.23,29.22,0.402258,0.402591,-0.618828,-0.618605,-0.546055,-0.54668
30.48,30.48,-0.690364,-0.690702,0.045647,0.044671,-0.487413,-0.488919
30.46,30.45,-0.608208,-0.623866,0.131539,0.128279,-0.553345,-0.5552
30.42,30.42,-0.706189,-0.705303,0.041616,0.041156,-0.489099,-0.489557
30.46,30.46,-0.705685,-0.7063,0.040121,0.039782,-0.489111,-0.489726
30.68,30.66,-0.707672,-0.706947,0.038606,0.037893,-0.488143,-0.488726
30.66,30.65,-0.708164,-0.707141,0.039109,0.038237,-0.488643,-0.489265
30.46,30.46,-0.639864,-0.676329,0.060809,0.048852,-0.487804,-0.488597
30.58,30.58,-0.706671,-0.706877,0.038117,0.037628,-0.488642,-0.488649
30.31,30.32,-0.701091,-0.701254,0.087914,0.087839,-0.480015,-0.480884
29.8,29.79,-0.706002,-0.706028,0.085937,0.087495,-0.483085,-0.483258
30.37,30.37,-0.689849,-0.691383,0.04667,0.046521,-0.4894,-0.490838
28.48,28.5,0.146549,0.144378,-0.938112,-0.937102,-0.581445,-0.581096
28.89,28.9,0.465956,0.351938,-0.661951,-0.610131,-0.464347,-0.57015
30.55,30.54,-0.618572,-0.618825,0.130545,0.130157,-0.556952,-0.556738
30.49,30.49,-0.709136,-0.707822,0.036618,0.036794,-0.489181,-0.488471
29.98,29.95,-0.705515,-0.705928,0.086431,0.087631,-0.482574,-0.483366
30.05,30.05,-0.703213,-0.702582,0.049149,0.048029,-0.492493,-0.494123
30.1,30.1,-0.702712,-0.702534,0.04715,0.047045,-0.492011,-0.492291
28.67,28.67,-0.072064,-0.071894,-0.757861,-0.758806,-0.542233,-0.542763
30.24,30.24,-0.698206,-0.694731,0.044703,0.047144,-0.494504,-0.491811
23.67,23.65,3.849766,5.074938,2.230747,2.589846,-0.48283,-1.582539
29.59,29.59,-0.706977,-0.706853,0.087453,0.087269,-0.48508,-0.483789
30.43,30.45,-0.606747,-0.609838,0.13202,0.131428,-0.551323,-0.552944
30.45,30.46,-0.63787,-0.626943,0.125996,0.128059,-0.558173,-0.556106
30.68,30.68,-0.689866,-0.691105,0.044147,0.043194,-0.486925,-0.487762
30.61,30.61,-0.708655,-0.7077,0.03811,0.037038,-0.488659,-0.488452
30.72,30.72,-0.709129,-0.707586,0.037627,0.03609,-0.490171,-0.491257
30.48,30.48,-0.707696,-0.706723,0.038582,0.037198,-0.48614,-0.486879
29.75,29.76,-0.706481,-0.706118,0.087455,0.087689,-0.485076,-0.483667
28.55,28.54,-0.207016,-0.206539,0.650655,0.648259,-0.581546,-0.58259
29.75,29.75,-0.706007,-0.706204,0.086934,0.087421,-0.483074,-0.484242
30.39,30.39,-0.636911,-0.627741,0.126468,0.128362,-0.555655,-0.554672
30.48,30.47,-0.706195,-0.706032,0.040606,0.040425,-0.488108,-0.490864
30.7,30.7,-0.709633,-0.710483,0.035612,0.034913,-0.488696,-0.491806
30.13,30.13,-0.70601,-0.706384,0.087433,0.087083,-0.483068,-0.484393
30.37,30.37,-0.715544,-0.716105,0.037633,0.036903,-0.492731,-0.493205
29.04,29.04,0.393091,0.392576,-0.60456,-0.604753,-0.532449,-0.531945
30.19,30.19,-0.703705,-0.703527,0.04514,0.045245,-0.49104,-0.491413
30.69,30.69,-0.694756,-0.688889,0.040685,0.043593,-0.491013,-0.48872
28.76,28.75,0.145665,0.144975,-0.664695,-0.664939,-0.5468,-0.545797
28.76,28.79,-0.259041,-0.258294,-0.480349,-0.479756,-0.660424,-0.66015
30.64,30.63,-0.692811,-0.692826,0.043162,0.04268,-0.488965,-0.489581
30.37,30.38,-0.613125,-0.618073,0.128552,0.130139,-0.555425,-0.552885
28.52,28.52,0.148047,0.147444,-0.940101,-0.938423,-0.581454,-0.581054
30.36,30.37,-0.697574,-0.698025,0.085968,0.086679,-0.483011,-0.482481
30.52,30.52,-0.632374,-0.63174,0.127062,0.128653,-0.56212,-0.561931
29.57,29.56,-0.705036,-0.705557,0.088422,0.087752,-0.482047,-0.483767
30.12,30.12,-0.702208,-0.702888,0.046659,0.046791,-0.492513,-0.492913
29.06,29.07,0.38361,0.382688,-0.602149,-0.600336,-0.528497,-0.526892
30.45,30.44,-0.603724,-0.624613,0.132078,0.128714,-0.555303,-0.556349
29.54,29.54,-0.697135,-0.699486,0.091931,0.090165,-0.480937,-0.481278
30.21,30.22,-0.72432,-0.723618,0.082383,0.081717,-0.483785,-0.483772
30.34,30.34,-0.715051,-0.715015,0.038133,0.038446,-0.492721,-0.492552
28.73,28.72,0.141703,0.142555,-0.663202,-0.662767,-0.547819,-0.545137
30.46,30.45,-0.615663,-0.618362,0.13049,0.129434,-0.551418,-0.554499
30.69,30.68,-0.719021,-0.71886,0.032098,0.032662,-0.489819,-0.491098
30.69,30.69,-0.718554,-0.718799,0.034077,0.034727,-0.48829,-0.487638
30.39,30.39,-0.706626,-0.706683,0.038664,0.040917,-0.492642,-0.492617
30.7,30.7,-0.714557,-0.714399,0.035125,0.034784,-0.491248,-0.49104
30.51,30.51,-0.705679,-0.705735,0.039124,0.03974,-0.489122,-0.489306
30.7,30.7,-0.69328,-0.693522,0.041682,0.041602,-0.490488,-0.489735
30.28,30.28,-0.685897,-0.687915,0.049178,0.048985,-0.489337,-0.489237
28.43,28.42,0.135599,0.136055,-0.934686,-0.933525,-0.579497,-0.578373
30.09,30.08,-0.703222,-0.703414,0.048639,0.046894,-0.491498,-0.49205
30.45,30.45,-0.611191,-0.624621,0.133024,0.128717,-0.553354,-0.556164
30.07,30.07,-0.706007,-0.705957,0.087938,0.087371,-0.483563,-0.483334
30.37,30.35,-0.707968,-0.709931,0.083941,0.084079,-0.483626,-0.482935
30.43,30.43,-0.621583,-0.621545,0.128491,0.129112,-0.552994,-0.55443
30.37,30.38,-0.70716,-0.70607,0.040128,0.040452,-0.490125,-0.490183
29.74,29.74,-0.70598,-0.705494,0.087463,0.088027,-0.485572,-0.483373
29.54,29.54,-0.706025,-0.70639,0.087919,0.087523,-0.482061,-0.482835
30.36,30.36,-0.714559,-0.716308,0.03763,0.037645,-0.492221,-0.491891
30.46,30.46,-0.706196,-0.70628,0.039603,0.039657,-0.487619,-0.489668
30.31,30.31,-0.689831,-0.689321,0.047691,0.047717,-0.491392,-0.490465
29.5,29.49,-0.706028,-0.706509,0.087415,0.087623,-0.481566,-0.483321
29.62,29.62,-0.706007,-0.706175,0.087938,0.087851,-0.483563,-0.483911
29.46,29.47,-0.705045,-0.70615,0.088915,0.087913,-0.48154,-0.482774
30.7,30.7,-0.707652,-0.707182,0.037122,0.038035,-0.489162,-0.489017
30.48,30.48,-0.621539,-0.620982,0.128034,0.129216,-0.556505,-0.555511
30.69,30.69,-0.689866,-0.688712,0.044147,0.044585,-0.486925,-0.488202
30.37,30.37,-0.622545,-0.62312,0.128517,0.129222,-0.555507,-0.554622
30.37,30.37,-0.705645,-0.705015,0.040662,0.042255,-0.492611,-0.490919
30.48,30.48,-0.705657,-0.706045,0.04065,0.041105,-0.491609,-0.489719
29.2,29.2,0.399787,0.400531,-0.620333,-0.619803,-0.546093,-0.545535
29.2,29.2,0.410347,0.408951,-0.623155,-0.623103,-0.557053,-0.554345
28.85,28.76,0.104244,-0.043644,-0.522796,-0.488095,-0.832555,-0.775931
28.71,28.71,-0.341079,-0.34547,0.495611,0.478645,-0.211813,-0.250781
30.49,30.5,-0.697241,-0.698523,0.040669,0.041159,-0.490534,-0.490154
30.51,30.51,-0.617571,-0.61922,0.130056,0.129906,-0.55745,-0.556344
28.56,28.56,-0.297179,-0.302265,-0.586251,-0.589136,-0.617376,-0.613366
30.28,30.28,-0.690392,-0.689681,0.04963,0.048932,-0.486867,-0.489553
29.84,29.84,-0.705984,-0.705692,0.085955,0.08749,-0.484587,-0.484402
25.3,25.22,-2.495607,-1.783317,-4.489136,-5.012328,2.230923,2.59976
30.34,30.34,-0.714936,-0.716315,0.084389,0.084058,-0.481678,-0.481914
29.56,29.58,-0.706026,-0.705894,0.085913,0.087661,-0.481082,-0.483741
30.48,30.48,-0.706172,-0.706333,0.038624,0.037819,-0.489132,-0.488622
30.61,30.61,-0.70616,-0.706314,0.038635,0.039462,-0.490134,-0.489259
30.42,30.41,-0.623557,-0.622472,0.128994,0.129264,-0.554008,-0.554511
30.48,30.49,-0.61859,-0.619022,0.129523,0.129842,-0.55496,-0.556673
28.5,28.48,0.141694,0.1422,-0.662709,-0.664416,-0.547312,-0.547017
28.59,28.59,-0.077093,-0.076884,-0.71632,-0.718014,-0.513757,-0.515577
30.51,30.51,-0.707646,-0.707405,0.036124,0.036961,-0.489173,-0.488556
30.33,30.33,-0.724795,-0.724243,0.072876,0.072548,-0.481393,-0.482173
29.51,29.51,-0.705986,-0.70694,0.087457,0.087837,-0.485071,-0.483833
24.1,24.1,-0.445439,-0.44495,0.116254,0.116626,-0.557614,-0.556388
30.54,30.54,-0.706668,-0.707044,0.038622,0.037563,-0.489136,-0.48793
30.49,30.49,-0.618092,-0.619607,0.129026,0.128992,-0.554962,-0.556302
30.43,30.43,-0.707639,-0.706443,0.03914,0.039436,-0.491143,-0.490458
30.24,30.25,-0.700073,-0.702911,0.08644,0.087239,-0.481525,-0.483359
29.71,29.71,-0.69959,-0.70003,0.090942,0.090696,-0.482472,-0.481657
30.73,30.72,-0.691823,-0.691142,0.041657,0.042414,-0.487971,-0.488047
22.66,22.66,-0.457072,-0.456061,0.084382,0.084266,-0.565589,-0.564324
28.64,28.63,-0.078014,-0.077977,-0.723775,-0.722444,-0.516354,-0.516679
30.48,30.48,-0.619591,-0.620895,0.130012,0.129485,-0.554463,-0.555031
29.18,29.18,0.39825,0.399165,-0.617881,-0.618221,-0.543074,-0.544803
30.69,30.69,-0.717524,-0.717333,0.033617,0.033169,-0.491291,-0.490443
30.39,30.39,-0.705675,-0.705771,0.040632,0.041708,-0.490107,-0.490837
30.48,30.46,-0.626977,-0.620689,0.127527,0.129112,-0.55756,-0.555454
29.5,29.5,-0.706494,-0.706651,0.087443,0.087193,-0.484074,-0.483653
29.81,29.81,-0.707013,-0.706389,0.08842,0.08752,-0.482565,-0.483351
28.76,28.76,0.142679,0.142873,-0.663715,-0.664771,-0.546314,-0.545477
30.69,30.69,-0.688853,-0.688096,0.043669,0.044789,-0.488424,-0.487949
30.7,30.7,-0.707185,-0.706866,0.038097,0.037809,-0.487144,-0.488386
25.27,25.22,-0.90009,-1.055291,0.566655,0.453968,0.386692,0.463402
30.42,30.41,-0.622105,-0.622117,0.130971,0.129022,-0.551969,-0.554651
22.78,22.75,-0.459099,-0.458522,0.087842,0.088176,-0.563564,-0.564667
30.51,30.51,-0.623544,-0.623136,0.125497,0.125196,-0.553546,-0.551934
30.39,30.4,-0.622063,-0.622397,0.130009,0.129084,-0.554985,-0.554483
29.54,29.54,-0.705048,-0.706046,0.08841,0.088129,-0.481045,-0.483281
30.43,30.43,-0.621075,-0.622517,0.129508,0.129253,-0.554481,-0.554066
30.37,30.38,-0.702024,-0.702503,0.085963,0.085336,-0.484052,-0.484684
30.48,30.47,-0.620597,-0.621494,0.129492,0.129579,-0.552974,-0.55471
30.52,30.52,-0.706149,-0.707283,0.036641,0.0367,-0.490156,-0.487511
28.5,28.48,-0.317059,-0.32737,0.319248,0.355583,-0.724998,-0.704727
29.51,29.5,-0.706485,-0.706534,0.08695,0.087342,-0.484581,-0.48354
30.37,30.37,-0.693273,-0.694134,0.044698,0.044792,-0.492457,-0.491412
30.34,30.33,-0.710969,-0.710411,0.084404,0.084755,-0.481643,-0.482436
28.43,28.42,0.137565,0.135946,-0.933693,-0.933351,-0.578467,-0.578417
30.46,30.45,-0.624581,-0.622556,0.130463,0.129534,-0.551996,-0.554644
30.48,30.48,-0.621069,-0.620061,0.129514,0.128923,-0.554982,-0.555701
28.24,28.3,0.216197,0.218182,0.549256,0.550444,-0.558482,-0.558311
30.46,30.48,-0.706178,-0.706384,0.038618,0.040675,-0.488631,-0.490162
29.92,29.93,-0.699529,-0.700794,0.086489,0.087011,-0.485527,-0.48448
30.49,30.48,-0.704684,-0.705254,0.040636,0.039972,-0.490098,-0.489439
30.57,30.55,-0.620075,-0.619623,0.129019,0.129598,-0.554979,-0.557348
29.16,29.19,0.399775,0.400169,-0.619342,-0.619905,-0.545581,-0.54592
30.57,30.57,-0.688856,-0.688504,0.044168,0.045278,-0.488418,-0.488933
30.48,30.46,-0.602262,-0.625825,0.131057,0.128261,-0.552797,-0.555989
30.49,30.48,-0.687858,-0.688343,0.045181,0.045536,-0.489399,-0.488363
30.4,30.4,-0.705194,-0.705688,0.041121,0.041121,-0.489095,-0.489676
30.36,30.36,-0.705662,-0.705822,0.042651,0.041215,-0.492087,-0.490988
30.7,30.7,-0.690843,-0.690371,0.043656,0.043392,-0.48794,-0.48866
30.66,30.67,-0.620118,-0.62026,0.126971,0.12649,-0.550495,-0.551288
30.68,30.69,-0.687916,-0.68961,0.044623,0.04404,-0.484398,-0.487525
30.57,30.57,-0.708659,-0.707479,0.036602,0.037577,-0.487674,-0.48923
29.54,29.55,-0.71938,-0.716079,0.084391,0.086152,-0.483219,-0.483882
30.45,30.47,-0.637401,-0.628515,0.126472,0.129041,-0.55616,-0.556164
30.57,30.57,-0.688862,-0.688564,0.045166,0.045001,-0.488407,-0.488742
30.61,30.61,-0.7047,-0.706067,0.039116,0.038946,-0.488112,-0.488111
29.56,29.55,-0.706012,-0.706168,0.088935,0.087072,-0.483552,-0.482999
30.7,30.7,-0.69037,-0.690907,0.044637,0.044022,-0.486422,-0.486875
29.5,29.5,-0.705486,-0.705522,0.084455,0.084739,-0.484099,-0.483315
30.43,30.44,-0.635389,-0.627939,0.125507,0.127474,-0.558157,-0.555896
30.13,30.13,-0.703211,-0.703348,0.046644,0.046349,-0.49152,-0.492376
30.72,30.72,-0.707167,-0.706741,0.039118,0.03779,-0.489135,-0.487223
30.13,30.14,-0.704003,-0.705611,0.087464,0.087923,-0.485054,-0.483891
26.99,26.98,-0.296217,0.410193,-0.64485,-0.368328,-0.302979,-1.032862
30.58,30.58,-0.70668,-0.707255,0.03861,0.037068,-0.488135,-0.488739
29.21,29.21,0.400782,0.401316,-0.618821,-0.617863,-0.547069,-0.546538
30.09,30.09,-0.700731,-0.701393,0.04866,0.048428,-0.492477,-0.493362
30.36,30.35,-0.62256,-0.622763,0.129004,0.129389,-0.5545,-0.553856
30.61,30.61,-0.698729,-0.699556,0.040664,0.040321,-0.490547,-0.490904
28.64,28.64,-0.076802,-0.076547,-0.738595,-0.740288,-0.528031,-0.529025
29.2,29.2,0.400773,0.400229,-0.618329,-0.618911,-0.546563,-0.545597
29.57,29.57,-0.707464,-0.706092,0.086958,0.087841,-0.485591,-0.483024
30.46,30.46,-0.707646,-0.706921,0.037128,0.037212,-0.489663,-0.488103
30.34,30.34,-0.706992,-0.70598,0.08794,0.087202,-0.484073,-0.48255
30.6,30.6,-0.706203,-0.705849,0.03759,0.037453,-0.486139,-0.487916
30.22,30.22,-0.691661,-0.690547,0.090467,0.091272,-0.481907,-0.481318
30.48,30.48,-0.708162,-0.70712,0.037606,0.037958,-0.488159,-0.487991
30.6,30.6,-0.698799,-0.700283,0.043602,0.042657,-0.486006,-0.487498
30.49,30.49,-0.70518,-0.705732,0.03963,0.040109,-0.489613,-0.488506
30.7,30.71,-0.705682,-0.706569,0.039623,0.03788,-0.489117,-0.488839
30.43,30.45,-0.633408,-0.633296,0.126013,0.127506,-0.558134,-0.557836
30.46,30.46,-0.705176,-0.706183,0.041138,0.040016,-0.490598,-0.490499
29.93,29.94,-0.706995,-0.706043,0.087435,0.087228,-0.483578,-0.484699
28.71,28.71,0.141685,0.142346,-0.66322,-0.663912,-0.546317,-0.545327
25.66,25.66,-1.747319,-1.740978,-1.411063,-1.380181,0.955481,0.937173
28.91,28.9,0.306406,0.298597,-0.649447,-0.640476,-0.560758,-0.550471
30.43,30.43,-0.705199,-0.705566,0.043121,0.041736,-0.489574,-0.489813
29.15,29.16,0.398777,0.39915,-0.620355,-0.620247,-0.5446,-0.546368
30.37,30.37,-0.725438,-0.724317,0.034609,0.035421,-0.493352,-0.492912
30.51,30.51,-0.707654,-0.7065,0.03762,0.036912,-0.489156,-0.488363
28.89,28.89,0.332479,0.331608,-0.686653,-0.683445,-0.527394,-0.526078
30.1,30.09,-0.703186,-0.702016,0.048674,0.048644,-0.494502,-0.494051
29.2,29.2,0.399271,0.399602,-0.618851,-0.618941,-0.545079,-0.544937
28.61,28.61,-0.07384,-0.073263,-0.725059,-0.723901,-0.532861,-0.532753
30.42,30.42,-0.705688,-0.706041,0.039617,0.040883,-0.488616,-0.489937
30.33,30.32,-0.690835,-0.692115,0.046672,0.046073,-0.48991,-0.491155
30.66,30.68,-0.716502,-0.715317,0.033651,0.033752,-0.493786,-0.490965
29.83,29.83,-0.718848,-0.720113,0.083425,0.084448,-0.48573,-0.485343
30.45,30.45,-0.618124,-0.621427,0.131502,0.129296,-0.553431,-0.554807
30.7,30.7,-0.623123,-0.62795,0.127933,0.125137,-0.548506,-0.552762
30.22,30.23,-0.723972,-0.721871,0.038605,0.038562,-0.493294,-0.491979
28.52,28.51,-0.13674,-0.128481,0.680377,0.68004,-0.583604,-0.584067
30.12,30.12,-0.718365,-0.719267,0.083415,0.083547,-0.484724,-0.483523
30.46,30.48,-0.619576,-0.620601,0.129526,0.129779,-0.55547,-0.556112
29.51,29.53,-0.721355,-0.719621,0.082887,0.083965,-0.483253,-0.484393
28.12,28.1,0.189754,0.192679,0.628227,0.60194,-0.538784,-0.511253
29.13,29.13,0.420429,0.420555,-0.63248,-0.632828,-0.566588,-0.5662
30.34,30.35,-0.686914,-0.688472,0.050653,0.049052,-0.487827,-0.487533
30.64,30.64,-0.705674,-0.706353,0.038126,0.038225,-0.489134,-0.488773
30.72,30.71,-0.713064,-0.712721,0.035137,0.034762,-0.491736,-0.491226
30.49,30.5,-0.619585,-0.620097,0.130018,0.129522,-0.554964,-0.556591
28.73,28.72,-0.253535,-0.254003,-0.466738,-0.469064,-0.67074,-0.669944
30.64,30.62,-0.691344,-0.691619,0.044652,0.043309,-0.487933,-0.489178
24.28,24.29,0.880708,0.894498,1.273227,1.268197,0.098117,0.08387
30.7,30.69,-0.706111,-0.705779,0.035175,0.03667,-0.492677,-0.490874
30.57,30.56,-0.617063,-0.617527,0.130069,0.130326,-0.558447,-0.557952
30.54,30.53,-0.620053,-0.619872,0.130545,0.129446,-0.557466,-0.556395
30.4,30.41,-0.705049,-0.705787,0.087407,0.087298,-0.480556,-0.482141
30.37,30.38,-0.624042,-0.622423,0.128001,0.127568,-0.554524,-0.554094
30.12,30.12,-0.70699,-0.706583,0.086438,0.087387,-0.483589,-0.483204
30.72,30.72,-0.690336,-0.690658,0.041663,0.042866,-0.487958,-0.488113
28.64,28.64,-0.079556,-0.080082,-0.71481,-0.714648,-0.515765,-0.517425
30.52,30.51,-0.701215,-0.700567,0.038642,0.039574,-0.489089,-0.491752
28.56,28.52,-0.326926,-0.350832,-0.330647,-0.335803,-0.729941,-0.687042
30.61,30.61,-0.706163,-0.70638,0.039134,0.03935,-0.490128,-0.489522
28.79,28.79,0.142662,0.142447,-0.666238,-0.663694,-0.543838,-0.544768
30.43,30.43,-0.705691,-0.706169,0.040115,0.040496,-0.48861,-0.490999
29.02,29.02,0.645566,0.647429,-0.475097,-0.475358,-0.474194,-0.474747
30.55,30.55,-0.707164,-0.707523,0.03862,0.037844,-0.489141,-0.487815
30.45,30.45,-0.621043,-0.620114,0.128036,0.129059,-0.556501,-0.555835
28.5,28.52,0.251562,0.148763,-0.617377,-0.606062,-0.590924,-0.560173
29.0,29.0,0.682635,0.682082,-0.489124,-0.487915,-0.499075,-0.497744
28.44,28.45,-0.078518,-0.129981,-0.569405,-0.560467,-0.747017,-0.714991
30.61,30.62,-0.705693,-0.706488,0.037105,0.037987,-0.487142,-0.487329
30.21,30.22,-0.707453,-0.71104,0.084964,0.085274,-0.485613,-0.483953
30.6,30.6,-0.721024,-0.721411,0.034578,0.034872,-0.489307,-0.489377
28.94,28.94,0.286632,0.291587,-0.624883,-0.632647,-0.535608,-0.540897
30.46,30.48,-0.620568,-0.62095,0.128518,0.129279,-0.554989,-0.555329
30.4,30.4,-0.603763,-0.623406,0.132541,0.129278,-0.552293,-0.553532
28.43,28.43,-0.660249,-0.655633,-0.422663,-0.427607,-0.229996,-0.23761
30.63,30.63,-0.707654,-0.706956,0.038624,0.038971,-0.489646,-0.488444
30.7,30.7,-0.706194,-0.706696,0.037098,0.037907,-0.486645,-0.488148
28.61,28.62,-0.076813,-0.077332,-0.7366,-0.737614,-0.528009,-0.528896
29.59,29.6,-0.705,-0.706198,0.087455,0.087562,-0.484562,-0.483123
30.55,30.55,-0.705674,-0.706801,0.037123,0.037419,-0.488644,-0.487899
29.83,29.84,-0.704998,-0.705966,0.086956,0.087989,-0.484567,-0.483272
29.04,29.04,0.424909,0.424235,-0.633448,-0.633721,-0.567561,-0.565872
30.52,30.52,-0.718999,-0.717445,0.034627,0.034605,-0.492795,-0.492136
30.7,30.7,-0.61668,-0.623614,0.129459,0.126114,-0.548934,-0.552187
30.36,30.37,-0.686888,-0.68666,0.049175,0.04879,-0.489346,-0.489203
29.69,29.67,-0.720861,-0.720622,0.084391,0.083159,-0.483733,-0.484105
30.52,30.52,-0.634876,-0.624881,0.129035,0.129324,-0.561118,-0.559921
30.61,30.61,-0.70616,-0.70657,0.038635,0.039744,-0.490134,-0.488712
30.69,30.7,-0.706182,-0.706657,0.03711,0.037695,-0.487647,-0.489237
28.61,28.61,-0.078629,-0.079183,-0.710858,-0.711712,-0.512206,-0.513127
30.64,30.64,-0.606726,-0.621802,0.127027,0.125847,-0.550879,-0.551764
30.7,30.7,-0.692324,-0.691105,0.043656,0.043295,-0.488454,-0.488257
30.72,30.72,-0.707167,-0.706338,0.038115,0.038115,-0.488646,-0.487542
30.54,30.53,-0.707182,-0.707646,0.037598,0.036692,-0.487149,-0.488245
29.63,29.64,-0.705526,-0.705765,0.087423,0.08734,-0.482063,-0.483162
30.19,30.19,-0.702211,-0.703383,0.045151,0.046083,-0.491528,-0.491798
30.4,30.39,-0.603268,-0.624316,0.13154,0.129819,-0.551799,-0.553564
28.15,28.14,0.223125,0.221142,0.552779,0.551308,-0.558883,-0.557424
29.88,29.87,-0.716875,-0.716151,0.081918,0.084068,-0.484227,-0.485223
28.44,28.44,-0.051114,-0.091479,-0.661413,-0.660207,-0.676697,-0.653587
29.18,29.18,0.401786,0.402381,-0.618806,-0.618713,-0.548062,-0.546869
30.14,30.15,-0.704183,-0.7037,0.045156,0.046332,-0.492547,-0.491918
29.23,29.23,0.400758,0.400661,-0.619848,-0.619296,-0.544577,-0.546239
28.73,28.73,-0.253011,-0.253052,-0.466208,-0.467282,-0.673234,-0.671829
30.72,30.72,-0.708129,-0.707241,0.038141,0.038005,-0.491158,-0.488632
29.53,29.53,-0.724324,-0.722365,0.080875,0.081791,-0.482801,-0.485343
30.33,30.32,-0.726253,-0.724946,0.071897,0.072426,-0.48342,-0.482236
24.13,24.13,-0.449937,-0.449116,0.117205,0.117084,-0.555138,-0.558127
30.18,30.17,-0.704684,-0.70384,0.046152,0.045344,-0.49254,-0.491435
30.4,30.42,-0.622568,-0.622106,0.129497,0.129384,-0.553993,-0.554071
30.49,30.5,-0.619596,-0.620243,0.130006,0.130081,-0.553962,-0.555444
30.66,30.66,-0.607251,-0.612233,0.129002,0.1277,-0.549358,-0.550117
25.09,25.09,-0.902838,-0.899972,0.781481,0.784857,0.314471,0.31506
30.7,30.7,-0.707652,-0.70726,0.037122,0.038397,-0.489162,-0.488903
30.13,30.12,-0.706965,-0.705643,0.087465,0.087584,-0.486081,-0.483519
30.49,30.49,-0.70617,-0.706622,0.037122,0.036984,-0.488648,-0.487286
30.4,30.41,-0.704684,-0.704663,0.040636,0.04196,-0.490098,-0.49114
30.43,30.45,-0.613628,-0.621689,0.13105,0.129076,-0.555902,-0.555638
29.56,29.56,-0.709933,-0.710224,0.084954,0.085225,-0.485635,-0.484603
30.61,30.61,-0.705685,-0.706225,0.040121,0.039607,-0.489111,-0.489683
28.48,28.48,0.146543,0.147505,-0.939121,-0.938807,-0.580454,-0.581454
30.69,30.69,-0.706666,-0.706781,0.03712,0.038141,-0.488653,-0.488647
29.02,29.02,0.412277,0.411544,-0.622198,-0.621944,-0.553018,-0.55198
30.64,30.65,-0.708156,-0.707572,0.037612,0.038266,-0.48866,-0.489304
30.52,30.53,-0.618563,-0.618336,0.129049,0.129891,-0.556969,-0.557268
29.79,29.8,-0.707014,-0.70676,0.087417,0.088045,-0.482075,-0.483624
30.39,30.4,-0.629,-0.624001,0.126979,0.127952,-0.554078,-0.554615
30.37,30.38,-0.709414,-0.709148,0.082973,0.083234,-0.486655,-0.485392
30.27,30.27,-0.706022,-0.70499,0.088424,0.08729,-0.482556,-0.48248
30.24,30.22,-0.717848,-0.71419,0.082936,0.085141,-0.486227,-0.483826
28.98,28.98,0.66207,0.661177,-0.478906,-0.4792,-0.484111,-0.484037
30.22,30.23,-0.723476,-0.719805,0.038606,0.039872,-0.49329,-0.492818
30.61,30.61,-0.707683,-0.706906,0.039597,0.03846,-0.487632,-0.489491
30.12,30.13,-0.705508,-0.706211,0.087441,0.087394,-0.483565,-0.484037
30.09,30.09,-0.702227,-0.702621,0.05015,0.048973,-0.492474,-0.493813
29.13,29.13,0.39879,0.399295,-0.618336,-0.619227,-0.54658,-0.545269
30.39,30.39,-0.705663,-0.705943,0.040644,0.041263,-0.491108,-0.490844
30.4,30.39,-0.615651,-0.626311,0.130502,0.12839,-0.552419,-0.554449
30.64,30.63,-0.70666,-0.707232,0.038129,0.038982,-0.489643,-0.489398
30.43,30.44,-0.603751,-0.610696,0.132553,0.130854,-0.553295,-0.553119
30.52,30.51,-0.618567,-0.619356,0.128544,0.129683,-0.556474,-0.556463
30.57,30.57,-0.618079,-0.618853,0.130042,0.129502,-0.556453,-0.556981
30.43,30.44,-0.621064,-0.622507,0.127513,0.128792,-0.554504,-0.554682
30.45,30.45,-0.706174,-0.706059,0.041129,0.040779,-0.490106,-0.49085
30.68,30.68,-0.706657,-0.707334,0.03763,0.038467,-0.489648,-0.489735
28.35,28.38,0.142026,0.14204,-0.935683,-0.934129,-0.577449,-0.578117
29.04,29.04,0.393103,0.393469,-0.605551,-0.604863,-0.532961,-0.531152
30.48,30.49,-0.614067,-0.613427,0.131607,0.13223,-0.560908,-0.561156
30.28,30.28,-0.693292,-0.690239,0.047186,0.048275,-0.491929,-0.490678
30.72,30.71,-0.707678,-0.707129,0.037596,0.037873,-0.487153,-0.488813
30.34,30.34,-0.720018,-0.720474,0.037604,0.037688,-0.491768,-0.490614
30.46,30.47,-0.706687,-0.706915,0.0376,0.037152,-0.487145,-0.488134
30.46,30.45,-0.633945,-0.611782,0.127976,0.130483,-0.555612,-0.554164
30.31,30.32,-0.706523,-0.705126,0.088416,0.086776,-0.48206,-0.482477
30.48,30.48,-0.706172,-0.705205,0.038624,0.040282,-0.489132,-0.490292
30.61,30.61,-0.707143,-0.707508,0.038139,0.038616,-0.490649,-0.48981
28.97,28.97,0.632531,0.633799,-0.470777,-0.469274,-0.464241,-0.465244
29.66,29.66,-0.725768,-0.723391,0.082918,0.083015,-0.487298,-0.485463
30.07,30.08,-0.704017,-0.705312,0.087951,0.087921,-0.484047,-0.484018
28.43,28.44,0.215678,0.215374,0.551237,0.551229,-0.557462,-0.558131
30.34,30.34,-0.725333,-0.725485,0.081857,0.080755,-0.481797,-0.482331
30.31,30.31,-0.701563,-0.701111,0.086933,0.087874,-0.481533,-0.480807
30.37,30.37,-0.705665,-0.705069,0.042146,0.0418,-0.491592,-0.489948
30.46,30.46,-0.706184,-0.705456,0.039615,0.040439,-0.48862,-0.489276
30.63,30.64,-0.707156,-0.707578,0.03612,0.037286,-0.488668,-0.488729
30.48,30.48,-0.712576,-0.71167,0.036634,0.036486,-0.491715,-0.491944
30.51,30.5,-0.620071,-0.61972,0.129524,0.12968,-0.555474,-0.556296
30.49,30.49,-0.619064,-0.619354,0.130044,0.129455,-0.556962,-0.55657
30.1,30.1,-0.702219,-0.702112,0.047651,0.047804,-0.492001,-0.492684
29.06,29.06,0.418853,0.416911,-0.630568,-0.630177,-0.560068,-0.558348
30.48,30.48,-0.615059,-0.614348,0.130599,0.132058,-0.560427,-0.560755
30.69,30.69,-0.705222,-0.704292,0.040592,0.040152,-0.486597,-0.487445
30.48,30.49,-0.622586,-0.622463,0.124966,0.125125,-0.550539,-0.553386
30.07,30.07,-0.7027,-0.702599,0.047162,0.046462,-0.493012,-0.492849
30.63,30.63,-0.706683,-0.705756,0.039108,0.038725,-0.488129,-0.489118
29.53,29.52,-0.705039,-0.70605,0.088921,0.087252,-0.482041,-0.482976
30.69,30.69,-0.696755,-0.696509,0.040161,0.04055,-0.489534,-0.49118
29.21,29.22,0.400289,0.3996,-0.620325,-0.618992,-0.54659,-0.546055
30.49,30.5,-0.692332,-0.692138,0.045152,0.044236,-0.488437,-0.488481
28.68,28.65,-0.255541,-0.25546,-0.471282,-0.46994,-0.666802,-0.66637
30.63,30.63,-0.708645,-0.707427,0.03862,0.038654,-0.489655,-0.489163
30.52,30.52,-0.623058,-0.623749,0.124988,0.12542,-0.552546,-0.552988
30.1,30.1,-0.701714,-0.70293,0.048163,0.046944,-0.492992,-0.492376
30.55,30.55,-0.70619,-0.705836,0.038606,0.036825,-0.48763,-0.487487
29.66,29.67,-0.711468,-0.705983,0.085904,0.088604,-0.482131,-0.481697
30.58,30.58,-0.706655,-0.706994,0.036128,0.037493,-0.489165,-0.488751
30.4,30.41,-0.632937,-0.618918,0.125991,0.130595,-0.556127,-0.553308
29.6,29.59,-0.71343,-0.705246,0.085416,0.086663,-0.483656,-0.484398
30.52,30.52,-0.69482,-0.697122,0.044632,0.044252,-0.487463,-0.487668
29.2,29.2,0.400767,0.400547,-0.618335,-0.619717,-0.546062,-0.544838
30.64,30.64,-0.705192,-0.706614,0.039618,0.038697,-0.488612,-0.489175
30.49,30.49,-0.707649,-0.707139,0.036623,0.037162,-0.489168,-0.488145
30.31,30.33,-0.716886,-0.716007,0.083913,0.079471,-0.484204,-0.481953
29.59,29.58,-0.70505,-0.704731,0.089912,0.089614,-0.481529,-0.481981
30.39,30.38,-0.621586,-0.622611,0.12899,0.128095,-0.552989,-0.553574
30.34,30.33,-0.690365,-0.691995,0.049155,0.047666,-0.488876,-0.489573
30.36,30.36,-0.622064,-0.622948,0.129006,0.128008,-0.554495,-0.553888
30.49,30.48,-0.688356,-0.688115,0.046681,0.045587,-0.489888,-0.488375
30.4,30.4,-0.705197,-0.705501,0.042623,0.041201,-0.489579,-0.490034
30.42,30.41,-0.706034,-0.705888,0.087409,0.086634,-0.481065,-0.482145
30.46,30.46,-0.704705,-0.705746,0.040113,0.040325,-0.488101,-0.489445
30.42,30.43,-0.638422,-0.63214,0.127442,0.127652,-0.554154,-0.555866
30.66,30.65,-0.706172,-0.706991,0.039627,0.0386,-0.489622,-0.488684
28.67,28.67,-0.076305,-0.076861,-0.732074,-0.730508,-0.530958,-0.532388
30.43,30.43,-0.70615,-0.706256,0.04015,0.041181,-0.491619,-0.489059
30.33,30.32,-0.701572,-0.701723,0.088429,0.087889,-0.481516,-0.480627
25.84,25.88,4.597926,4.885238,2.908909,5.472653,-0.938974,-5.178691
30.7,30.7,-0.708155,-0.707154,0.038616,0.037692,-0.489149,-0.48832
30.4,30.4,-0.705705,-0.706647,0.041605,0.041435,-0.488093,-0.490873
30.37,30.36,-0.714412,-0.714583,0.081411,0.082154,-0.482708,-0.483203
30.4,30.4,-0.623045,-0.621595,0.127007,0.12852,-0.554527,-0.552884
30.4,30.39,-0.706663,-0.705961,0.042136,0.04134,-0.4911,-0.490152
30.25,30.25,-0.721517,-0.719318,0.039593,0.039188,-0.491759,-0.491764
28.88,28.89,0.396169,0.382171,-0.664615,-0.666086,-0.51457,-0.520784
29.8,29.79,-0.706987,-0.70594,0.086942,0.087694,-0.484084,-0.483631
30.69,30.71,-0.706175,-0.706626,0.039122,0.038073,-0.489127,-0.489107
30.19,30.19,-0.703215,-0.703462,0.046139,0.045692,-0.491025,-0.490877
28.65,28.62,0.346869,0.112144,-0.55072,-0.662417,-0.62891,-0.56969
30.45,30.46,-0.706171,-0.707256,0.036118,0.036862,-0.488159,-0.488145
30.61,30.61,-0.70716,-0.707315,0.035615,0.037197,-0.488173,-0.489544
29.75,29.75,-0.717884,-0.717608,0.083904,0.082171,-0.483712,-0.485608
28.98,28.99,0.676596,0.677586,-0.487229,-0.487569,-0.492594,-0.494348
30.4,30.38,-0.606771,-0.618097,0.132999,0.13009,-0.549809,-0.553352
29.57,29.59,-0.698617,-0.705529,0.089924,0.088262,-0.480471,-0.482989
26.73,26.74,10.999967,11.023287,6.526831,6.520009,-10.766782,-10.826466
29.92,29.92,-0.719344,-0.718104,0.083423,0.082817,-0.485734,-0.485514
30.68,30.68,-0.709605,-0.709844,0.036141,0.035943,-0.491194,-0.491403
29.2,29.19,0.400728,0.400012,-0.618875,-0.619733,-0.542562,-0.545719
23.98,24.03,-0.445033,-0.444336,0.13171,0.128963,-0.556934,-0.556804
28.73,28.73,-0.256498,-0.255048,-0.468744,-0.469989,-0.670789,-0.668781
29.18,29.18,0.399265,0.39874,-0.618857,-0.619049,-0.544579,-0.54455
30.51,30.51,-0.723981,-0.724574,0.033581,0.033295,-0.490346,-0.490805
29.5,29.5,-0.707479,-0.706712,0.087445,0.086856,-0.484583,-0.483401
30.49,30.5,-0.619059,-0.619819,0.129047,0.130016,-0.556973,-0.556108
30.36,30.35,-0.694657,-0.695104,0.089933,0.088546,-0.479936,-0.481759
28.92,28.93,0.124171,0.23386,-0.571752,-0.569497,-0.77784,-0.706724
29.51,29.51,-0.714378,-0.716164,0.081945,0.083949,-0.485707,-0.484889
30.36,30.36,-0.695135,-0.694343,0.089949,0.089007,-0.481442,-0.481687
29.96,29.96,-0.705003,-0.705846,0.08695,0.08771,-0.484067,-0.483655
28.52,28.52,0.184802,0.194663,0.573048,0.571671,-0.555981,-0.554478
30.66,30.65,-0.707169,-0.707506,0.039617,0.03917,-0.48913,-0.488977
30.48,30.48,-0.707159,-0.707649,0.036619,0.036422,-0.488663,-0.488629
30.33,30.33,-0.700271,-0.700178,0.045117,0.045882,-0.488005,-0.488963
30.12,30.13,-0.705492,-0.706019,0.087957,0.087248,-0.485061,-0.483897
30.28,30.28,-0.721503,-0.72223,0.0371,0.03748,-0.491787,-0.491689
28.92,28.92,0.298262,0.298625,-0.638654,-0.640668,-0.548184,-0.548194
30.66,30.65,-0.707184,-0.707163,0.040104,0.038831,-0.488122,-0.489274
30.4,30.4,-0.706658,-0.70568,0.041139,0.041721,-0.491111,-0.490215
28.59,28.59,0.143186,0.144291,-0.664704,-0.66478,-0.546821,-0.545921
23.86,23.87,1.750455,1.835217,1.458572,1.534936,-0.191253,-0.185745
28.57,28.57,-0.078404,-0.078467,-0.728686,-0.72992,-0.522924,-0.524091
30.22,30.21,-0.700604,-0.699157,0.089412,0.090088,-0.479994,-0.480569
30.7,30.71,-0.69233,-0.690356,0.04365,0.043282,-0.487953,-0.488236
29.66,29.67,-0.694597,-0.69872,0.088989,0.08854,-0.484454,-0.483263
30.39,30.39,-0.726748,-0.726401,0.078414,0.078284,-0.486356,-0.485803
30.37,30.36,-0.686874,-0.686525,0.047684,0.049056,-0.489864,-0.488944
30.42,30.42,-0.705155,-0.705742,0.040658,0.041091,-0.492106,-0.490548
30.43,30.43,-0.704688,-0.705988,0.039128,0.040079,-0.489114,-0.489405
28.61,28.61,-0.080157,-0.079616,-0.707896,-0.710747,-0.510182,-0.512218
28.41,28.41,0.136069,0.13563,-0.933206,-0.933802,-0.577974,-0.578345
30.49,30.5,-0.707655,-0.707282,0.036617,0.03688,-0.488667,-0.488831
29.69,29.69,-0.720371,-0.718547,0.084387,0.084233,-0.483227,-0.483554
29.2,29.19,0.389121,0.388482,-0.606083,-0.606822,-0.531499,-0.53285
28.65,28.66,-0.25706,-0.256688,-0.477836,-0.477925,-0.66138,-0.661728
30.63,30.63,-0.705703,-0.705859,0.0391,0.039017,-0.487119,-0.488559
30.64,30.64,-0.706665,-0.706681,0.039126,0.038449,-0.489632,-0.488833
29.79,29.8,-0.705517,-0.705925,0.087934,0.087534,-0.483058,-0.483988
30.7,30.7,-0.707175,-0.706606,0.039611,0.038143,-0.488629,-0.488736
30.55,30.55,-0.612622,-0.615422,0.131571,0.131371,-0.55739,-0.557001
30.27,30.26,-0.705043,-0.70545,0.087413,0.08727,-0.481056,-0.482164
30.37,30.37,-0.709447,-0.706713,0.083442,0.08393,-0.484145,-0.485668
29.2,29.19,0.400254,0.399601,-0.617351,-0.619197,-0.545053,-0.545621
30.33,30.33,-0.710102,-0.710683,0.039648,0.03975,-0.492661,-0.49264
28.44,28.44,-0.10249,-0.136099,-0.534556,-0.518884,-0.707261,-0.721876
30.68,30.68,-0.719495,-0.718306,0.032619,0.03353,-0.49182,-0.490923
29.6,29.6,-0.706995,-0.705924,0.087435,0.08723,-0.483578,-0.48314
30.72,30.72,-0.715552,-0.716,0.034616,0.034001,-0.490762,-0.491554
28.88,28.88,0.321321,0.322398,-0.667388,-0.669508,-0.515252,-0.516103
30.48,30.48,-0.695278,-0.694959,0.042161,0.042385,-0.489498,-0.489759
28.76,28.76,0.142206,0.14292,-0.665699,-0.664763,-0.547342,-0.545707
30.68,30.68,-0.694766,-0.694855,0.039171,0.040414,-0.489528,-0.489675
30.49,30.49,-0.62695,-0.605227,0.128056,0.132609,-0.560058,-0.557183
29.89,29.89,-0.701987,-0.70369,0.085999,0.08722,-0.487056,-0.484954
29.83,29.82,-0.706003,-0.705808,0.088442,0.087993,-0.484059,-0.483992
30.64,30.64,-0.707662,-0.707255,0.04012,0.038873,-0.489629,-0.489519
28.97,28.97,0.439391,0.44226,-0.584694,-0.581286,-0.720152,-0.721411
30.48,30.48,-0.621045,-0.619892,0.129538,0.129501,-0.556985,-0.555973
29.2,29.2,0.398279,0.40032,-0.618855,-0.619471,-0.545088,-0.546665
30.52,30.54,-0.620059,-0.619239,0.129536,0.129706,-0.556476,-0.557123
30.45,30.46,-0.626956,-0.616569,0.127046,0.129629,-0.559068,-0.554831
30.51,30.5,-0.622582,-0.623005,0.126474,0.125283,-0.551523,-0.552152
30.64,30.64,-0.70668,-0.706919,0.039613,0.038758,-0.488625,-0.488982
30.49,30.49,-0.618555,-0.619732,0.128556,0.129137,-0.557475,-0.556352
30.6,30.62,-0.70766,-0.707461,0.037614,0.037335,-0.488656,-0.489443
30.34,30.34,-0.623561,-0.622774,0.127486,0.128165,-0.553023,-0.55363
28.29,28.29,0.141027,0.14254,-0.932184,-0.933637,-0.57842,-0.579505
30.7,30.7,-0.61174,-0.629113,0.12946,0.125089,-0.547388,-0.552923
30.49,30.5,-0.715552,-0.716341,0.034616,0.035315,-0.490762,-0.491061
30.4,30.4,-0.623041,-0.622562,0.128515,0.128977,-0.555511,-0.554731
30.43,30.42,-0.705691,-0.704867,0.040115,0.041297,-0.48861,-0.490433
30.09,30.09,-0.701217,-0.701927,0.049169,0.048323,-0.493478,-0.493478
30.7,30.7,-0.68986,-0.691313,0.043149,0.042857,-0.486936,-0.488034
30.48,30.49,-0.62158,-0.623229,0.124483,0.125552,-0.551537,-0.553022
30.55,30.58,-0.622052,-0.623922,0.124505,0.125014,-0.553545,-0.552483
29.86,29.86,-0.713424,-0.712642,0.084419,0.084847,-0.483668,-0.485444
30.52,30.5,-0.707673,-0.707289,0.036599,0.036863,-0.487165,-0.48785
30.45,30.44,-0.622539,-0.622683,0.12752,0.128844,-0.555518,-0.554513
29.54,29.55,-0.725282,-0.722662,0.082409,0.083355,-0.486298,-0.485268
30.61,30.61,-0.707684,-0.70653,0.038594,0.03797,-0.487142,-0.487975
28.65,28.65,-0.557233,-0.556529,-0.419966,-0.418137,-0.507558,-0.508017
28.56,28.56,-0.347217,-0.321258,-0.598925,-0.585827,-0.574378,-0.597851
30.68,30.68,-0.69178,-0.691799,0.042703,0.042419,-0.491966,-0.488243
30.22,30.23,-0.704071,-0.708509,0.0889,0.087674,-0.480029,-0.481099
26.96,26.9,8.264286,8.62556,4.563337,4.847892,-4.618927,-5.301984
28.89,28.89,0.379368,0.376335,-0.564909,-0.557073,-0.767532,-0.774787
30.34,30.34,-0.706023,-0.7061,0.086417,0.086339,-0.481577,-0.482957
30.05,30.05,-0.700715,-0.701861,0.05018,0.048369,-0.494464,-0.494409
30.48,30.48,-0.622039,-0.620906,0.130033,0.129629,-0.556988,-0.556206
30.42,30.42,-0.706219,-0.705634,0.041586,0.041276,-0.486595,-0.490169
30.45,30.45,-0.618646,-0.621759,0.131975,0.128648,-0.551427,-0.555328
30.72,30.72,-0.706671,-0.70732,0.038117,0.037558,-0.488642,-0.488849
30.57,30.57,-0.63243,-0.61465,0.12851,0.130022,-0.558097,-0.558302
30.43,30.44,-0.622084,-0.621787,0.13049,0.129321,-0.553477,-0.55493
29.92,29.92,-0.690705,-0.690451,0.091438,0.092307,-0.479384,-0.481866
30.48,30.48,-0.706626,-0.704185,0.03766,0.039016,-0.492152,-0.490854
29.21,29.21,0.39977,0.399598,-0.618344,-0.618594,-0.54557,-0.545584
23.86,23.8,-0.314374,-0.341088,0.068219,0.05926,0.84043,0.799591
30.58,30.59,-0.707159,-0.707308,0.036619,0.03722,-0.488663,-0.488497
28.61,28.61,-0.072833,-0.07298,-0.724539,-0.724106,-0.534349,-0.532648
30.43,30.43,-0.622067,-0.621664,0.129504,0.129436,-0.55449,-0.555333
30.19,30.19,-0.703686,-0.703479,0.046161,0.045936,-0.493032,-0.491621
30.16,30.16,-0.704191,-0.703333,0.045649,0.046299,-0.492041,-0.492356
30.4,30.41,-0.622069,-0.621995,0.130003,0.12885,-0.554484,-0.553565
30.69,30.69,-0.707658,-0.707025,0.037116,0.037939,-0.488661,-0.488887
30.66,30.66,-0.701689,-0.701021,0.039162,0.038663,-0.491091,-0.491181
30.72,30.72,-0.706179,-0.707024,0.037614,0.038315,-0.488142,-0.489494
30.64,30.64,-0.707181,-0.707191,0.039605,0.038532,-0.488128,-0.489342
30.37,30.37,-0.695754,-0.694562,0.045187,0.045144,-0.492473,-0.490971
30.69,30.69,-0.699195,-0.699231,0.038685,0.038911,-0.492076,-0.489655
30.64,30.64,-0.707152,-0.707194,0.037628,0.039096,-0.489653,-0.489351
28.64,28.64,-0.078476,-0.079545,-0.71873,-0.718446,-0.521309,-0.521195
30.46,30.48,-0.619062,-0.619464,0.128542,0.129819,-0.556478,-0.556187
30.57,30.57,-0.707176,-0.70729,0.038608,0.037575,-0.488139,-0.488528
28.64,28.62,-0.129381,-0.143957,0.657251,0.658757,-0.607844,-0.600851
29.96,29.98,-0.704511,-0.70512,0.087451,0.087549,-0.484057,-0.482483
28.76,28.76,0.142698,0.142683,-0.666202,-0.664162,-0.546843,-0.546459
30.46,30.45,-0.636421,-0.628129,0.128471,0.128675,-0.556129,-0.555474
30.25,30.25,-0.686905,-0.687699,0.051163,0.050187,-0.488823,-0.488776
30.72,30.71,-0.707658,-0.707628,0.036112,0.037817,-0.488172,-0.488913
30.69,30.68,-0.719015,-0.718743,0.033107,0.032931,-0.490809,-0.491419
30.39,30.39,-0.701029,-0.700373,0.085469,0.08616,-0.484049,-0.483254
30.09,30.09,-0.701199,-0.701839,0.049186,0.048513,-0.49498,-0.493465
29.56,29.57,-0.704531,-0.706201,0.088935,0.08765,-0.483038,-0.483343
30.49,30.47,-0.620546,-0.620345,0.129041,0.12914,-0.556986,-0.556042
28.97,28.97,0.471074,0.472118,-0.557045,-0.556832,-0.728078,-0.727982
29.84,29.84,-0.705494,-0.705834,0.085951,0.087657,-0.484082,-0.482984
30.34,30.34,-0.717032,-0.715353,0.036624,0.037446,-0.492254,-0.491639
29.48,29.49,-0.706036,-0.703563,0.088911,0.088067,-0.481549,-0.48274
30.49,30.49,-0.723501,-0.724141,0.033067,0.033535,-0.488845,-0.489812
30.7,30.7,-0.706149,-0.707528,0.036641,0.03796,-0.490156,-0.488701
30.46,30.46,-0.620071,-0.620088,0.129524,0.129136,-0.555474,-0.556025
29.65,29.65,-0.686191,-0.688031,0.093011,0.092908,-0.484335,-0.481342
29.18,29.18,0.402765,0.402397,-0.619817,-0.618711,-0.546562,-0.546999
30.4,30.4,-0.704686,-0.705228,0.042138,0.040695,-0.490582,-0.490223
30.43,30.43,-0.621046,-0.621553,0.127531,0.129128,-0.556006,-0.554975
30.45,30.45,-0.705706,-0.706063,0.040602,0.039397,-0.487603,-0.489103
30.69,30.69,-0.715036,-0.714333,0.033134,0.034204,-0.491776,-0.490921
29.81,29.8,-0.706488,-0.706819,0.087449,0.087996,-0.484575,-0.483279
29.46,29.48,-0.705511,-0.705983,0.08794,0.088082,-0.483559,-0.483101
30.37,30.38,-0.603776,-0.62453,0.131526,0.128779,-0.550802,-0.553853
30.3,30.31,-0.705037,-0.705323,0.086415,0.088156,-0.481068,-0.482012
28.5,28.5,0.323647,0.325237,-0.52967,-0.5275,-0.644902,-0.646521
29.18,29.18,0.398279,0.399062,-0.618855,-0.618781,-0.545088,-0.543848
30.72,30.71,-0.707167,-0.706553,0.038115,0.038283,-0.488646,-0.489114
24.5,24.48,0.703779,0.761096,1.081081,1.124859,0.134474,0.104343
29.79,29.82,-0.706016,-0.705431,0.087427,0.087333,-0.482568,-0.482909
30.36,30.36,-0.718067,-0.718911,0.040087,0.038458,-0.490221,-0.490612
30.28,30.28,-0.720039,-0.720307,0.038085,0.038128,-0.490261,-0.492296
30.58,30.58,-0.708168,-0.707623,0.037601,0.037201,-0.487658,-0.48867
28.59,28.59,-0.157016,-0.156853,0.674335,0.675789,-0.585351,-0.583835
30.36,30.35,-0.720375,-0.720057,0.082879,0.082956,-0.482243,-0.481929
30.34,30.34,-0.694607,-0.694064,0.087476,0.089426,-0.482969,-0.482401
28.68,28.68,0.144662,0.145817,-0.662704,-0.663703,-0.546786,-0.545845
28.77,28.78,0.14169,0.142625,-0.66522,-0.665143,-0.545838,-0.545739
30.46,30.48,-0.621058,-0.620185,0.128522,0.129689,-0.555494,-0.55639
30.7,30.7,-0.690873,-0.691143,0.043626,0.043386,-0.485436,-0.487966
26.99,26.85,4.934818,5.84825,0.990597,1.255928,-3.181174,-4.915739
30.31,30.31,-0.726229,-0.72756,0.069914,0.06922,-0.484444,-0.48521
29.92,29.92,-0.696641,-0.695948,0.092431,0.09132,-0.480927,-0.481654
30.48,30.48,-0.705174,-0.705214,0.039636,0.040559,-0.490114,-0.490109
30.69,30.69,-0.714593,-0.714556,0.036092,0.036612,-0.488733,-0.487926
28.68,28.68,-0.071508,-0.071673,-0.762311,-0.763572,-0.545284,-0.546247
30.4,30.38,-0.698075,-0.699941,0.086964,0.086674,-0.483005,-0.483535
28.64,28.64,-0.070551,-0.071095,-0.759333,-0.758853,-0.543739,-0.545246
28.17,28.2,0.219663,0.219016,0.552274,0.551772,-0.55942,-0.558529
30.37,30.36,-0.712446,-0.709427,0.082404,0.084209,-0.481678,-0.482809
30.54,30.53,-0.620567,-0.619737,0.129522,0.129588,-0.555478,-0.556542
30.48,30.49,-0.623562,-0.623352,0.126483,0.125392,-0.552534,-0.552589
29.88,29.88,-0.684265,-0.688911,0.093463,0.092145,-0.479806,-0.482506
30.13,30.13,-0.705038,-0.704865,0.089924,0.08824,-0.482531,-0.483405
28.62,28.62,-0.07906,-0.078165,-0.71932,-0.720849,-0.513808,-0.515396
30.48,30.48,-0.707658,-0.706954,0.037116,0.036923,-0.488661,-0.488111
29.2,29.2,0.40175,0.400046,-0.618842,-0.619498,-0.545058,-0.546162
30.34,30.36,-0.722852,-0.722578,0.081367,0.082328,-0.481781,-0.482328
29.18,29.18,0.399288,0.400042,-0.62084,-0.619181,-0.545603,-0.545567
29.88,29.88,-0.716838,-0.715613,0.082957,0.083595,-0.487721,-0.485589
30.13,30.12,-0.705194,-0.703078,0.046636,0.046297,-0.491538,-0.491703
30.57,30.57,-0.707678,-0.707305,0.037596,0.036952,-0.487153,-0.488645
28.61,28.61,-0.680365,-0.680307,-0.449592,-0.451288,-0.194913,-0.191951
28.5,28.5,0.155787,0.155959,-0.884093,-0.884435,-0.549197,-0.549294
30.39,30.39,-0.706669,-0.705926,0.04213,0.040754,-0.490599,-0.490343
30.42,30.42,-0.622059,-0.622334,0.128008,0.129217,-0.554507,-0.55435
30.61,30.61,-0.705683,-0.706036,0.037616,0.038998,-0.488137,-0.489543
27.68,27.74,-0.112384,-0.047016,0.854696,0.808201,-0.092561,-0.225628
29.69,29.68,-0.709425,-0.709931,0.083965,0.085242,-0.486142,-0.485466
30.33,30.33,-0.706004,-0.705982,0.087439,0.087276,-0.483569,-0.482459
30.37,30.37,-0.71905,-0.719568,0.038587,0.038462,-0.490246,-0.490833
30.48,30.48,-0.61905,-0.620596,0.129558,0.129413,-0.557969,-0.556367
30.55,30.56,-0.706681,-0.707158,0.037606,0.037577,-0.487645,-0.489568
29.68,29.67,-0.699069,-0.703743,0.088462,0.086594,-0.483497,-0.48437
30.52,30.52,-0.618563,-0.61824,0.129049,0.129958,-0.556969,-0.557006
28.61,28.61,-0.077611,-0.07785,-0.717848,-0.719356,-0.511274,-0.513783
30.61,30.61,-0.706654,-0.706725,0.037132,0.039742,-0.489654,-0.48944
30.4,30.4,-0.605245,-0.610161,0.131538,0.130605,-0.552317,-0.552591
28.94,28.94,0.300251,0.299463,-0.639644,-0.640244,-0.548178,-0.5471
30.69,30.69,-0.720488,-0.719568,0.031612,0.0325,-0.491339,-0.490685
30.54,30.53,-0.617549,-0.618024,0.131582,0.129681,-0.559937,-0.557162
29.6,29.6,-0.705998,-0.706403,0.087445,0.087389,-0.48407,-0.484119
28.53,28.54,0.147526,0.147119,-0.937622,-0.938211,-0.580429,-0.581736
28.59,28.59,-0.159991,-0.160323,0.67332,0.673686,-0.584887,-0.583444
30.27,30.27,-0.720015,-0.719954,0.039112,0.038612,-0.492753,-0.491776
30.68,30.65,-0.706674,-0.707103,0.038616,0.03816,-0.488636,-0.489506
30.46,30.46,-0.619071,-0.615984,0.129035,0.129661,-0.555972,-0.555242
30.61,30.62,-0.622578,-0.623968,0.12347,0.125835,-0.550556,-0.552735
30.58,30.59,-0.707685,-0.706804,0.037591,0.037842,-0.486652,-0.488651
28.97,28.97,0.43883,0.442628,-0.578242,-0.580184,-0.717579,-0.720394
30.36,30.36,-0.706034,-0.705462,0.088412,0.087799,-0.481555,-0.482213
30.34,30.34,-0.706496,-0.705938,0.087942,0.08696,-0.484068,-0.481455
30.36,30.36,-0.715385,-0.71509,0.081425,0.082066,-0.48422,-0.483463
30.51,30.52,-0.706161,-0.706885,0.036629,0.037469,-0.489155,-0.487103
30.72,30.72,-0.704709,-0.707046,0.039608,0.037937,-0.487606,-0.489127
30.31,30.3,-0.706652,-0.709321,0.040142,0.041699,-0.491122,-0.493783
30.24,30.22,-0.716372,-0.713715,0.082929,0.085302,-0.485213,-0.483805
30.63,30.65,-0.706184,-0.707116,0.039615,0.038472,-0.48862,-0.489312
30.72,30.72,-0.691336,-0.690399,0.043155,0.0437,-0.48795,-0.488577
29.04,29.04,0.407751,0.407761,-0.622779,-0.6231,-0.547554,-0.548254
29.51,29.5,-0.707958,-0.706785,0.086458,0.087217,-0.4856,-0.483218
30.57,30.57,-0.707672,-0.707584,0.038606,0.03729,-0.488143,-0.488238
30.49,30.48,-0.708662,-0.707851,0.036097,0.03724,-0.487179,-0.489097
30.69,30.69,-0.721523,-0.719889,0.034072,0.03395,-0.488816,-0.490241
28.95,28.94,0.297801,0.297468,-0.640627,-0.640208,-0.550214,-0.547793
30.69,30.69,-0.69477,-0.694329,0.042175,0.040958,-0.490495,-0.489529
30.64,30.63,-0.707173,-0.706967,0.038109,0.037466,-0.488145,-0.488526
30.57,30.57,-0.709201,-0.710508,0.039562,0.038852,-0.485141,-0.487494
30.64,30.64,-0.608738,-0.616638,0.128996,0.126993,-0.549371,-0.551295
30.58,30.58,-0.707639,-0.707773,0.037134,0.037495,-0.490164,-0.488317
30.43,30.44,-0.612124,-0.624775,0.129067,0.128601,-0.556412,-0.556096
30.6,30.59,-0.706677,-0.707793,0.039114,0.037369,-0.48863,-0.48866
30.3,30.3,-0.716595,-0.717263,0.040579,0.040372,-0.489201,-0.490015
29.2,29.2,0.40178,0.401734,-0.617808,-0.618908,-0.548051,-0.546596
28.56,28.56,0.142694,0.1427,-0.664201,-0.663396,-0.547321,-0.545388
30.34,30.34,-0.694311,-0.695426,0.046653,0.04657,-0.489439,-0.489059
29.68,29.68,-0.706019,-0.706491,0.087925,0.08744,-0.482562,-0.483859
30.48,30.48,-0.708116,-0.705368,0.039156,0.038662,-0.492649,-0.491294
30.7,30.7,-0.707637,-0.707214,0.036635,0.03731,-0.490169,-0.48852
28.5,28.5,0.140571,0.140828,-0.936158,-0.935856,-0.579972,-0.579626
28.95,28.94,0.295785,0.296941,-0.640166,-0.639444,-0.547722,-0.547223
30.48,30.48,-0.690821,-0.689942,0.044178,0.045523,-0.489938,-0.489459
30.21,30.21,-0.702686,-0.703436,0.045672,0.046119,-0.49353,-0.491949
30.7,30.7,-0.717025,-0.716719,0.034124,0.033617,-0.491782,-0.490964
30.43,30.43,-0.706141,-0.705594,0.039657,0.039606,-0.492126,-0.489802
30.69,30.69,-0.723982,-0.725373,0.031575,0.031743,-0.489367,-0.490093
30.49,30.49,-0.706179,-0.706727,0.037614,0.037058,-0.488142,-0.488113
29.81,29.81,-0.706992,-0.705967,0.08794,0.087526,-0.484073,-0.483357
30.42,30.42,-0.705657,-0.706061,0.04065,0.040732,-0.491609,-0.489849
23.07,23.13,-0.341014,-0.206469,-0.632721,-0.687274,-0.498574,-0.514592
30.54,30.54,-0.712583,-0.709963,0.036628,0.036655,-0.491214,-0.491717
30.46,30.46,-0.619081,-0.619427,0.128524,0.128548,-0.554976,-0.555875
30.52,30.52,-0.713076,-0.7135,0.036128,0.035857,-0.491224,-0.491676
30.63,30.63,-0.706193,-0.706678,0.039104,0.039078,-0.487624,-0.488921
30.51,30.51,-0.623557,-0.623247,0.124482,0.125438,-0.552055,-0.552678
30.34,30.34,-0.710954,-0.710857,0.084921,0.083786,-0.48314,-0.483718
30.55,30.55,-0.704215,-0.705096,0.041112,0.040649,-0.488085,-0.486741
29.2,29.2,0.401764,0.407406,-0.620332,-0.625477,-0.545575,-0.551039
30.42,30.42,-0.706007,-0.705953,0.086934,0.087251,-0.483074,-0.482409
30.57,30.57,-0.690809,-0.692069,0.04419,0.043207,-0.490939,-0.489624
30.1,30.09,-0.702714,-0.702394,0.048652,0.047934,-0.492495,-0.493242
22.71,22.71,-0.45858,-0.458094,0.085861,0.086956,-0.564584,-0.56343
30.55,30.55,-0.698297,-0.698601,0.04361,0.043482,-0.486503,-0.487544
30.63,30.63,-0.705184,-0.705693,0.039126,0.039011,-0.489118,-0.487972
30.49,30.49,-0.706686,-0.706227,0.038604,0.037501,-0.487634,-0.487833
30.31,30.31,-0.72875,-0.729305,0.069863,0.070959,-0.480961,-0.48233
30.63,30.63,-0.707158,-0.706943,0.037622,0.038261,-0.489152,-0.489568
28.92,28.92,0.307961,0.307663,-0.656393,-0.654941,-0.563328,-0.561836
30.49,30.49,-0.689359,-0.690971,0.046666,0.044964,-0.488895,-0.488528
28.56,28.56,-0.068879,-0.068036,-0.724536,-0.724237,-0.533313,-0.534304
28.26,28.28,0.217667,0.217168,0.550247,0.549605,-0.557456,-0.557283
28.52,28.51,-0.263441,-0.150549,-0.765524,-0.751192,-0.295046,-0.336387
30.48,30.49,-0.706678,-0.70708,0.038111,0.03695,-0.488141,-0.488378
29.54,29.55,-0.724801,-0.72121,0.082898,0.083855,-0.485286,-0.484964
22.24,22.27,-0.69444,-0.697567,0.033771,0.02269,0.42652,0.402235
30.46,30.46,-0.706164,-0.707104,0.038131,0.037111,-0.489639,-0.488937
30.13,30.13,-0.703197,-0.702454,0.045154,0.046871,-0.492038,-0.491907
29.07,29.07,0.423442,0.422145,-0.634938,-0.635272,-0.568593,-0.567391
30.19,30.19,-0.704572,-0.703648,0.090899,0.088955,-0.480512,-0.480261
28.65,28.54,-0.09218,-0.147648,-0.362598,-0.470656,-0.65163,-0.728663
30.61,30.61,-0.624018,-0.62284,0.122509,0.123404,-0.554085,-0.552658
30.12,30.11,-0.702694,-0.703006,0.047168,0.046806,-0.493513,-0.49379
30.58,30.58,-0.706182,-0.706822,0.038113,0.037533,-0.488136,-0.488264
30.34,30.34,-0.622049,-0.621971,0.129522,0.128317,-0.555992,-0.553636
29.74,29.75,-0.705531,-0.705855,0.089423,0.087424,-0.482541,-0.483568
30.7,30.7,-0.715045,-0.714279,0.032624,0.034249,-0.49078,-0.490925
30.36,30.36,-0.686892,-0.686842,0.04867,0.048043,-0.488851,-0.489373
28.52,28.52,0.143652,0.142814,-0.663729,-0.66469,-0.544802,-0.546018
30.34,30.35,-0.687399,-0.698333,0.049659,0.045965,-0.488343,-0.489482
30.33,30.33,-0.705517,-0.705578,0.08693,0.086954,-0.482569,-0.48291
30.57,30.57,-0.70666,-0.706719,0.037126,0.037692,-0.489153,-0.488602
28.5,28.49,0.142676,0.142278,-0.664219,-0.664142,-0.545819,-0.546567
30.64,30.64,-0.70617,-0.706303,0.038125,0.038827,-0.489138,-0.489076
29.02,29.02,0.412791,0.412146,-0.622178,-0.622341,-0.554516,-0.553652
29.54,29.56,-0.707497,-0.706936,0.087427,0.087491,-0.483081,-0.483602
30.49,30.48,-0.704203,-0.705127,0.040121,0.039905,-0.488597,-0.489214
30.39,30.38,-0.706152,-0.70547,0.041652,0.041568,-0.492103,-0.49031
30.46,30.48,-0.615575,-0.614652,0.132082,0.131423,-0.559413,-0.560354
30.46,30.45,-0.620573,-0.620661,0.130519,0.129041,-0.555467,-0.555294
28.59,28.59,0.142655,0.143484,-0.663738,-0.664613,-0.544311,-0.546878
30.28,30.28,-0.691322,-0.688366,0.05069,0.049273,-0.492373,-0.490615
30.28,30.28,-0.687393,-0.688065,0.049665,0.050051,-0.488844,-0.489191
28.83,28.83,-0.237672,-0.237928,-0.496264,-0.495246,-0.657413,-0.657544
30.51,30.51,-0.623529,-0.621275,0.130526,0.130859,-0.556995,-0.558665
29.46,29.46,-0.708485,-0.707343,0.087928,0.087282,-0.483585,-0.483853
30.52,30.52,-0.617565,-0.617906,0.130062,0.130313,-0.557951,-0.557345
30.73,30.72,-0.689338,-0.690793,0.041673,0.043024,-0.488451,-0.488458
29.16,29.16,0.399274,0.399933,-0.618346,-0.619126,-0.545574,-0.545252
29.11,29.11,0.398282,0.3991,-0.61835,-0.618833,-0.545583,-0.54496
28.56,28.56,0.142682,0.142702,-0.664213,-0.663827,-0.546319,-0.546495
30.46,30.45,-0.706168,-0.706168,0.040132,0.03959,-0.490117,-0.490334
30.34,30.34,-0.721994,-0.721439,0.035097,0.037034,-0.491313,-0.491717
28.95,28.95,0.29626,0.296933,-0.639683,-0.639386,-0.54621,-0.547879
30.46,30.46,-0.621081,-0.620188,0.129502,0.129355,-0.55398,-0.555592
30.48,30.47,-0.618077,-0.620723,0.12854,0.129228,-0.555969,-0.555162
29.66,29.66,-0.707958,-0.708022,0.085454,0.086247,-0.485111,-0.484271
30.72,30.71,-0.690366,-0.689973,0.042637,0.043261,-0.485944,-0.487957
30.51,30.51,-0.706638,-0.705333,0.038652,0.040659,-0.49164,-0.489292
29.2,29.2,0.400237,0.39883,-0.615362,-0.61311,-0.54453,-0.543976
29.75,29.75,-0.706989,-0.706305,0.088444,0.086963,-0.484568,-0.483482
30.33,30.33,-0.713944,-0.714826,0.084393,0.083954,-0.481669,-0.482378
28.89,28.86,-0.165383,-0.108114,-0.716177,-0.6931,-0.470445,-0.503801
30.49,30.49,-0.693776,-0.692924,0.04168,0.043077,-0.490493,-0.489432
28.98,28.99,0.676605,0.677583,-0.487722,-0.487416,-0.493101,-0.494596
24.78,24.78,0.502737,0.467913,0.860507,0.843874,0.372654,0.360007
28.73,28.73,0.14318,0.142573,-0.66471,-0.663777,-0.54632,-0.545293
28.56,28.54,-0.274669,-0.305156,-0.76695,-0.757747,-0.47247,-0.44075
28.76,28.75,0.145672,0.145452,-0.663686,-0.665587,-0.54779,-0.54605
29.56,29.56,-0.725781,-0.714613,0.081903,0.085403,-0.485807,-0.483767
28.48,28.5,0.14056,0.140541,-0.934163,-0.935687,-0.579949,-0.580132
30.66,30.67,-0.719522,-0.718173,0.034097,0.033224,-0.490301,-0.490735
29.6,29.6,-0.706984,-0.706276,0.087447,0.087218,-0.484579,-0.483539
28.59,28.58,-0.065405,-0.066223,-0.723015,-0.724844,-0.534267,-0.534686
28.67,28.67,0.143183,0.143228,-0.664206,-0.664677,-0.546816,-0.546184
30.7,30.7,-0.707139,-0.708242,0.035135,0.036678,-0.489681,-0.490605
30.33,30.33,-0.721993,-0.72033,0.036101,0.037388,-0.491803,-0.491332
30.43,30.44,-0.70764,-0.708023,0.03613,0.036358,-0.489674,-0.488823
28.88,28.88,0.321606,0.332156,-0.674125,-0.675449,-0.535861,-0.533946
28.64,28.64,-0.072089,-0.07165,-0.754376,-0.75253,-0.541693,-0.540261
30.45,30.44,-0.621595,-0.622617,0.129483,0.127381,-0.552482,-0.553136
30.24,30.23,-0.723821,-0.721173,0.08289,0.083071,-0.484276,-0.484381
29.53,29.54,-0.718887,-0.717862,0.083888,0.08401,-0.482719,-0.484297
30.72,30.71,-0.707663,-0.707341,0.039116,0.037748,-0.48914,-0.488912
30.46,30.46,-0.707628,-0.706848,0.037146,0.037326,-0.491165,-0.4876
25.63,25.63,-1.681426,-1.699051,-1.217335,-1.201632,0.834029,0.840821
30.04,30.04,-0.701713,-0.702053,0.049167,0.048175,-0.493482,-0.493215
30.69,30.69,-0.716047,-0.716497,0.032109,0.033422,-0.489793,-0.492096
28.95,28.94,0.29578,0.296884,-0.639169,-0.639787,-0.547711,-0.547318
30.57,30.56,-0.623574,-0.62348,0.126471,0.125297,-0.551532,-0.552226
30.37,30.37,-0.713062,-0.710437,0.038147,0.039352,-0.493205,-0.492251
30.34,30.35,-0.724966,-0.724567,0.034587,0.035393,-0.491345,-0.491492
28.43,28.44,0.302389,0.306185,-0.54423,-0.541574,-0.643749,-0.642709
29.8,29.79,-0.705009,-0.705477,0.087947,0.087874,-0.484055,-0.483489
29.11,29.11,0.382592,0.382438,-0.600675,-0.601387,-0.526987,-0.525834
30.49,30.5,-0.704216,-0.705192,0.040109,0.040696,-0.487596,-0.489491
30.34,30.34,-0.638883,-0.637201,0.12547,0.126149,-0.556184,-0.556152
30.39,30.37,-0.705018,-0.705942,0.08844,0.08689,-0.483549,-0.482688
30.64,30.65,-0.707639,-0.707549,0.037134,0.038826,-0.490164,-0.489002
30.33,30.34,-0.714883,-0.714293,0.082436,0.081817,-0.485205,-0.48409
30.48,30.48,-0.614578,-0.614906,0.131088,0.131662,-0.559416,-0.560804
30.46,30.46,-0.604776,-0.619077,0.132015,0.129431,-0.550304,-0.554866
30.34,30.34,-0.694134,-0.696516,0.08946,0.087167,-0.481941,-0.481581
30.37,30.37,-0.731738,-0.732508,0.078865,0.078093,-0.48389,-0.484286
30.6,30.59,-0.706687,-0.70684,0.0376,0.03777,-0.487145,-0.488441
30.13,30.12,-0.705526,-0.705762,0.087423,0.087549,-0.482063,-0.483145
30.4,30.4,-0.705163,-0.705008,0.042154,0.042218,-0.492089,-0.489407
28.62,28.62,-0.080081,-0.079338,-0.712835,-0.713043,-0.514244,-0.514551
29.72,29.72,-0.706512,-0.706549,0.087425,0.086775,-0.482572,-0.483702
28.68,28.67,-0.542245,-0.537033,0.446265,0.38334,-0.447529,-0.386392
27.1,27.1,0.244855,0.245334,-0.648735,-0.650675,-0.514703,-0.514956
30.46,30.46,-0.706645,-0.706783,0.037642,0.037287,-0.49065,-0.488071
30.13,30.13,-0.70368,-0.703367,0.046167,0.04646,-0.493533,-0.493327
30.68,30.68,-0.716524,-0.718581,0.033129,0.032826,-0.491789,-0.491309
29.21,29.21,0.400301,0.400382,-0.620313,-0.619608,-0.547591,-0.546446
28.85,28.83,-0.149349,-0.173457,-0.925034,-0.88202,-0.392531,-0.341093
30.57,30.56,-0.598261,-0.613495,0.13261,0.130834,-0.556252,-0.557801
28.48,28.48,0.147537,0.147406,-0.939617,-0.938723,-0.580451,-0.581845
29.6,29.59,-0.706998,-0.706326,0.087934,0.087393,-0.483572,-0.483592
30.4,30.38,-0.642362,-0.617797,0.125949,0.130273,-0.555708,-0.552776
30.7,30.7,-0.706648,-0.707104,0.037138,0.037843,-0.490155,-0.488818
29.23,29.23,0.401785,0.40226,-0.620812,-0.618926,-0.547083,-0.546607
30.7,30.71,-0.707675,-0.707386,0.038101,0.037302,-0.487648,-0.488677
30.33,30.32,-0.705045,-0.705037,0.088915,0.08808,-0.48154,-0.483037
30.69,30.69,-0.71753,-0.717691,0.034615,0.033564,-0.49128,-0.490592
30.39,30.39,-0.606703,-0.614986,0.130559,0.130485,-0.554344,-0.552874
30.49,30.49,-0.621048,-0.620326,0.129033,0.129536,-0.55649,-0.555757
30.45,30.44,-0.62256,-0.621671,0.129004,0.129029,-0.5545,-0.554201
28.52,28.52,0.14654,0.147267,-0.938623,-0.938432,-0.580448,-0.581176
30.4,30.4,-0.705702,-0.705517,0.041107,0.041615,-0.488098,-0.49049
29.59,29.58,-0.72085,-0.717872,0.082396,0.085144,-0.483755,-0.483573
30.34,30.36,-0.714053,-0.713876,0.039146,0.039407,-0.493703,-0.492065
30.33,30.33,-0.706025,-0.705924,0.086916,0.086382,-0.481572,-0.482343
29.5,29.5,-0.707984,-0.706892,0.087936,0.08725,-0.484081,-0.482206
30.48,30.48,-0.694788,-0.694196,0.042157,0.042332,-0.488993,-0.490138
28.43,28.44,-0.345171,-0.334975,0.337351,0.342938,-0.704502,-0.705878
30.13,30.1,-0.702694,-0.703253,0.046165,0.046962,-0.493024,-0.492714
29.56,29.56,-0.691696,-0.696146,0.092438,0.091349,-0.479882,-0.482072
30.45,30.42,-0.705024,-0.705909,0.08743,0.087807,-0.482559,-0.48135
30.58,30.58,-0.708181,-0.706486,0.041097,0.040518,-0.48812,-0.487441
30.48,30.47,-0.705676,-0.70598,0.039629,0.040352,-0.489617,-0.490599
30.69,30.69,-0.715075,-0.715145,0.0346,0.033897,-0.489255,-0.490912
30.63,30.64,-0.705685,-0.70576,0.039118,0.039347,-0.488622,-0.489922
29.93,29.94,-0.691146,-0.690906,0.092493,0.090425,-0.484384,-0.482357
28.62,28.62,-0.078281,-0.077067,-0.731072,-0.731815,-0.531966,-0.532034
30.21,30.21,-0.70173,-0.703259,0.04564,0.045653,-0.490517,-0.491667
30.46,30.46,-0.707177,-0.707945,0.036601,0.037145,-0.48716,-0.488713
30.43,30.41,-0.602268,-0.612332,0.131051,0.130496,-0.552297,-0.552942
30.64,30.65,-0.705671,-0.706669,0.038631,0.037713,-0.489629,-0.487854
30.48,30.48,-0.706679,-0.705429,0.040617,0.039805,-0.489114,-0.488421
29.53,29.52,-0.699596,-0.698965,0.090936,0.090759,-0.481971,-0.481983
30.63,30.63,-0.63841,-0.631013,0.122942,0.124304,-0.553203,-0.553319
29.18,29.18,0.38463,0.383677,-0.604123,-0.602492,-0.530013,-0.526897
30.73,30.72,-0.69084,-0.690823,0.043157,0.043335,-0.487946,-0.488199
30.54,30.54,-0.620029,-0.618903,0.129566,0.129913,-0.558979,-0.557598
28.47,28.45,-0.336668,-0.336915,0.380088,0.373919,-0.688416,-0.692771
28.67,28.67,-0.07729,-0.076555,-0.731068,-0.730377,-0.531957,-0.531582
30.36,30.36,-0.685395,-0.686507,0.049186,0.04891,-0.489834,-0.489195
30.31,30.31,-0.731218,-0.732759,0.069866,0.069097,-0.481983,-0.483293
28.83,28.83,-0.244146,-0.245263,-0.489799,-0.488582,-0.657897,-0.660768
28.35,28.38,0.142033,0.141998,-0.932667,-0.934283,-0.579418,-0.578225
28.44,28.46,-0.244866,-0.298131,-0.581791,-0.56612,-0.639912,-0.586558
30.72,30.71,-0.706178,-0.706603,0.038618,0.038107,-0.488631,-0.489006
30.04,30.04,-0.70218,-0.70243,0.047188,0.047802,-0.495011,-0.492627
30.25,30.25,-0.704041,-0.705165,0.089934,0.087533,-0.483023,-0.482429
30.58,30.58,-0.696739,-0.696337,0.040677,0.041492,-0.49103,-0.490191
30.48,30.49,-0.690343,-0.690964,0.045166,0.044861,-0.48892,-0.48952
30.27,30.27,-0.713607,-0.715029,0.042609,0.041461,-0.491155,-0.490284
29.68,29.68,-0.712977,-0.715134,0.088885,0.086585,-0.48161,-0.482651
30.49,30.48,-0.618599,-0.620112,0.130016,0.129623,-0.554454,-0.55626
30.58,30.58,-0.62456,-0.624265,0.12547,0.125303,-0.551552,-0.552523
30.37,30.37,-0.687369,-0.687357,0.048686,0.048232,-0.490357,-0.489521
30.6,30.6,-0.708153,-0.70735,0.037114,0.037182,-0.488666,-0.489144
30.54,30.54,-0.612143,-0.614145,0.132558,0.131047,-0.556373,-0.557088
29.54,29.54,-0.707004,-0.706075,0.087928,0.087868,-0.483071,-0.483224
28.56,28.56,0.14367,0.142774,-0.663711,-0.663231,-0.546305,-0.545386
28.56,28.56,0.142183,0.142969,-0.663717,-0.66338,-0.546318,-0.547509
30.36,30.36,-0.72001,-0.71763,0.037112,0.036242,-0.492275,-0.49269
30.66,30.66,-0.706663,-0.707275,0.036621,0.038496,-0.488658,-0.489283
30.28,30.28,-0.720039,-0.719969,0.038085,0.037819,-0.490261,-0.492637
30.72,30.72,-0.707194,-0.706603,0.03859,0.038252,-0.486637,-0.488234
28.61,28.61,-0.080004,-0.079575,-0.720279,-0.718881,-0.517333,-0.516091
29.0,29.0,0.30569,0.310286,-0.639138,-0.639324,-0.547124,-0.543354
30.55,30.55,-0.708144,-0.707273,0.037624,0.037572,-0.489661,-0.487891
30.12,30.12,-0.705009,-0.705378,0.088951,0.088025,-0.484545,-0.483953
29.79,29.79,-0.707014,-0.705467,0.087417,0.087748,-0.482075,-0.483796
25.06,25.03,-0.727032,-0.745701,0.721275,0.702077,0.358892,0.344012
30.57,30.58,-0.605248,-0.615861,0.127525,0.126112,-0.550359,-0.552431
30.52,30.51,-0.706175,-0.706647,0.039122,0.03755,-0.489127,-0.488768
30.61,30.62,-0.708646,-0.70681,0.037617,0.036873,-0.489165,-0.488076
30.7,30.7,-0.707146,-0.707489,0.037634,0.037899,-0.490154,-0.488596
29.21,29.21,0.399778,0.399588,-0.61984,-0.61887,-0.545587,-0.544225
30.22,30.22,-0.69181,-0.690841,0.048189,0.049484,-0.491904,-0.49103
29.56,29.56,-0.688693,-0.691868,0.093981,0.091229,-0.482843,-0.482707
22.74,22.72,-0.459094,-0.458237,0.085841,0.0864,-0.563086,-0.564534
30.64,30.64,-0.707648,-0.706807,0.03863,0.039046,-0.490147,-0.490095
30.09,30.09,-0.702209,-0.702372,0.050168,0.047966,-0.493976,-0.49298
29.84,29.84,-0.706508,-0.705751,0.08793,0.087505,-0.483067,-0.483576
30.55,30.55,-0.620559,-0.620843,0.132538,0.130415,-0.557448,-0.557259
30.39,30.4,-0.638399,-0.630229,0.126463,0.12873,-0.555668,-0.554069
30.68,30.68,-0.70714,-0.706779,0.038644,0.038258,-0.491144,-0.489242
30.7,30.7,-0.71603,-0.716677,0.033629,0.03341,-0.491779,-0.491136
29.66,29.66,-0.70552,-0.705683,0.088432,0.08767,-0.483053,-0.483188
30.52,30.52,-0.705186,-0.705775,0.039624,0.040185,-0.489112,-0.489882
29.56,29.56,-0.707028,-0.707431,0.088907,0.087304,-0.481558,-0.482361
29.88,29.87,-0.724789,-0.711708,0.081907,0.085163,-0.485798,-0.484881
30.42,30.42,-0.705206,-0.7049,0.041109,0.041144,-0.488094,-0.489694
29.18,29.18,0.412345,0.413113,-0.62915,-0.629754,-0.555601,-0.556973
30.49,30.49,-0.70566,-0.705553,0.041149,0.040349,-0.491604,-0.489804
30.57,30.57,-0.622571,-0.623401,0.125483,0.125197,-0.552036,-0.552196
30.51,30.51,-0.62006,-0.619405,0.128532,0.129673,-0.555986,-0.556493
28.62,28.62,-0.072987,-0.073451,-0.759301,-0.760423,-0.547266,-0.54576
30.21,30.23,-0.723326,-0.72401,0.082891,0.082432,-0.484272,-0.483622
30.39,30.38,-0.637886,-0.631869,0.125479,0.127832,-0.556676,-0.554584
27.02,27.02,-0.360277,-0.241123,-0.030526,-0.333818,-0.728334,-0.679685
30.63,30.63,-0.643347,-0.616507,0.122443,0.12662,-0.554755,-0.551269
30.39,30.38,-0.617146,-0.61408,0.131993,0.13012,-0.552415,-0.553382
23.36,23.35,0.098266,-0.424025,0.808631,0.820614,-0.59714,-1.170308
29.03,29.03,0.674627,0.675644,-0.484214,-0.484575,-0.495082,-0.494576
30.31,30.32,-0.706984,-0.705668,0.086444,0.087284,-0.48409,-0.482596
30.61,30.6,-0.707673,-0.707665,0.036599,0.037153,-0.487165,-0.488455
30.33,30.31,-0.70208,-0.701418,0.087412,0.087386,-0.480029,-0.48062
30.27,30.27,-0.716091,-0.716035,0.043597,0.040841,-0.491165,-0.490505
30.51,30.51,-0.707164,-0.707731,0.037616,0.036992,-0.488651,-0.488313
29.79,29.79,-0.705508,-0.705689,0.088444,0.087694,-0.484054,-0.483498
30.34,30.34,-0.622109,-0.623333,0.129463,0.129021,-0.550984,-0.553675
22.84,22.63,-0.638023,-0.655515,0.084048,0.062986,0.495198,0.435634
30.22,30.21,-0.703182,-0.7036,0.04567,0.045702,-0.493534,-0.492155
30.51,30.51,-0.705173,-0.70585,0.04064,0.040349,-0.490603,-0.489876
30.39,30.39,-0.706043,-0.705718,0.087902,0.087389,-0.480559,-0.480948
29.18,29.18,0.401759,0.401616,-0.618331,-0.618641,-0.546053,-0.546424
30.46,30.46,-0.613553,-0.613297,0.131626,0.131836,-0.562406,-0.561515
30.21,30.22,-0.689373,-0.690281,0.050163,0.050163,-0.489357,-0.48967
30.3,30.3,-0.693308,-0.69285,0.046669,0.047203,-0.490432,-0.491564
28.61,28.61,-0.079503,-0.07959,-0.721275,-0.72195,-0.51734,-0.518055
30.55,30.54,-0.619062,-0.619333,0.129546,0.129505,-0.556967,-0.55704
30.69,30.69,-0.717526,-0.716285,0.03512,0.033797,-0.491775,-0.491283
30.7,30.71,-0.708178,-0.707483,0.03709,0.037423,-0.486662,-0.488842
30.6,30.6,-0.706157,-0.706512,0.038137,0.039126,-0.490139,-0.489981
30.07,30.08,-0.703187,-0.703526,0.046668,0.046875,-0.493523,-0.492612
30.33,30.33,-0.715939,-0.715801,0.084374,0.083491,-0.480685,-0.482311
29.6,29.61,-0.706023,-0.706269,0.086417,0.086934,-0.481577,-0.483542
28.46,28.46,0.137074,0.137443,-0.934692,-0.934689,-0.578483,-0.579451
30.54,30.53,-0.619082,-0.618681,0.130026,0.129947,-0.55546,-0.557045
30.42,30.43,-0.704665,-0.705513,0.041657,0.041243,-0.49209,-0.489878
28.65,28.57,-0.125989,0.003377,-0.639116,-0.676462,-0.604467,-0.557871
30.39,30.39,-0.699214,-0.700497,0.042176,0.041792,-0.492037,-0.491586
30.64,30.65,-0.718489,-0.718219,0.033139,0.033323,-0.493309,-0.491075
29.79,29.8,-0.706484,-0.705776,0.087954,0.08757,-0.48507,-0.48317
30.63,30.63,-0.707654,-0.70715,0.038624,0.038148,-0.489646,-0.48887
30.37,30.37,-0.706162,-0.705678,0.041141,0.041386,-0.491107,-0.490604
28.5,28.51,0.238114,0.13443,-0.631528,-0.615248,-0.579681,-0.549778
30.36,30.35,-0.72401,-0.724672,0.036562,0.035102,-0.489311,-0.490911
30.63,30.64,-0.708143,-0.707205,0.039631,0.038663,-0.49064,-0.489456
28.7,28.7,-0.077784,-0.077821,-0.732572,-0.732204,-0.531478,-0.531444
30.14,30.13,-0.705504,-0.70493,0.088949,0.087983,-0.484549,-0.483243
30.46,30.47,-0.619103,-0.62023,0.130507,0.129914,-0.553952,-0.556087
30.61,30.61,-0.707188,-0.707419,0.038596,0.038246,-0.487138,-0.490069
30.28,30.28,-0.706523,-0.706176,0.088416,0.087214,-0.48206,-0.4815
30.63,30.64,-0.637878,-0.626101,0.121976,0.125344,-0.555714,-0.551998
30.13,30.13,-0.705497,-0.706032,0.086449,0.087386,-0.484077,-0.483705
30.68,30.66,-0.705689,-0.706732,0.038613,0.038803,-0.488126,-0.489716
30.45,30.44,-0.62057,-0.621602,0.129017,0.128833,-0.554983,-0.554068
30.43,30.44,-0.689841,-0.689091,0.045174,0.045434,-0.489417,-0.488812
29.77,29.79,-0.706998,-0.705889,0.087934,0.087837,-0.483572,-0.483028
28.59,28.58,-0.677884,-0.680659,-0.489179,-0.485771,-0.136737,-0.12647
30.69,30.69,-0.718571,-0.719315,0.036066,0.034478,-0.487766,-0.488712
29.72,29.72,-0.723815,-0.723806,0.082896,0.082173,-0.484777,-0.485266
30.54,30.54,-0.614066,-0.616758,0.128098,0.130429,-0.559445,-0.55798
29.59,29.59,-0.70551,-0.705956,0.088943,0.087428,-0.484049,-0.483048
30.7,30.7,-0.690332,-0.692266,0.042168,0.042135,-0.488454,-0.488856
29.75,29.75,-0.705019,-0.705693,0.087437,0.087925,-0.483059,-0.482414
28.5,28.52,-0.198161,0.007166,-0.818075,-0.748414,-0.216937,-0.369747
30.1,30.13,-0.704511,-0.706151,0.087451,0.0873,-0.484057,-0.484093
30.54,30.54,-0.708176,-0.70826,0.0401,0.04035,-0.488131,-0.488204
29.03,29.03,0.390559,0.388987,-0.602616,-0.601488,-0.528943,-0.525723
28.83,28.83,-0.014898,-0.026774,-0.707922,-0.676265,-0.780591,-0.76006
30.52,30.55,-0.617561,-0.618469,0.13157,0.129646,-0.558935,-0.558073
30.13,30.13,-0.70322,-0.702512,0.047136,0.047077,-0.491014,-0.492115
30.39,30.37,-0.70569,-0.705324,0.041119,0.041941,-0.4891,-0.490229
30.72,30.72,-0.69231,-0.690727,0.042166,0.043051,-0.488972,-0.487811
30.37,30.37,-0.69929,-0.698632,0.047115,0.045994,-0.487974,-0.487811
29.2,29.19,0.401278,0.40266,-0.619823,-0.618635,-0.546575,-0.547026
29.2,29.22,0.399772,0.399958,-0.618843,-0.619617,-0.545576,-0.544606
30.58,30.58,-0.689878,-0.690204,0.045138,0.045889,-0.486412,-0.487203
30.55,30.54,-0.619047,-0.619565,0.129059,0.129586,-0.557975,-0.557197
30.22,30.23,-0.718347,-0.719547,0.082429,0.082807,-0.485736,-0.484716
29.5,29.51,-0.725309,-0.725115,0.082884,0.082555,-0.484289,-0.485433
28.48,28.48,-0.343431,-0.348062,-0.705372,-0.706677,-0.471869,-0.463865
29.04,29.04,0.391612,0.391758,-0.606061,-0.604138,-0.532479,-0.531434
30.37,30.37,-0.704197,-0.705482,0.04113,0.042323,-0.489587,-0.490442
30.19,30.19,-0.703699,-0.704014,0.044142,0.045061,-0.491052,-0.492051
30.68,30.68,-0.621086,-0.621246,0.125987,0.125459,-0.552017,-0.55249
28.67,28.67,-0.072527,-0.071638,-0.758331,-0.760513,-0.544747,-0.543883
30.68,30.68,-0.605743,-0.639299,0.127523,0.123745,-0.550364,-0.553913
30.34,30.34,-0.719047,-0.71872,0.039092,0.038396,-0.490741,-0.490861
30.37,30.38,-0.705173,-0.70578,0.041643,0.041362,-0.491093,-0.490756
30.25,30.25,-0.687379,-0.686033,0.051684,0.050529,-0.490824,-0.49017
30.25,30.25,-0.720517,-0.719407,0.038101,0.039027,-0.491767,-0.492142
30.42,30.42,-0.704705,-0.704961,0.041116,0.041547,-0.48859,-0.490922
30.49,30.49,-0.619058,-0.618863,0.13005,0.129085,-0.557463,-0.556816
30.66,30.65,-0.708147,-0.707062,0.038123,0.038473,-0.489656,-0.489317
28.43,28.43,0.135091,0.135892,-0.9347,-0.934429,-0.5785,-0.579226
28.73,28.73,0.142667,0.142228,-0.663727,-0.66371,-0.545312,-0.545566
29.66,29.67,-0.721847,-0.722838,0.08339,0.08283,-0.483752,-0.483953
30.69,30.69,-0.633449,-0.6214,0.123465,0.12581,-0.553655,-0.551866
30.27,30.27,-0.706019,-0.70583,0.086922,0.087219,-0.482073,-0.483074
28.68,28.68,-0.25656,-0.258021,-0.466298,-0.46736,-0.666754,-0.66724
29.23,29.23,0.399751,0.39914,-0.618362,-0.618522,-0.544068,-0.545893
30.39,30.39,-0.622571,-0.621205,0.129995,0.129497,-0.553988,-0.554402
30.64,30.64,-0.706164,-0.706321,0.037127,0.039335,-0.489149,-0.489015
30.24,30.23,-0.707536,-0.710539,0.088893,0.086752,-0.480561,-0.481402
30.31,30.31,-0.702557,-0.70152,0.088431,0.087598,-0.482025,-0.481284
30.07,30.07,-0.702706,-0.70278,0.047156,0.047126,-0.492512,-0.492938
30.64,30.64,-0.706668,-0.706653,0.039625,0.038677,-0.489626,-0.488785
28.43,28.43,0.135588,0.135927,-0.933694,-0.933726,-0.578985,-0.578717
30.63,30.63,-0.70616,-0.705941,0.039639,0.038653,-0.490623,-0.489005
29.8,29.79,-0.707494,-0.706226,0.086929,0.087826,-0.483087,-0.483026
29.07,29.07,0.398724,0.401398,-0.612886,-0.614715,-0.543514,-0.546506
29.21,29.21,0.402237,0.401928,-0.617343,-0.618034,-0.545036,-0.545778
28.21,28.27,-0.373603,-0.378436,-0.453224,-0.459384,-0.629556,-0.616394
30.61,30.61,-0.706683,-0.705418,0.039108,0.039178,-0.488129,-0.489831
30.63,30.63,-0.705679,-0.705928,0.040127,0.038902,-0.489612,-0.489387
30.22,30.22,-0.690171,-0.69357,0.089974,0.090209,-0.4819,-0.481812
28.67,28.67,-0.07681,-0.0766,-0.731583,-0.730573,-0.530456,-0.53146
30.52,30.52,-0.721989,-0.720112,0.033096,0.033773,-0.490835,-0.491372
30.14,30.14,-0.703691,-0.703536,0.047158,0.045862,-0.493021,-0.492614
30.66,30.64,-0.707176,-0.706405,0.037604,0.039129,-0.48765,-0.488542
29.77,29.77,-0.706993,-0.706381,0.086936,0.087417,-0.483583,-0.483157
30.52,30.52,-0.628446,-0.620142,0.128543,0.130734,-0.559565,-0.559558
29.92,29.92,-0.69563,-0.695492,0.09095,0.091743,-0.481937,-0.481836
29.71,29.7,-0.706978,-0.70593,0.08645,0.087107,-0.48459,-0.484193
28.46,28.45,0.137571,0.136987,-0.933687,-0.934796,-0.578968,-0.580233
30.43,30.44,-0.622558,-0.622473,0.126498,0.127296,-0.553527,-0.553512
30.61,30.61,-0.707172,-0.707558,0.040116,0.038751,-0.489124,-0.489428
30.21,30.22,-0.690692,-0.690141,0.092453,0.091022,-0.480875,-0.481127
30.49,30.52,-0.616608,-0.619683,0.128527,0.129873,-0.554453,-0.556614
30.68,30.68,-0.64786,-0.688602,0.060215,0.045469,-0.482371,-0.486613
30.64,30.62,-0.624062,-0.620726,0.124973,0.125626,-0.551553,-0.552974
30.45,30.45,-0.622068,-0.621518,0.127498,0.127493,-0.553511,-0.553811
30.07,30.08,-0.704024,-0.705793,0.086941,0.087152,-0.483057,-0.483676
30.46,30.47,-0.611708,-0.624551,0.1325,0.129013,-0.551361,-0.555038
29.53,29.53,-0.707473,-0.707179,0.087451,0.087139,-0.485084,-0.482656
30.49,30.49,-0.722007,-0.722791,0.034082,0.034379,-0.489822,-0.489495
30.39,30.39,-0.621615,-0.619415,0.130967,0.130271,-0.551464,-0.553126
30.39,30.39,-0.702997,-0.702516,0.084974,0.085298,-0.485074,-0.484475
30.12,30.12,-0.70319,-0.702438,0.047166,0.047242,-0.493517,-0.492959
29.72,29.72,-0.705517,-0.706315,0.087934,0.0878,-0.483058,-0.483818
28.67,28.66,-0.076298,-0.076922,-0.730061,-0.730334,-0.532438,-0.531951
29.66,29.67,-0.704001,-0.705552,0.085962,0.086047,-0.48457,-0.484242
28.71,28.71,0.142685,0.142359,-0.663709,-0.663457,-0.546814,-0.545016
29.86,29.85,-0.705021,-0.705905,0.087935,0.087705,-0.483054,-0.48367
28.05,28.07,-0.416164,-0.418566,-0.32995,-0.332217,-0.649566,-0.646758
29.68,29.67,-0.706034,-0.704234,0.087409,0.088043,-0.481065,-0.483041
29.72,29.7,-0.702572,-0.7019,0.088918,0.089519,-0.481018,-0.482308
30.64,30.65,-0.707167,-0.707086,0.038115,0.038147,-0.488646,-0.489211
29.2,29.19,0.400275,0.399144,-0.618835,-0.619175,-0.546072,-0.545159
30.66,30.66,-0.705142,-0.704086,0.037161,0.037527,-0.491644,-0.491446
28.61,28.61,-0.079087,-0.079729,-0.71333,-0.711133,-0.514241,-0.513741
30.49,30.49,-0.707661,-0.70731,0.036611,0.037072,-0.488166,-0.487817
23.52,23.43,-0.41629,-0.403295,0.070043,0.064699,0.779962,0.78895
30.46,30.46,-0.706154,-0.705765,0.039645,0.04014,-0.491124,-0.489427
29.8,29.79,-0.706482,-0.706304,0.086452,0.087305,-0.484586,-0.483754
30.49,30.49,-0.707646,-0.70773,0.036124,0.036897,-0.489173,-0.48872
30.46,30.46,-0.706156,-0.706288,0.040143,0.04011,-0.491118,-0.490434
22.89,22.87,-0.458582,-0.458892,0.087363,0.08738,-0.565067,-0.562806
30.37,30.37,-0.713909,-0.713798,0.083426,0.082285,-0.484184,-0.482623
30.57,30.57,-0.708153,-0.707383,0.037114,0.036952,-0.488666,-0.489091
28.48,28.49,0.14107,0.140492,-0.936654,-0.935676,-0.579973,-0.579801
30.52,30.53,-0.61956,-0.619186,0.130042,0.129821,-0.556967,-0.557081
29.93,29.93,-0.71888,-0.713964,0.085901,0.085957,-0.484199,-0.482768
30.49,30.5,-0.621051,-0.61969,0.129532,0.129885,-0.556484,-0.556824
28.65,28.65,-0.074157,-0.07321,-0.747947,-0.751466,-0.537631,-0.540923
30.49,30.49,-0.692802,-0.692438,0.042669,0.042974,-0.489471,-0.489404
30.64,30.65,-0.707672,-0.707125,0.038606,0.038634,-0.488143,-0.489075
30.52,30.52,-0.697281,-0.697455,0.043638,0.044189,-0.488497,-0.487531
29.2,29.2,0.399259,0.399205,-0.617859,-0.618149,-0.544567,-0.544521
30.64,30.65,-0.708143,-0.707563,0.039631,0.03809,-0.49064,-0.489155
29.54,29.55,-0.688702,-0.692117,0.09347,0.092004,-0.481848,-0.481739
30.33,30.32,-0.71594,-0.715255,0.08337,0.08428,-0.480195,-0.482698
28.44,28.44,0.13554,0.136323,-0.931736,-0.933609,-0.575958,-0.577926
30.36,30.36,-0.705505,-0.705236,0.087945,0.087758,-0.48406,-0.482021
30.72,30.72,-0.689849,-0.691104,0.042158,0.042869,-0.487448,-0.488973
30.4,30.4,-0.705158,-0.70552,0.040153,0.040508,-0.491611,-0.489746
30.49,30.48,-0.638889,-0.623564,0.126467,0.128821,-0.556173,-0.555397
28.7,28.7,-0.532532,-0.495578,0.494764,0.464913,-0.37026,-0.400826
29.69,29.69,-0.68867,-0.68909,0.091998,0.092816,-0.483868,-0.481924
30.34,30.34,-0.700075,-0.700245,0.087942,0.088381,-0.482009,-0.481284
29.18,29.18,0.398279,0.399215,-0.618855,-0.618481,-0.545088,-0.546007
30.43,30.45,-0.622542,-0.622292,0.128018,0.129245,-0.555513,-0.554981
29.75,29.73,-0.705492,-0.706685,0.087957,0.086862,-0.485061,-0.484373
30.31,30.31,-0.697262,-0.701724,0.045662,0.043279,-0.490978,-0.492051
30.66,30.65,-0.706689,-0.706574,0.039102,0.039119,-0.487629,-0.488534
30.51,30.51,-0.696293,-0.695912,0.043137,0.044206,-0.487993,-0.486756
30.46,30.46,-0.705673,-0.706333,0.040133,0.040371,-0.490113,-0.489765
30.48,30.48,-0.688856,-0.688507,0.045171,0.045646,-0.488908,-0.488378
30.66,30.66,-0.707173,-0.707234,0.038109,0.038604,-0.488145,-0.489883
29.03,29.03,0.419336,0.418992,-0.626066,-0.62803,-0.561015,-0.559983
30.63,30.63,-0.707164,-0.7073,0.037616,0.037093,-0.488651,-0.488733
30.66,30.67,-0.620041,-0.620682,0.124038,0.126287,-0.555536,-0.551529
28.27,28.17,-0.403158,-0.418229,-0.333297,-0.341742,-0.657505,-0.640537
30.12,30.12,-0.715918,-0.715954,0.084896,0.085351,-0.482682,-0.483163
30.28,30.29,-0.726276,-0.72773,0.072876,0.072337,-0.481906,-0.48194
30.37,30.37,-0.711605,-0.709846,0.038122,0.039356,-0.490688,-0.492762
30.7,30.7,-0.70666,-0.706106,0.038129,0.03836,-0.489643,-0.488724
29.48,29.48,-0.705537,-0.706211,0.089417,0.087659,-0.48204,-0.483323
30.31,30.31,-0.694757,-0.696219,0.044194,0.044656,-0.492476,-0.491141
30.3,30.29,-0.723952,-0.722838,0.036117,0.037434,-0.493823,-0.492256
30.7,30.7,-0.724445,-0.725649,0.031104,0.031602,-0.49188,-0.490112
30.66,30.65,-0.707182,-0.707074,0.038602,0.038696,-0.487638,-0.489234
26.45,26.47,9.459255,9.47551,5.372294,5.236032,-6.241262,-6.184793
28.61,28.6,-0.147659,-0.14735,0.674809,0.6716,-0.580256,-0.585518
30.42,30.42,-0.62256,-0.622547,0.129004,0.128917,-0.5545,-0.55431
30.48,30.48,-0.614043,-0.614067,0.130627,0.131987,-0.562422,-0.561044
29.2,29.21,0.401755,0.401352,-0.619839,-0.617907,-0.545069,-0.545792
30.25,30.25,-0.705513,-0.7053,0.088438,0.08723,-0.483554,-0.482614
30.58,30.58,-0.695319,-0.694745,0.045129,0.043932,-0.487462,-0.487625
28.94,28.94,0.300759,0.300804,-0.638627,-0.64013,-0.549665,-0.547808
30.25,30.25,-0.692832,-0.693612,0.048155,0.048226,-0.489409,-0.489716
30.49,30.49,-0.697793,-0.699197,0.043119,0.043167,-0.487005,-0.487718
30.31,30.31,-0.7297,-0.729815,0.068898,0.068666,-0.483985,-0.48466
30.42,30.42,-0.704698,-0.705023,0.042126,0.041083,-0.48958,-0.489685
30.28,30.28,-0.692814,-0.693225,0.048173,0.04603,-0.490911,-0.49121
30.36,30.36,-0.689847,-0.68884,0.046171,0.047363,-0.489406,-0.489924
30.42,30.41,-0.620054,-0.622848,0.127535,0.12974,-0.555997,-0.553167
30.64,30.64,-0.70618,-0.705893,0.04012,0.038998,-0.489115,-0.48907
30.31,30.31,-0.705663,-0.707459,0.041647,0.041709,-0.491598,-0.493561
29.04,29.03,0.399636,0.399687,-0.609451,-0.609962,-0.538458,-0.540372
30.64,30.64,-0.70766,-0.70657,0.038618,0.039473,-0.489145,-0.489436
28.44,28.45,-0.58603,-0.559555,-0.516332,-0.509281,-0.298532,-0.328014
30.25,30.25,-0.693832,-0.694442,0.049647,0.047969,-0.489401,-0.48942
30.46,30.45,-0.61267,-0.627171,0.131523,0.128544,-0.553384,-0.556358
29.13,29.13,0.393206,0.395619,-0.608958,-0.610094,-0.540011,-0.540579
29.51,29.5,-0.705984,-0.705753,0.084951,0.084409,-0.484098,-0.483311
24.85,24.86,-1.94342,-1.846405,1.218972,1.226361,0.393033,0.347393
30.4,30.4,-0.705669,-0.705314,0.041641,0.041285,-0.491097,-0.489946
30.43,30.43,-0.705693,-0.705248,0.042621,0.041463,-0.489583,-0.489763
28.48,28.48,0.146535,0.158575,-0.937625,-0.920109,-0.580437,-0.572716
30.51,30.51,-0.706153,-0.705303,0.040648,0.040534,-0.491614,-0.489273
30.3,30.3,-0.716609,-0.715268,0.042069,0.040261,-0.488683,-0.4905
30.72,30.72,-0.692329,-0.691247,0.044654,0.043225,-0.488443,-0.487883
28.86,28.86,0.317337,0.318956,-0.665414,-0.664412,-0.514763,-0.512929
30.6,30.6,-0.708675,-0.706957,0.039594,0.039146,-0.48764,-0.490105
30.48,30.46,-0.603245,-0.617576,0.13056,0.129585,-0.553313,-0.554786
28.3,28.3,0.141555,0.142187,-0.933654,-0.93391,-0.580435,-0.578429
30.7,30.7,-0.690352,-0.690845,0.044655,0.043258,-0.487925,-0.488421
29.86,29.85,-0.705513,-0.705551,0.089442,0.087874,-0.484043,-0.48352
28.61,28.61,-0.07902,-0.079191,-0.722288,-0.722178,-0.515845,-0.518495
30.33,30.33,-0.712564,-0.713709,0.03765,0.03921,-0.493206,-0.491831
28.65,28.66,-0.076814,-0.076702,-0.729582,-0.730055,-0.530935,-0.53141
25.74,25.75,-2.223889,-1.229737,-3.140862,-1.365749,1.516272,0.815991
30.49,30.49,-0.72203,-0.721321,0.036065,0.034678,-0.488798,-0.488577
28.74,28.74,0.144195,0.142225,-0.666689,-0.663699,-0.547336,-0.546072
30.7,30.71,-0.707666,-0.707455,0.037608,0.037301,-0.488155,-0.489093
30.51,30.51,-0.714053,-0.714367,0.034634,0.03597,-0.49175,-0.492214
29.2,29.21,0.399758,0.400093,-0.618356,-0.620257,-0.544568,-0.544392
30.49,30.49,-0.707162,-0.707529,0.037118,0.037407,-0.488657,-0.487971
29.18,29.18,0.399782,0.398954,-0.618332,-0.618455,-0.546571,-0.545298
30.25,30.25,-0.684915,-0.685596,0.05218,0.051128,-0.489796,-0.490029
30.49,30.49,-0.620054,-0.62035,0.128538,0.129115,-0.556487,-0.556062
30.31,30.31,-0.721506,-0.722157,0.037599,0.037779,-0.491781,-0.493788
29.21,29.21,0.400278,0.401504,-0.617327,-0.618053,-0.547057,-0.545962
29.53,29.53,-0.703554,-0.696598,0.089425,0.090805,-0.482023,-0.481731
29.57,29.56,-0.705535,-0.70542,0.087915,0.087575,-0.481556,-0.483522
30.36,30.35,-0.706031,-0.704928,0.08691,0.087052,-0.481071,-0.482147
30.54,30.55,-0.694779,-0.693617,0.042668,0.042659,-0.489989,-0.489704
29.21,29.21,0.403241,0.40199,-0.617328,-0.618568,-0.546029,-0.545794
28.43,28.43,0.136084,0.136437,-0.933693,-0.934662,-0.578981,-0.579555
29.81,29.82,-0.704519,-0.705326,0.087943,0.088593,-0.48355,-0.483495
30.45,30.45,-0.708149,-0.706678,0.039625,0.039599,-0.49014,-0.489972
30.21,30.21,-0.704177,-0.703942,0.044159,0.045179,-0.492558,-0.491934
30.72,30.72,-0.690826,-0.69095,0.041667,0.042468,-0.488464,-0.48834
29.8,29.78,-0.705988,-0.705976,0.087955,0.087145,-0.485066,-0.484058
30.52,30.52,-0.719017,-0.717675,0.034609,0.034782,-0.491293,-0.492401
30.63,30.63,-0.707669,-0.707732,0.038107,0.039221,-0.488149,-0.488773
29.13,29.13,0.421916,0.421376,-0.634481,-0.634768,-0.565596,-0.566781
30.33,30.32,-0.730211,-0.730582,0.069382,0.070044,-0.482982,-0.482527
30.52,30.54,-0.722474,-0.722019,0.032103,0.033658,-0.491351,-0.49148
28.62,28.62,-0.135037,-0.135404,-0.69147,-0.690859,-0.734866,-0.73356
30.34,30.34,-0.625056,-0.620907,0.12998,0.129348,-0.553509,-0.553114
30.43,30.42,-0.622073,-0.622542,0.129498,0.129016,-0.553989,-0.554695
29.68,29.67,-0.698148,-0.701533,0.090401,0.089761,-0.478458,-0.481565
28.61,28.59,-0.358544,-0.402485,-0.816809,-0.725177,0.128292,0.007871
30.39,30.39,-0.706162,-0.70633,0.041141,0.04092,-0.491107,-0.490645
29.79,29.79,-0.706508,-0.705597,0.088933,0.087536,-0.483557,-0.483619
30.49,30.49,-0.722511,-0.722655,0.034573,0.034166,-0.48932,-0.489126
28.53,28.53,-0.191656,-0.192693,0.655717,0.654849,-0.582858,-0.584018
30.52,30.54,-0.619071,-0.619085,0.129035,0.129533,-0.555972,-0.557133
30.6,30.6,-0.606732,-0.625832,0.128024,0.124208,-0.550867,-0.55285
30.4,30.39,-0.623047,-0.622172,0.127506,0.128822,-0.554521,-0.553291
30.49,30.49,-0.705694,-0.706,0.039611,0.039671,-0.488115,-0.488643
29.18,29.18,0.411366,0.411419,-0.628138,-0.628209,-0.5571,-0.554877
28.85,28.85,0.316249,0.315753,-0.661001,-0.661611,-0.508712,-0.510446
30.6,30.6,-0.707655,-0.707197,0.036617,0.037844,-0.488667,-0.488945
29.16,29.16,0.40028,0.399966,-0.619833,-0.619364,-0.546083,-0.545755
28.53,28.52,-0.14644,-0.16501,-0.685997,-0.696645,-0.737407,-0.72082
29.65,29.65,-0.687707,-0.689124,0.093978,0.092791,-0.482334,-0.481123
30.63,30.63,-0.707179,-0.70721,0.038103,0.037274,-0.487644,-0.488806
29.88,29.88,-0.6927,-0.692559,0.091419,0.091089,-0.4784,-0.481703
30.48,30.48,-0.705189,-0.705392,0.03912,0.040333,-0.488617,-0.489607
30.45,30.45,-0.621066,-0.620574,0.130018,0.129395,-0.555477,-0.555675
24.08,24.09,-0.443495,-0.444492,0.116724,0.11681,-0.554586,-0.556622
30.31,30.31,-0.689362,-0.688416,0.048168,0.048516,-0.489379,-0.489797
29.74,29.75,-0.707482,-0.707159,0.086941,0.087088,-0.484088,-0.483839
30.43,30.43,-0.622042,-0.621828,0.130532,0.12916,-0.556982,-0.554792
30.52,30.54,-0.722963,-0.722362,0.033111,0.03349,-0.492346,-0.491324
30.33,30.34,-0.696142,-0.695309,0.089429,0.08925,-0.479955,-0.480611
30.68,30.66,-0.706663,-0.706773,0.037624,0.0383,-0.489148,-0.488124
30.73,30.72,-0.690382,-0.690954,0.045629,0.042415,-0.48591,-0.488471
28.68,28.68,-0.257511,-0.254842,-0.464758,-0.457124,-0.670752,-0.672576
30.37,30.38,-0.708945,-0.70733,0.08345,0.083881,-0.484642,-0.485098
29.69,29.68,-0.721782,-0.717171,0.081449,0.083422,-0.488282,-0.485805
30.28,30.28,-0.686876,-0.685785,0.05019,0.050014,-0.490837,-0.489507
28.64,28.6,-0.143005,-0.140531,-0.695044,-0.696003,-0.730468,-0.729996
30.7,30.7,-0.707174,-0.707067,0.037106,0.038227,-0.487655,-0.488403
28.62,28.62,-0.077642,-0.078607,-0.71437,-0.713985,-0.510233,-0.511364
30.7,30.71,-0.689361,-0.690448,0.043656,0.043234,-0.487427,-0.487541
30.52,30.5,-0.620558,-0.619367,0.130033,0.129867,-0.556474,-0.556441
29.11,29.12,0.399791,0.400081,-0.618825,-0.61892,-0.547078,-0.544432
30.52,30.52,-0.619073,-0.61932,0.130537,0.130221,-0.556456,-0.556396
28.7,28.71,0.142206,0.142381,-0.665699,-0.663345,-0.547342,-0.546467
22.34,22.35,-0.457624,-0.456165,0.086832,0.086091,-0.56206,-0.564345
30.19,30.19,-0.704189,-0.703526,0.04515,0.045722,-0.492046,-0.491318
30.57,30.55,-0.623036,-0.618835,0.131027,0.130684,-0.556985,-0.556978
30.51,30.51,-0.706171,-0.705722,0.041634,0.0406,-0.490601,-0.490373
30.37,30.37,-0.706672,-0.705397,0.041626,0.041341,-0.490104,-0.490472
28.56,28.55,-0.335237,-0.325158,-0.598298,-0.600051,-0.581279,-0.584046
29.16,29.16,0.402249,0.401875,-0.618335,-0.61874,-0.545548,-0.546007
30.07,30.07,-0.702703,-0.702845,0.046658,0.04716,-0.492517,-0.493309
29.93,29.93,-0.700547,-0.701077,0.087964,0.087476,-0.484016,-0.483852
28.89,28.89,0.297767,0.297895,-0.637653,-0.639162,-0.548678,-0.54921
30.43,30.43,-0.621082,-0.621723,0.128499,0.129337,-0.553491,-0.554569
22.68,22.48,-0.654822,-0.676252,-0.0293,0.011508,0.458206,0.414124
29.83,29.82,-0.706999,-0.706401,0.086931,0.087958,-0.483083,-0.483752
29.18,29.18,0.399749,0.399719,-0.617863,-0.618341,-0.544062,-0.544639
30.49,30.49,-0.620069,-0.620182,0.129025,0.129115,-0.55548,-0.555565
30.49,30.47,-0.63936,-0.623211,0.126489,0.128774,-0.558181,-0.555094
28.47,28.47,0.137588,0.137542,-0.934672,-0.935206,-0.579981,-0.579606
30.37,30.37,-0.71507,-0.716635,0.038115,0.037885,-0.491219,-0.492057
30.61,30.61,-0.728423,-0.725264,0.032081,0.031963,-0.491403,-0.49056
30.39,30.39,-0.707174,-0.705626,0.041618,0.042307,-0.489608,-0.490408
30.51,30.52,-0.70718,-0.707291,0.0371,0.037473,-0.487155,-0.488358
30.22,30.22,-0.720024,-0.721642,0.038602,0.038634,-0.491757,-0.492052
30.54,30.53,-0.617069,-0.618399,0.130064,0.130545,-0.557946,-0.556895
30.73,30.73,-0.70668,-0.706282,0.03861,0.038026,-0.488135,-0.488023
30.61,30.61,-0.70715,-0.707307,0.03713,0.036825,-0.489658,-0.488015
30.25,30.25,-0.687393,-0.686632,0.049665,0.050347,-0.488844,-0.489336
30.49,30.5,-0.708169,-0.707779,0.036597,0.036731,-0.487169,-0.488261
30.49,30.49,-0.708139,-0.707944,0.036627,0.037336,-0.489673,-0.488831
29.59,29.59,-0.699564,-0.699478,0.08846,0.087539,-0.483502,-0.485314
30.48,30.48,-0.620564,-0.620362,0.130026,0.128792,-0.555974,-0.55568
30.45,30.43,-0.622066,-0.621972,0.130508,0.128722,-0.554979,-0.554969
30.12,30.12,-0.686209,-0.687798,0.091989,0.09302,-0.482344,-0.482666
30.22,30.22,-0.706143,-0.707865,0.042162,0.041593,-0.493099,-0.49318
30.33,30.33,-0.714881,-0.71434,0.079931,0.082768,-0.484232,-0.48394
30.12,30.12,-0.702721,-0.702683,0.046639,0.048333,-0.491015,-0.492859
30.36,30.36,-0.62307,-0.62313,0.129489,0.128646,-0.553497,-0.553106
30.52,30.51,-0.724999,-0.723708,0.034053,0.033593,-0.488346,-0.489151
29.18,29.18,0.401745,0.401731,-0.616841,-0.618028,-0.545536,-0.545479
30.51,30.51,-0.704672,-0.705396,0.040648,0.040033,-0.4911,-0.490817
29.04,29.04,0.674107,0.672293,-0.48424,-0.482751,-0.493083,-0.490943
28.76,28.76,0.143168,0.143109,-0.664722,-0.664677,-0.545319,-0.54574
30.45,30.44,-0.621054,-0.622067,0.130031,0.128892,-0.556479,-0.554562
28.94,28.94,0.297272,0.296657,-0.641164,-0.640099,-0.54722,-0.548455
30.55,30.55,-0.633385,-0.627449,0.129545,0.128987,-0.5616,-0.560167
30.52,30.52,-0.619554,-0.62019,0.130048,0.128822,-0.557467,-0.555638
30.18,30.19,-0.70371,-0.70436,0.046137,0.045297,-0.491029,-0.491024
30.55,30.55,-0.604662,-0.606414,0.131125,0.130355,-0.559329,-0.558046
30.6,30.6,-0.698282,-0.698403,0.044127,0.043498,-0.487999,-0.487186
30.58,30.59,-0.718563,-0.718703,0.035573,0.035962,-0.488273,-0.487924
29.59,29.56,-0.687705,-0.690656,0.092476,0.091176,-0.48185,-0.482903
30.7,30.7,-0.689352,-0.69041,0.044166,0.043293,-0.488423,-0.488712
30.46,30.45,-0.623037,-0.622549,0.130023,0.129105,-0.556496,-0.555039
30.72,30.72,-0.706653,-0.706388,0.038135,0.038365,-0.490144,-0.488826
30.31,30.31,-0.704665,-0.706089,0.042661,0.041991,-0.492579,-0.492935
29.04,29.04,0.392619,0.393135,-0.605541,-0.605037,-0.533967,-0.532193
28.14,28.15,0.220135,0.220577,0.552252,0.551687,-0.557412,-0.558056
30.34,30.35,-0.709125,-0.707406,0.040138,0.040229,-0.491645,-0.492416
30.51,30.51,-0.705194,-0.705541,0.041121,0.040392,-0.489095,-0.490053
30.46,30.46,-0.707144,-0.70762,0.036132,0.036843,-0.48967,-0.488378
30.42,30.42,-0.705685,-0.70541,0.040121,0.041217,-0.489111,-0.489747
29.86,29.86,-0.70701,-0.705956,0.087922,0.088004,-0.48257,-0.483267
30.33,30.33,-0.714924,-0.715718,0.083398,0.083951,-0.48219,-0.48239
29.69,29.68,-0.6971,-0.701521,0.08996,0.088164,-0.482962,-0.484383
30.49,30.49,-0.706657,-0.705744,0.042143,0.040633,-0.491601,-0.490208
30.33,30.32,-0.721483,-0.721655,0.035616,0.036259,-0.492805,-0.49281
30.28,30.29,-0.726749,-0.7276,0.070892,0.072295,-0.482935,-0.48207
29.54,29.55,-0.725303,-0.722691,0.081887,0.082668,-0.4843,-0.484149
30.66,30.66,-0.706172,-0.707282,0.038624,0.037648,-0.489132,-0.487966
29.8,29.8,-0.706004,-0.706072,0.087439,0.087525,-0.483569,-0.484105
30.37,30.37,-0.694757,-0.696483,0.045197,0.04349,-0.492965,-0.491337
30.46,30.47,-0.621042,-0.620649,0.129039,0.129334,-0.556991,-0.556458
29.11,29.11,0.382066,0.381691,-0.600707,-0.600831,-0.524487,-0.525849
30.34,30.34,-0.69824,-0.699877,0.044169,0.043078,-0.491505,-0.491782
28.67,28.67,-0.071997,-0.072169,-0.761304,-0.761358,-0.546278,-0.545134
30.69,30.68,-0.720502,-0.719208,0.032098,0.033,-0.490332,-0.491122
28.15,28.15,0.221147,0.220742,0.550771,0.551584,-0.558422,-0.557279
30.34,30.34,-0.711937,-0.710831,0.084424,0.08468,-0.483655,-0.482545
30.7,30.7,-0.706676,-0.707115,0.035605,0.037536,-0.487167,-0.487765
28.62,28.62,-0.080154,-0.080167,-0.707391,-0.708508,-0.510677,-0.510655
30.63,30.63,-0.707179,-0.706588,0.038103,0.038943,-0.487644,-0.489318
30.51,30.51,-0.707673,-0.706095,0.036599,0.037288,-0.487165,-0.487985
30.64,30.65,-0.706661,-0.707162,0.039631,0.038862,-0.490127,-0.488587
30.18,30.17,-0.704657,-0.703524,0.045677,0.044666,-0.494549,-0.491846
30.12,30.12,-0.705526,-0.706169,0.087423,0.087773,-0.482063,-0.48276
29.65,29.65,-0.705989,-0.706051,0.086952,0.08694,-0.484576,-0.483149
30.21,30.21,-0.690804,-0.689982,0.047705,0.048576,-0.492903,-0.491163
28.44,28.43,0.137086,0.136477,-0.93468,-0.934371,-0.579484,-0.579276
30.45,30.45,-0.707649,-0.707337,0.036623,0.037245,-0.489168,-0.488527
29.57,29.57,-0.726267,-0.715435,0.082412,0.085291,-0.486807,-0.483851
29.54,29.54,-0.70604,-0.706471,0.088406,0.088208,-0.481054,-0.48422
29.6,29.59,-0.713383,-0.711792,0.082454,0.084782,-0.486194,-0.484741
22.45,22.45,-0.459591,-0.459805,0.089348,0.088695,-0.564553,-0.564211
30.49,30.5,-0.619552,-0.618032,0.12955,0.129944,-0.557473,-0.558251
23.99,24.0,1.725454,1.749431,1.487839,1.473903,-0.227703,-0.212476
30.21,30.21,-0.689232,-0.690774,0.092934,0.091437,-0.478853,-0.481884
30.48,30.47,-0.707148,-0.705147,0.04014,0.040066,-0.491127,-0.489282
30.57,30.56,-0.64238,-0.63507,0.122423,0.124101,-0.552743,-0.553116
29.18,29.18,0.402771,0.4018,-0.618808,-0.619126,-0.547553,-0.546252
30.6,30.59,-0.61856,-0.618729,0.130557,0.129873,-0.557954,-0.557121
28.5,28.5,0.326637,0.327202,-0.523627,-0.523048,-0.648814,-0.649043
28.39,28.38,-0.350348,-0.333225,-0.485774,-0.538398,-0.61119,-0.603794
28.24,28.26,0.218664,0.217931,0.549254,0.548018,-0.557459,-0.556583
30.48,30.48,-0.705667,-0.705497,0.039136,0.04003,-0.490124,-0.489802
29.21,29.21,0.402234,0.401164,-0.617848,-0.618052,-0.544541,-0.544959
30.48,30.48,-0.614551,-0.614808,0.130613,0.131581,-0.561424,-0.560684
30.64,30.64,-0.704696,-0.705989,0.03962,0.038979,-0.488607,-0.489227
30.68,30.68,-0.689854,-0.692827,0.044158,0.042749,-0.487926,-0.488233
30.6,30.6,-0.707173,-0.706788,0.038109,0.036951,-0.488145,-0.48833
30.45,30.45,-0.620556,-0.62009,0.127527,0.129615,-0.555501,-0.555603
30.66,30.66,-0.706161,-0.705994,0.037632,0.038975,-0.489644,-0.489242
30.66,30.66,-0.707669,-0.707189,0.038107,0.038057,-0.488149,-0.489253
30.27,30.27,-0.714113,-0.715941,0.041093,0.040992,-0.489674,-0.490558
30.61,30.61,-0.70766,-0.707799,0.037614,0.037173,-0.488656,-0.48768
30.45,30.45,-0.631507,-0.624531,0.130953,0.128868,-0.553554,-0.555044
28.61,28.61,-0.079107,-0.079863,-0.710842,-0.710015,-0.513712,-0.511366
30.48,30.48,-0.694278,-0.694054,0.042675,0.042456,-0.490485,-0.490371
30.3,30.31,-0.704544,-0.705145,0.087919,0.08771,-0.481547,-0.48138
30.51,30.51,-0.707161,-0.706465,0.038121,0.037699,-0.489146,-0.487447
28.98,28.99,0.674625,0.67528,-0.487225,-0.486344,-0.493613,-0.494018
30.24,30.23,-0.704139,-0.703727,0.042692,0.043316,-0.495079,-0.492899
30.46,30.47,-0.707643,-0.707404,0.036629,0.036998,-0.489668,-0.48829
30.48,30.48,-0.707173,-0.707233,0.038109,0.036489,-0.488145,-0.488219
30.63,30.64,-0.707639,-0.707068,0.03914,0.037999,-0.491143,-0.490189
30.14,30.14,-0.710441,-0.711581,0.083937,0.08488,-0.484148,-0.485354
30.13,30.13,-0.704164,-0.703405,0.046177,0.046657,-0.494539,-0.491892
30.19,30.19,-0.695812,-0.698065,0.049141,0.047941,-0.489424,-0.490749
30.28,30.29,-0.689358,-0.690043,0.049676,0.049487,-0.490364,-0.488954
29.54,29.53,-0.687702,-0.698504,0.092981,0.090746,-0.482345,-0.481152
30.68,30.69,-0.717028,-0.716553,0.033619,0.033425,-0.491287,-0.491515
30.64,30.64,-0.707171,-0.707364,0.036607,0.037133,-0.487661,-0.488759
30.31,30.31,-0.724481,-0.723218,0.036584,0.036657,-0.491318,-0.492458
30.46,30.46,-0.70521,-0.705374,0.039601,0.039746,-0.487109,-0.488852
29.23,29.22,0.400293,0.400037,-0.618817,-0.619382,-0.547574,-0.545895
29.71,29.7,-0.706496,-0.70637,0.087942,0.087589,-0.484068,-0.484137
28.48,28.49,-0.427024,-0.418382,-0.586135,-0.559249,-0.459224,-0.480041
30.51,30.5,-0.691869,-0.68948,0.045623,0.045415,-0.485923,-0.488199
30.46,30.46,-0.706659,-0.705783,0.039132,0.040297,-0.490133,-0.489671
28.92,28.92,-0.442667,-0.412958,-0.80591,-0.816101,0.191296,0.162358
30.6,30.62,-0.706641,-0.706522,0.03915,0.039035,-0.491635,-0.489076
30.64,30.63,-0.707187,-0.706285,0.039599,0.039,-0.487627,-0.488553
30.57,30.57,-0.706188,-0.707244,0.038107,0.037611,-0.487636,-0.488637
28.38,28.37,0.141068,0.141785,-0.934149,-0.934408,-0.580946,-0.57905
30.52,30.52,-0.700264,-0.701463,0.040611,0.042292,-0.486554,-0.487422
30.49,30.49,-0.706158,-0.706553,0.037133,0.037083,-0.48965,-0.488933
29.13,29.13,0.418428,0.420771,-0.632505,-0.634821,-0.565103,-0.566326
30.45,30.43,-0.621078,-0.621902,0.129003,0.128809,-0.553986,-0.553885
30.19,30.21,-0.704207,-0.703712,0.044129,0.045584,-0.490055,-0.491887
30.48,30.48,-0.706147,-0.705753,0.040654,0.040894,-0.492114,-0.490811
29.07,29.07,0.401256,0.403314,-0.61483,-0.616462,-0.54702,-0.548343
28.29,28.29,0.212727,0.213348,0.550247,0.549197,-0.559002,-0.558612
28.73,28.73,0.145648,0.144676,-0.66371,-0.664029,-0.545787,-0.545654
30.51,30.51,-0.691335,-0.691018,0.044159,0.043808,-0.48844,-0.489458
30.51,30.51,-0.724962,-0.724129,0.031583,0.033667,-0.490377,-0.491253
29.93,29.93,-0.704009,-0.704401,0.086455,0.086368,-0.484064,-0.48527
30.42,30.42,-0.705176,-0.704966,0.041138,0.041593,-0.490598,-0.489759
29.54,29.5,-0.706512,-0.70586,0.086422,0.087139,-0.482082,-0.483025
29.56,29.55,-0.7253,-0.722902,0.082392,0.083266,-0.484796,-0.484614
30.36,30.35,-0.697602,-0.696747,0.088948,0.088965,-0.481976,-0.480972
30.45,30.44,-0.706648,-0.706434,0.04165,0.040554,-0.492107,-0.489699
30.7,30.69,-0.642364,-0.636184,0.123943,0.123898,-0.554729,-0.552793
30.3,30.3,-0.692326,-0.692089,0.046162,0.04737,-0.489427,-0.491926
29.62,29.61,-0.70551,-0.706011,0.088943,0.087617,-0.484049,-0.483417
30.57,30.57,-0.725949,-0.725588,0.029579,0.032903,-0.489907,-0.491274
27.13,27.13,0.245339,0.244543,-0.648745,-0.649045,-0.513697,-0.51258
28.56,28.56,-0.148127,-0.143198,0.675335,0.677126,-0.582758,-0.5824
29.12,29.12,0.389164,0.389299,-0.605037,-0.605717,-0.535494,-0.534078
30.46,30.46,-0.613181,-0.61751,0.131004,0.13027,-0.551891,-0.554051
29.69,29.7,-0.706531,-0.706268,0.089913,0.088715,-0.482043,-0.481954
28.47,28.5,-0.146528,0.000834,0.627343,0.748768,-0.489123,-0.412618
30.58,30.59,-0.7195,-0.719472,0.035623,0.033525,-0.492788,-0.491289
30.3,30.3,-0.715098,-0.715719,0.041095,0.040018,-0.490184,-0.490396
28.46,28.46,0.140679,0.140502,-0.661733,-0.664034,-0.545808,-0.546196
29.92,29.92,-0.725306,-0.723916,0.082386,0.082343,-0.484295,-0.485265
30.72,30.71,-0.724935,-0.722479,0.031108,0.031595,-0.492386,-0.491452
30.72,30.72,-0.695803,-0.69497,0.044136,0.042931,-0.487978,-0.486221
28.71,28.71,0.14169,0.142423,-0.664217,-0.664736,-0.546328,-0.546037
29.6,29.6,-0.696624,-0.694188,0.091446,0.092315,-0.48194,-0.482079
29.77,29.76,-0.706016,-0.705347,0.08843,0.087729,-0.483057,-0.483445
28.65,28.65,-0.079531,-0.079478,-0.713783,-0.713185,-0.518257,-0.516031
28.56,28.56,0.141676,0.142622,-0.662727,-0.663491,-0.54581,-0.545816
30.66,30.64,-0.707181,-0.707017,0.039605,0.038874,-0.488128,-0.489087
29.04,29.04,0.421882,0.414359,-0.630503,-0.624798,-0.564549,-0.555975
30.36,30.37,-0.706013,-0.706076,0.086928,0.087446,-0.482573,-0.482503
30.4,30.38,-0.603287,-0.626634,0.131522,0.128599,-0.550297,-0.554489
30.43,30.42,-0.622078,-0.62224,0.130496,0.129037,-0.553978,-0.553866
30.48,30.48,-0.705176,-0.705737,0.041138,0.040443,-0.490598,-0.490205
30.48,30.47,-0.705669,-0.705853,0.041641,0.039509,-0.491097,-0.488854
29.88,29.87,-0.719819,-0.713194,0.081937,0.084687,-0.486757,-0.485205
30.4,30.4,-0.705683,-0.705113,0.042128,0.041829,-0.49009,-0.491631
29.88,29.87,-0.685719,-0.694868,0.092988,0.090701,-0.482328,-0.482919
30.48,30.47,-0.707154,-0.707459,0.035621,0.036601,-0.488674,-0.488505
30.51,30.51,-0.706676,-0.7068,0.035605,0.03733,-0.487167,-0.48795
30.39,30.37,-0.728288,-0.727872,0.079358,0.080322,-0.482351,-0.483975
30.61,30.62,-0.624068,-0.623573,0.124967,0.125603,-0.551053,-0.552433
29.81,29.81,-0.706494,-0.706226,0.087443,0.086908,-0.484074,-0.483422
30.57,30.57,-0.686397,-0.687441,0.045661,0.045685,-0.487378,-0.488028
28.7,28.7,-0.254053,-0.256087,-0.479297,-0.479146,-0.663374,-0.660835
22.24,22.24,-0.455161,-0.455478,0.090837,0.089662,-0.562494,-0.562791
30.22,30.22,-0.702598,-0.705991,0.090396,0.088425,-0.479499,-0.480943
30.14,30.13,-0.706024,-0.705388,0.088923,0.087627,-0.482551,-0.483291
30.49,30.49,-0.70818,-0.707409,0.037589,0.036987,-0.486657,-0.488215
30.42,30.42,-0.705663,-0.705932,0.040644,0.04152,-0.491108,-0.491016
30.52,30.52,-0.693838,-0.693383,0.044126,0.044733,-0.486458,-0.487444
30.6,30.6,-0.707174,-0.706778,0.037106,0.03662,-0.487655,-0.488198
30.61,30.62,-0.625046,-0.623929,0.125978,0.125593,-0.552552,-0.552497
29.83,29.84,-0.710492,-0.709441,0.089904,0.088549,-0.482578,-0.482379
28.68,28.68,-0.075324,-0.076109,-0.729072,-0.730151,-0.531417,-0.531982
28.39,28.4,0.136063,0.135558,-0.933212,-0.933734,-0.577473,-0.57859
30.37,30.38,-0.618092,-0.625905,0.128023,0.128201,-0.554472,-0.554723
30.63,30.64,-0.706173,-0.707106,0.03762,0.038573,-0.488643,-0.489411
28.61,28.61,-0.075084,-0.074467,-0.752903,-0.752973,-0.5407,-0.541252
30.63,30.63,-0.705184,-0.706932,0.039126,0.038272,-0.489118,-0.489653
30.27,30.26,-0.722452,-0.721769,0.037138,0.038575,-0.495301,-0.491767
29.89,29.88,-0.699084,-0.702933,0.087945,0.087176,-0.482001,-0.484397
30.43,30.42,-0.704689,-0.705316,0.041633,0.041113,-0.490087,-0.489728
30.7,30.7,-0.70766,-0.707836,0.037614,0.037651,-0.488656,-0.488466
29.66,29.7,-0.7253,-0.722352,0.082392,0.081979,-0.484796,-0.484419
30.69,30.69,-0.697787,-0.69669,0.042122,0.043241,-0.487016,-0.485982
30.42,30.42,-0.705668,-0.705277,0.042645,0.041056,-0.491587,-0.490419
29.84,29.84,-0.704516,-0.705571,0.088448,0.087798,-0.484046,-0.48303
30.36,30.36,-0.722,-0.723506,0.036094,0.035653,-0.491302,-0.492382
30.36,30.36,-0.687871,-0.687031,0.048678,0.048197,-0.489861,-0.489398
30.63,30.63,-0.707167,-0.706447,0.039118,0.038871,-0.489135,-0.489482
30.48,30.48,-0.705694,-0.705568,0.039611,0.040054,-0.488115,-0.490098
30.45,30.45,-0.621052,-0.620986,0.128528,0.129257,-0.555995,-0.55557
30.64,30.65,-0.719526,-0.718375,0.031586,0.033551,-0.488827,-0.491389
30.46,30.47,-0.708159,-0.707918,0.037108,0.036871,-0.488165,-0.488736
30.34,30.35,-0.715417,-0.716526,0.082897,0.083788,-0.4822,-0.481919
30.51,30.51,-0.696237,-0.695153,0.041689,0.042499,-0.492017,-0.49017
29.83,29.85,-0.705992,-0.706437,0.087451,0.087315,-0.484571,-0.483334
23.67,23.71,2.592543,2.496886,2.052222,1.965632,-0.137144,-0.118429
30.34,30.34,-0.700258,-0.701015,0.046132,0.045234,-0.489496,-0.488437
30.46,30.46,-0.706659,-0.706282,0.039132,0.03966,-0.490133,-0.489958
30.49,30.49,-0.708156,-0.706971,0.037612,0.036955,-0.48866,-0.487936
28.73,28.73,-0.253063,-0.255872,-0.473279,-0.472199,-0.665801,-0.666544
30.52,30.51,-0.620041,-0.619692,0.129554,0.129583,-0.557978,-0.556552
30.49,30.49,-0.707652,-0.707208,0.037122,0.037412,-0.489162,-0.488258
30.49,30.49,-0.707151,-0.706598,0.040638,0.040628,-0.491121,-0.490055
30.6,30.61,-0.707654,-0.706748,0.038624,0.038285,-0.489646,-0.489772
30.48,30.48,-0.688366,-0.688148,0.045167,0.045624,-0.488402,-0.488581
30.48,30.48,-0.619071,-0.620577,0.129035,0.128875,-0.555972,-0.556012
30.6,30.6,-0.707174,-0.707137,0.037106,0.037073,-0.487655,-0.488222
30.63,30.63,-0.706151,-0.706814,0.038143,0.039125,-0.49064,-0.489578
29.95,29.95,-0.696624,-0.696331,0.091446,0.090976,-0.48194,-0.48092
30.33,30.33,-0.707996,-0.705608,0.08692,0.087575,-0.48259,-0.482332
29.16,29.16,0.401783,0.402129,-0.61931,-0.618417,-0.547567,-0.546672
30.18,30.17,-0.704655,-0.703362,0.044175,0.045653,-0.494065,-0.492124
30.51,30.51,-0.707655,-0.706565,0.036617,0.037629,-0.488667,-0.488245
30.43,30.43,-0.705682,-0.705394,0.040626,0.041364,-0.489606,-0.489911
30.55,30.56,-0.707162,-0.707261,0.036114,0.037353,-0.488167,-0.48879
26.05,26.13,0.006237,0.007262,0.957604,0.948912,0.016322,0.021497
30.63,30.62,-0.6176,-0.617683,0.126517,0.125235,-0.553483,-0.553093
30.54,30.53,-0.61708,-0.616264,0.132058,0.130274,-0.557924,-0.559424
30.28,30.29,-0.719519,-0.71357,0.038111,0.040575,-0.492259,-0.492049
29.75,29.75,-0.706998,-0.705827,0.087934,0.088045,-0.483572,-0.483335
25.9,25.92,-0.004405,-0.007524,0.949816,0.951707,0.038681,0.031338
30.72,30.71,-0.716529,-0.716278,0.034126,0.033624,-0.491778,-0.491005
30.68,30.68,-0.687365,-0.688791,0.044678,0.044852,-0.4889,-0.487974
30.16,30.16,-0.704195,-0.703744,0.045144,0.04535,-0.491545,-0.49197
29.69,29.7,-0.71495,-0.713076,0.085879,0.08568,-0.48116,-0.483906
30.45,30.45,-0.70517,-0.705663,0.041144,0.039767,-0.491098,-0.490347
30.1,30.1,-0.704511,-0.705555,0.087451,0.08806,-0.484057,-0.483243
30.68,30.68,-0.706669,-0.707054,0.037618,0.038019,-0.488647,-0.489327
29.96,29.94,-0.695104,-0.698017,0.089979,0.089344,-0.483946,-0.483939
29.2,29.2,0.399761,0.400254,-0.617851,-0.619973,-0.545063,-0.544748
30.52,30.54,-0.618073,-0.619034,0.130048,0.129659,-0.556953,-0.556866
30.34,30.34,-0.711613,-0.711331,0.040622,0.042554,-0.49116,-0.489112
30.28,30.28,-0.690857,-0.691169,0.049658,0.04879,-0.489375,-0.489042
29.71,29.7,-0.707004,-0.706209,0.087928,0.087722,-0.483071,-0.483518
30.37,30.38,-0.705162,-0.705927,0.039648,0.040833,-0.491115,-0.490347
30.7,30.7,-0.694281,-0.693736,0.041167,0.041024,-0.489501,-0.489874
30.55,30.55,-0.618061,-0.618721,0.13006,0.129696,-0.557955,-0.556517
29.0,29.0,0.671621,0.671752,-0.486262,-0.485086,-0.491625,-0.491114
30.36,30.37,-0.705226,-0.705643,0.043596,0.041863,-0.487565,-0.490418
30.31,30.31,-0.712619,-0.712102,0.041105,0.041764,-0.490162,-0.491357
29.84,29.84,-0.705502,-0.705589,0.08845,0.088071,-0.484555,-0.483724
30.31,30.3,-0.721482,-0.720942,0.036619,0.037544,-0.493295,-0.492508
30.63,30.63,-0.705679,-0.706753,0.039124,0.039418,-0.489122,-0.489474
30.6,30.59,-0.707158,-0.70753,0.037622,0.03708,-0.489152,-0.489387
30.58,30.58,-0.707167,-0.706797,0.038115,0.037709,-0.488646,-0.488742
30.42,30.44,-0.622049,-0.621614,0.128519,0.129246,-0.555502,-0.55487
30.46,30.46,-0.637906,-0.629776,0.126963,0.127921,-0.555658,-0.556348
29.93,29.93,-0.722797,-0.722333,0.082425,0.082239,-0.486777,-0.486084
30.6,30.58,-0.624524,-0.634321,0.124502,0.124611,-0.554067,-0.552127
30.51,30.51,-0.707632,-0.707823,0.034634,0.036807,-0.489691,-0.488756
30.66,30.65,-0.70668,-0.706346,0.039613,0.039004,-0.488625,-0.48932
30.43,30.43,-0.705664,-0.706004,0.03964,0.040022,-0.490619,-0.489686
30.72,30.71,-0.691327,-0.690831,0.042663,0.043241,-0.488456,-0.488716
30.13,30.13,-0.705012,-0.705159,0.087443,0.087203,-0.48356,-0.483599
30.3,30.3,-0.693815,-0.694806,0.046655,0.045438,-0.489435,-0.491035
30.49,30.5,-0.697731,-0.700301,0.040674,0.039483,-0.491039,-0.490744
30.61,30.61,-0.707661,-0.707686,0.036611,0.037198,-0.488166,-0.488019
29.03,29.03,0.420848,0.421797,-0.629546,-0.630759,-0.561542,-0.561928
30.7,30.7,-0.716033,-0.714894,0.034128,0.034071,-0.491773,-0.490006
30.4,30.4,-0.705667,-0.705451,0.040139,0.041226,-0.490613,-0.490509
28.52,28.53,0.147024,0.147087,-0.938633,-0.938424,-0.579443,-0.581063
28.95,28.95,0.296254,0.296831,-0.639689,-0.639987,-0.545709,-0.547356
28.68,28.66,-0.555276,-0.553778,-0.426501,-0.420309,-0.502607,-0.508193
30.64,30.64,-0.707155,-0.706467,0.038127,0.038159,-0.489647,-0.488729
30.43,30.42,-0.704681,-0.70535,0.040137,0.041117,-0.490104,-0.490114
30.1,30.1,-0.701702,-0.701851,0.048175,0.04831,-0.493994,-0.493638
30.66,30.66,-0.706184,-0.706342,0.038612,0.038301,-0.488131,-0.488932
30.51,30.49,-0.614057,-0.61368,0.132117,0.132099,-0.561904,-0.56153
30.66,30.66,-0.707188,-0.706738,0.038596,0.038395,-0.487138,-0.489015
30.39,30.39,-0.706177,-0.705453,0.040624,0.041294,-0.48961,-0.490774
29.8,29.8,-0.706488,-0.705883,0.087449,0.088309,-0.484575,-0.484545
30.18,30.16,-0.703701,-0.70301,0.045645,0.046572,-0.491536,-0.4921
30.72,30.72,-0.690825,-0.690631,0.04267,0.043183,-0.488953,-0.488805
28.53,28.53,-0.205995,-0.206241,0.648681,0.647685,-0.583062,-0.582364
29.62,29.6,-0.706508,-0.70558,0.08793,0.08825,-0.483067,-0.483321
29.77,29.76,-0.707497,-0.705994,0.087427,0.087133,-0.483081,-0.482991
30.72,30.72,-0.713071,-0.712111,0.034127,0.034915,-0.490746,-0.490864
30.57,30.58,-0.70718,-0.706281,0.0371,0.037896,-0.487155,-0.488405
29.69,29.69,-0.692633,-0.691718,0.092488,0.091241,-0.484397,-0.482816
30.46,30.47,-0.70766,-0.707768,0.037614,0.036823,-0.488656,-0.488856
23.42,23.42,-0.846378,-0.630869,1.113395,0.972655,-0.357464,-0.558685
30.55,30.55,-0.72494,-0.723771,0.032106,0.033108,-0.492374,-0.491115
30.58,30.58,-0.718565,-0.717955,0.036072,0.036366,-0.488267,-0.487652
28.71,28.72,0.141185,0.142503,-0.66473,-0.664134,-0.545336,-0.545904
30.48,30.46,-0.62106,-0.620218,0.130024,0.129575,-0.555978,-0.555635
30.46,30.46,-0.707144,-0.706435,0.040645,0.039956,-0.491622,-0.490537
29.81,29.81,-0.704998,-0.705791,0.086956,0.088784,-0.484567,-0.483762
30.45,30.45,-0.603746,-0.611048,0.131556,0.13028,-0.553306,-0.554485
30.48,30.47,-0.607243,-0.626262,0.132018,0.128901,-0.551327,-0.55582
30.1,30.1,-0.702706,-0.702886,0.047156,0.046933,-0.492512,-0.49226
30.46,30.46,-0.697781,-0.690848,0.043131,0.044677,-0.488006,-0.488705
30.58,30.58,-0.687902,-0.689164,0.046641,0.046533,-0.486378,-0.487773
29.51,29.51,-0.706518,-0.706853,0.087419,0.087589,-0.482071,-0.48393
29.54,29.54,-0.725265,-0.721846,0.08042,0.082353,-0.486821,-0.485011
30.7,30.69,-0.688868,-0.691978,0.04516,0.043551,-0.487906,-0.487466
29.2,29.19,0.403264,0.402585,-0.618307,-0.618942,-0.547543,-0.547221
30.68,30.69,-0.612162,-0.617333,0.126021,0.126598,-0.551939,-0.551797
30.33,30.33,-0.690808,-0.69112,0.046197,0.046477,-0.491918,-0.490821
29.18,29.18,0.399805,0.400317,-0.620315,-0.620116,-0.547596,-0.546141
30.6,30.6,-0.707648,-0.706916,0.03863,0.037482,-0.490147,-0.48859
30.61,30.61,-0.70764,-0.707499,0.03613,0.036756,-0.489674,-0.488549
30.48,30.48,-0.615058,-0.613564,0.131603,0.132156,-0.560917,-0.561684
30.45,30.45,-0.639366,-0.615521,0.126483,0.12965,-0.55768,-0.554997
30.51,30.51,-0.688868,-0.688469,0.04516,0.045574,-0.487906,-0.488264
30.48,30.47,-0.705194,-0.705836,0.041121,0.039542,-0.489095,-0.488648
30.48,30.48,-0.70767,-0.707142,0.037104,0.037158,-0.48766,-0.487825
30.61,30.61,-0.724489,-0.723753,0.033568,0.033843,-0.489348,-0.490056
30.51,30.51,-0.618584,-0.619138,0.130533,0.129779,-0.55595,-0.556094
28.61,28.61,-0.078505,-0.079946,-0.721266,-0.721635,-0.517832,-0.517809
30.51,30.51,-0.613627,-0.611669,0.133057,0.131479,-0.556881,-0.557397
30.07,30.08,-0.702682,-0.702591,0.04718,0.04804,-0.494515,-0.493417
30.16,30.15,-0.703691,-0.703776,0.047158,0.046226,-0.493021,-0.49178
25.57,25.56,-5.582583,-4.700554,-4.407539,-4.518485,4.18801,3.727867
30.7,30.7,-0.707654,-0.706829,0.03762,0.038213,-0.489156,-0.487945
30.48,30.48,-0.620562,-0.620077,0.128524,0.129152,-0.55549,-0.555689
30.36,30.37,-0.708139,-0.708401,0.040136,0.039664,-0.491135,-0.493067
30.51,30.52,-0.62257,-0.623639,0.126486,0.125406,-0.552525,-0.552241
30.42,30.43,-0.613077,-0.613125,0.133112,0.131454,-0.561383,-0.562034
29.16,29.16,0.398766,0.399883,-0.61836,-0.619598,-0.544577,-0.544551
29.54,29.55,-0.705517,-0.706887,0.08693,0.087967,-0.482569,-0.483786
30.31,30.33,-0.705535,-0.70538,0.086912,0.087115,-0.481067,-0.482155
28.65,28.66,-0.0763,-0.07659,-0.729563,-0.729801,-0.532433,-0.531366
30.46,30.46,-0.705679,-0.705655,0.040127,0.03988,-0.489612,-0.489374
30.49,30.49,-0.70718,-0.70678,0.0371,0.037174,-0.487155,-0.488257
30.46,30.45,-0.620535,-0.620871,0.127046,0.129419,-0.557009,-0.555717
30.34,30.34,-0.687895,-0.689617,0.049658,0.048796,-0.488348,-0.489003
30.34,30.34,-0.720348,-0.721337,0.072376,0.073839,-0.479857,-0.481968
29.86,29.85,-0.70503,-0.705612,0.087425,0.087932,-0.482058,-0.483385
30.52,30.52,-0.70909,-0.709267,0.037164,0.037808,-0.493181,-0.490766
30.68,30.66,-0.707143,-0.707213,0.038139,0.037867,-0.490649,-0.488809
30.36,30.36,-0.723492,-0.723921,0.037086,0.035924,-0.491303,-0.491816
30.37,30.38,-0.706635,-0.70579,0.039156,0.040731,-0.492136,-0.490097
30.54,30.55,-0.617586,-0.617649,0.130543,0.129916,-0.556443,-0.557913
30.42,30.42,-0.70514,-0.705611,0.040171,0.041219,-0.493113,-0.490781
30.7,30.7,-0.714543,-0.712892,0.033635,0.034704,-0.491766,-0.491399
30.7,30.7,-0.691318,-0.690474,0.043173,0.042997,-0.489452,-0.488165
28.76,28.76,0.143662,0.143302,-0.663218,-0.6644,-0.545799,-0.54552
30.48,30.48,-0.707646,-0.707551,0.037128,0.037149,-0.489663,-0.488485
30.45,30.45,-0.7062,-0.706206,0.042607,0.040304,-0.488586,-0.490356
23.19,23.2,-1.210687,-0.837071,-2.960735,-2.534362,-1.687021,-1.753251
30.55,30.54,-0.618569,-0.618497,0.130046,0.130109,-0.556958,-0.556806
30.37,30.37,-0.621589,-0.622453,0.129488,0.128942,-0.552983,-0.554705
29.51,29.54,-0.706013,-0.706231,0.086928,0.088,-0.482573,-0.483039
29.57,29.58,-0.701588,-0.702384,0.090418,0.089169,-0.480992,-0.482732
30.54,30.52,-0.711101,-0.712698,0.036628,0.035995,-0.4907,-0.491217
30.72,30.72,-0.692797,-0.691443,0.041672,0.042305,-0.489482,-0.48775
30.04,30.05,-0.702171,-0.701685,0.047699,0.048904,-0.496007,-0.495248
30.33,30.33,-0.695244,-0.694475,0.043699,0.043959,-0.492987,-0.491911
29.54,29.54,-0.706974,-0.70686,0.087958,0.087483,-0.485575,-0.483325
28.65,28.65,-0.07098,-0.071362,-0.763782,-0.763031,-0.5473,-0.547199
29.88,29.88,-0.692145,-0.693329,0.089473,0.090844,-0.482424,-0.483551
30.68,30.7,-0.707176,-0.706536,0.038608,0.03841,-0.488139,-0.488867
29.84,29.84,-0.705988,-0.706565,0.087955,0.087616,-0.485066,-0.483572
30.54,30.54,-0.7072,-0.706544,0.038584,0.037469,-0.486136,-0.487405
30.37,30.38,-0.616191,-0.61984,0.132964,0.129042,-0.549892,-0.553494
29.2,29.2,0.402261,0.401471,-0.618323,-0.618624,-0.54655,-0.546695
29.53,29.51,-0.689715,-0.692052,0.093947,0.092256,-0.480349,-0.481084
30.36,30.36,-0.623543,-0.62234,0.128507,0.128084,-0.555015,-0.553787
30.3,30.3,-0.716349,-0.71615,0.071922,0.073243,-0.482332,-0.483422
30.7,30.7,-0.707167,-0.706924,0.038115,0.03786,-0.488646,-0.488131
30.48,30.48,-0.707162,-0.707809,0.037118,0.036892,-0.488657,-0.487934
29.57,29.58,-0.691696,-0.691655,0.092438,0.092524,-0.479882,-0.481674
29.53,29.53,-0.706972,-0.706562,0.086456,0.087334,-0.485091,-0.48375
28.68,28.65,-0.255064,-0.256026,-0.472301,-0.470394,-0.664806,-0.666075
30.51,30.51,-0.696287,-0.696293,0.043143,0.043132,-0.488494,-0.488004
30.48,30.49,-0.615058,-0.614802,0.131603,0.131326,-0.560917,-0.560657
30.66,30.67,-0.708129,-0.707088,0.038141,0.037855,-0.491158,-0.488943
30.72,30.72,-0.711093,-0.712313,0.035132,0.034981,-0.490717,-0.490634
30.69,30.69,-0.632942,-0.62789,0.122476,0.124811,-0.554163,-0.552225
28.97,28.97,0.634021,0.6335,-0.470267,-0.469211,-0.464723,-0.465171
29.21,29.21,0.399781,0.399759,-0.620339,-0.6187,-0.545593,-0.544577
30.49,30.49,-0.70468,-0.705592,0.04114,0.040706,-0.490593,-0.490476
30.18,30.18,-0.69877,-0.699248,0.047141,0.046906,-0.489973,-0.491322
28.61,28.61,-0.080095,-0.080376,-0.711344,-0.712137,-0.513727,-0.51473
30.72,30.72,-0.707185,-0.706678,0.038097,0.03784,-0.487144,-0.48881
30.22,30.21,-0.721971,-0.72137,0.03863,0.038689,-0.494779,-0.49324
30.45,30.44,-0.621075,-0.621881,0.129508,0.12868,-0.554481,-0.554297
29.66,29.66,-0.689689,-0.691641,0.091466,0.091344,-0.481378,-0.48351
30.6,30.6,-0.643344,-0.633091,0.121944,0.123111,-0.55476,-0.553972
30.69,30.69,-0.689845,-0.690307,0.043666,0.043266,-0.488432,-0.489397
28.94,28.94,0.296772,0.297228,-0.639165,-0.639454,-0.547702,-0.548027
30.49,30.49,-0.705181,-0.705184,0.038627,0.039853,-0.489124,-0.487757
30.31,30.31,-0.705548,-0.705926,0.0869,0.086857,-0.480065,-0.482428
30.55,30.55,-0.626501,-0.624487,0.13102,0.130737,-0.557516,-0.557407
30.7,30.7,-0.68986,-0.690399,0.044152,0.042988,-0.487425,-0.488285
30.63,30.63,-0.706665,-0.70564,0.039126,0.038983,-0.489632,-0.48985
30.6,30.59,-0.70667,-0.707557,0.036615,0.037097,-0.488158,-0.489161
30.4,30.4,-0.70468,-0.705329,0.042144,0.041094,-0.491083,-0.489833
30.51,30.52,-0.707664,-0.707151,0.03711,0.037479,-0.48816,-0.488027
29.21,29.21,0.400773,0.400348,-0.619332,-0.619201,-0.546073,-0.546276
30.72,30.72,-0.691835,-0.69125,0.041646,0.042686,-0.48697,-0.488701
30.7,30.7,-0.69576,-0.696519,0.040669,0.039913,-0.490021,-0.48964
30.58,30.58,-0.714561,-0.714116,0.03462,0.036074,-0.490753,-0.49208
28.46,28.46,0.07801,0.07763,-0.872278,-0.873467,-0.519185,-0.520033
30.52,30.53,-0.618551,-0.617777,0.129061,0.130393,-0.557971,-0.557828
30.37,30.37,-0.68838,-0.688338,0.046657,0.047637,-0.487885,-0.490578
28.61,28.61,-0.079007,-0.07989,-0.721273,-0.721794,-0.517336,-0.517875
28.77,28.77,0.144175,0.144158,-0.665205,-0.663813,-0.546317,-0.545966
29.71,29.71,-0.686735,-0.688047,0.092961,0.092486,-0.480334,-0.482324
29.6,29.6,-0.705989,-0.70585,0.086952,0.087324,-0.484576,-0.483499
30.34,30.34,-0.716385,-0.714485,0.082917,0.08258,-0.484211,-0.483718
30.4,30.4,-0.631463,-0.62303,0.127486,0.129409,-0.555596,-0.553928
28.65,28.65,-0.078157,-0.078135,-0.71088,-0.712151,-0.510199,-0.510263
30.52,30.54,-0.605666,-0.612027,0.131109,0.130544,-0.558336,-0.558102
28.74,28.72,-0.261992,-0.257074,-0.470308,-0.469879,-0.666847,-0.667811
30.28,30.29,-0.72498,-0.719905,0.037081,0.037805,-0.491317,-0.492246
30.43,30.43,-0.704668,-0.705925,0.041152,0.041276,-0.491595,-0.490237
30.52,30.53,-0.711094,-0.711678,0.037637,0.037161,-0.49169,-0.491656
30.24,30.24,-0.70503,-0.705324,0.088428,0.087252,-0.482548,-0.482298
28.92,28.92,0.373215,0.361927,-0.085253,-0.37819,-0.838787,-0.704632
30.64,30.64,-0.70668,-0.706071,0.03861,0.038942,-0.488135,-0.488647
30.64,30.64,-0.705686,-0.706567,0.038115,0.03901,-0.488132,-0.489091
29.81,29.81,-0.705526,-0.705805,0.088426,0.088006,-0.482552,-0.484668
30.7,30.7,-0.7012,-0.700692,0.038155,0.038464,-0.490096,-0.491616
30.33,30.34,-0.622063,-0.622322,0.130009,0.128072,-0.554985,-0.554102
30.22,30.22,-0.705655,-0.708133,0.04366,0.042439,-0.493078,-0.492662
29.11,29.11,0.419941,0.418534,-0.634981,-0.632828,-0.566119,-0.563908
30.51,30.51,-0.620063,-0.619252,0.129031,0.129357,-0.55598,-0.556726
30.12,30.12,-0.720336,-0.719403,0.083419,0.08398,-0.485743,-0.484376
30.51,30.51,-0.688873,-0.689084,0.046157,0.045912,-0.487895,-0.48834
30.39,30.4,-0.622554,-0.622245,0.12901,0.129223,-0.555001,-0.55476
30.42,30.42,-0.705176,-0.705218,0.042142,0.040996,-0.491087,-0.489928
29.71,29.7,-0.706001,-0.70644,0.08694,0.087628,-0.483575,-0.484077
30.66,30.66,-0.706164,-0.706458,0.037127,0.038423,-0.489149,-0.489182
30.33,30.33,-0.703674,-0.704234,0.041661,0.041849,-0.492081,-0.493426
30.4,30.4,-0.706658,-0.706101,0.040136,0.041103,-0.490622,-0.490816
29.66,29.66,-0.705992,-0.706209,0.087451,0.087516,-0.484571,-0.484682
30.6,30.6,-0.708143,-0.7076,0.038628,0.037299,-0.490151,-0.48943
30.51,30.5,-0.706171,-0.706572,0.036118,0.036778,-0.488159,-0.48804
29.92,29.92,-0.699603,-0.700553,0.089926,0.088996,-0.480981,-0.481931
30.49,30.49,-0.705693,-0.705505,0.041617,0.040539,-0.489094,-0.489786
30.46,30.45,-0.628964,-0.619745,0.126012,0.129073,-0.556593,-0.555246
30.31,30.31,-0.702585,-0.701992,0.087903,0.087696,-0.479527,-0.481658
30.57,30.57,-0.70766,-0.707451,0.038618,0.038449,-0.489145,-0.488254
29.81,29.81,-0.706016,-0.705916,0.087427,0.087478,-0.482568,-0.483473
30.54,30.52,-0.618568,-0.618273,0.131049,0.12994,-0.557447,-0.558048
29.92,29.92,-0.716382,-0.716416,0.083422,0.083046,-0.484706,-0.485788
30.46,30.46,-0.707167,-0.706769,0.038115,0.0373,-0.488646,-0.488792
29.11,29.11,0.42191,0.419809,-0.633483,-0.633716,-0.565584,-0.564769
28.14,28.26,-0.422765,-0.418428,-0.375757,-0.379858,-0.616584,-0.615926
29.21,29.2,0.399282,0.399952,-0.619842,-0.619448,-0.545591,-0.546252
29.83,29.85,-0.726758,-0.72207,0.081412,0.082556,-0.486823,-0.485031
30.69,30.69,-0.715053,-0.71446,0.035123,0.034251,-0.491252,-0.491132
30.43,30.43,-0.705679,-0.705812,0.040127,0.04103,-0.489612,-0.490484
30.34,30.33,-0.706007,-0.706455,0.087938,0.086771,-0.483563,-0.482093
30.37,30.37,-0.686402,-0.686399,0.048666,0.04941,-0.488346,-0.488888
30.34,30.34,-0.722483,-0.722132,0.036105,0.036366,-0.492308,-0.492367
29.72,29.71,-0.691181,-0.692831,0.093461,0.091817,-0.481869,-0.481311
29.53,29.54,-0.705992,-0.706664,0.087451,0.087556,-0.484571,-0.483133
30.55,30.55,-0.618583,-0.618751,0.131536,0.129596,-0.55644,-0.556463
30.48,30.48,-0.705192,-0.7054,0.040622,0.040691,-0.489101,-0.489914
30.33,30.33,-0.719352,-0.718635,0.074891,0.075609,-0.481323,-0.481479
30.72,30.71,-0.706691,-0.706319,0.036092,0.038039,-0.48616,-0.488264
29.23,29.23,0.400749,0.399199,-0.618352,-0.619024,-0.54456,-0.545207
29.65,29.66,-0.706502,-0.705831,0.087936,0.087925,-0.483568,-0.483307
30.46,30.46,-0.705692,-0.706709,0.038109,0.037151,-0.487631,-0.487977
29.65,29.66,-0.725812,-0.72502,0.080869,0.082244,-0.482814,-0.48492
30.39,30.38,-0.630955,-0.620161,0.128504,0.129915,-0.557083,-0.553156
30.13,30.13,-0.705526,-0.706075,0.087423,0.088039,-0.482063,-0.483718
30.39,30.39,-0.696799,-0.695788,0.047137,0.046929,-0.488954,-0.488422
24.64,24.64,0.422468,0.452162,0.815088,0.859198,0.265256,0.271754
30.16,30.17,-0.702216,-0.702747,0.048156,0.046303,-0.492496,-0.492031
30.72,30.72,-0.706704,-0.707066,0.039589,0.037916,-0.486621,-0.487871
29.16,29.16,0.401785,0.401732,-0.619809,-0.618138,-0.547573,-0.547589
30.7,30.7,-0.706678,-0.706796,0.038111,0.03798,-0.488141,-0.488519
30.28,30.29,-0.716576,-0.716139,0.0416,0.04057,-0.491192,-0.490414
30.6,30.6,-0.707162,-0.707035,0.037118,0.037106,-0.488657,-0.488045
30.55,30.55,-0.724496,-0.72294,0.032558,0.034252,-0.488358,-0.490199
29.8,29.8,-0.706509,-0.7061,0.086926,0.087958,-0.482578,-0.483599
30.54,30.53,-0.619572,-0.619628,0.13003,0.129451,-0.555965,-0.555977
30.52,30.52,-0.619038,-0.618345,0.128566,0.130133,-0.558481,-0.55705
30.39,30.39,-0.705667,-0.705294,0.040139,0.041355,-0.490613,-0.490777
29.72,29.71,-0.703055,-0.704229,0.089931,0.08874,-0.482513,-0.482091
28.95,28.97,0.473029,0.475944,-0.558569,-0.554723,-0.725074,-0.726662
29.6,29.6,-0.706491,-0.707214,0.086944,0.087424,-0.48408,-0.483525
30.22,30.24,-0.719043,-0.71879,0.0406,0.04031,-0.491726,-0.492023
28.43,28.44,-0.335223,-0.33799,0.341432,0.339536,-0.708877,-0.705131
29.74,29.74,-0.692619,-0.693339,0.090998,0.090157,-0.484915,-0.482832
30.09,30.09,-0.701223,-0.702517,0.049163,0.047809,-0.492977,-0.493624
30.68,30.69,-0.68885,-0.690129,0.044174,0.043567,-0.488919,-0.488631
29.75,29.75,-0.705995,-0.70617,0.08795,0.087842,-0.484565,-0.483516
30.48,30.47,-0.621567,-0.62091,0.131014,0.129459,-0.55547,-0.555382
30.61,30.61,-0.70617,-0.707445,0.037122,0.03674,-0.488648,-0.488478
30.55,30.56,-0.636942,-0.632062,0.125435,0.124362,-0.552662,-0.552707
30.34,30.34,-0.623578,-0.621472,0.129475,0.128654,-0.5525,-0.553693
30.3,30.31,-0.705022,-0.705954,0.086932,0.087214,-0.482564,-0.482675
30.64,30.64,-0.707648,-0.706733,0.037626,0.039188,-0.489657,-0.489391
30.64,30.65,-0.708147,-0.707008,0.038123,0.038126,-0.489656,-0.4891
29.23,29.22,0.403754,0.402765,-0.618312,-0.618709,-0.547038,-0.546265
30.13,30.12,-0.704193,-0.703269,0.047151,0.045697,-0.492524,-0.492468
29.86,29.86,-0.712409,-0.711703,0.083443,0.085197,-0.485173,-0.485277
30.37,30.36,-0.706512,-0.706447,0.087425,0.086834,-0.482572,-0.482357
30.14,30.13,-0.705045,-0.705439,0.087911,0.087476,-0.481051,-0.483584
30.57,30.57,-0.695326,-0.694664,0.04412,0.044576,-0.486471,-0.486385
29.18,29.18,0.399262,0.399818,-0.618358,-0.619565,-0.544573,-0.545283
30.63,30.63,-0.706668,-0.706327,0.038622,0.038347,-0.489136,-0.488536
30.7,30.7,-0.7106,-0.710783,0.034629,0.035341,-0.490218,-0.491433
30.61,30.63,-0.705204,-0.705432,0.04061,0.0392,-0.4881,-0.488278
30.45,30.46,-0.706162,-0.706934,0.040138,0.040117,-0.490618,-0.490404
30.46,30.46,-0.707191,-0.706951,0.039094,0.037026,-0.487132,-0.488005
29.59,29.59,-0.712966,-0.712581,0.08689,0.086343,-0.481632,-0.483348
28.92,28.93,0.298259,0.298297,-0.639159,-0.639917,-0.547689,-0.547667
30.69,30.69,-0.706186,-0.706666,0.036605,0.038052,-0.487152,-0.488236
29.96,29.94,-0.698071,-0.700038,0.089475,0.088711,-0.484479,-0.484189
30.39,30.38,-0.608178,-0.618294,0.130566,0.129659,-0.555359,-0.55412
29.02,29.02,0.407741,0.409728,-0.619781,-0.617754,-0.548021,-0.550055
29.12,29.12,0.388143,0.387878,-0.609583,-0.607129,-0.531046,-0.531952
28.52,28.52,0.148531,0.147163,-0.941115,-0.938287,-0.579958,-0.581256
30.58,30.58,-0.693765,-0.695341,0.040689,0.041866,-0.491004,-0.490724
30.61,30.61,-0.620094,-0.61881,0.126994,0.126955,-0.552498,-0.550033
30.46,30.46,-0.615064,-0.613816,0.131597,0.131721,-0.560416,-0.561611
30.52,30.52,-0.688843,-0.688203,0.045183,0.045664,-0.489909,-0.48813
30.46,30.46,-0.70717,-0.706839,0.038614,0.036949,-0.48864,-0.4878
30.24,30.23,-0.696783,-0.694553,0.048656,0.049281,-0.49094,-0.489456
30.7,30.7,-0.692351,-0.692781,0.044131,0.043705,-0.486445,-0.486769
28.65,28.65,-0.080043,-0.080289,-0.714301,-0.714405,-0.516765,-0.517294
30.52,30.52,-0.703164,-0.701981,0.039169,0.039197,-0.492105,-0.491158
30.46,30.45,-0.621047,-0.620627,0.130037,0.129451,-0.556979,-0.555845
29.5,29.5,-0.707502,-0.70614,0.083912,0.086389,-0.481117,-0.482145
30.46,30.46,-0.705168,-0.705868,0.040646,0.040046,-0.491104,-0.489509
30.7,30.7,-0.694279,-0.693641,0.040669,0.041251,-0.489506,-0.489189
30.07,30.07,-0.700706,-0.701742,0.05069,0.048144,-0.495459,-0.49433
29.2,29.2,0.401269,0.401685,-0.618327,-0.61796,-0.546558,-0.546265
30.58,30.59,-0.707656,-0.707445,0.035614,0.037251,-0.488177,-0.489073
30.01,30.01,-0.706016,-0.705356,0.087427,0.08783,-0.482568,-0.483569
29.5,29.5,-0.725772,-0.725334,0.08141,0.082262,-0.486313,-0.484401
28.64,28.64,-0.077512,-0.077978,-0.723767,-0.722751,-0.51685,-0.516467
28.65,28.65,-0.077826,-0.078973,-0.731611,-0.720845,-0.528462,-0.523562
29.63,29.65,-0.705505,-0.705666,0.087945,0.087526,-0.48406,-0.483275
29.66,29.66,-0.691621,-0.692219,0.091007,0.091299,-0.485407,-0.483275
30.69,30.69,-0.716589,-0.719105,0.03507,0.034591,-0.487259,-0.48932
29.18,29.18,0.40126,0.400357,-0.618838,-0.619026,-0.545563,-0.545047
29.18,29.19,0.413877,0.414131,-0.630605,-0.630571,-0.558609,-0.558797
30.45,30.46,-0.706166,-0.705618,0.039633,0.04034,-0.490123,-0.489839
28.29,28.32,0.213225,0.213987,0.548746,0.548817,-0.558514,-0.557935
30.34,30.35,-0.724962,-0.723839,0.036095,0.035932,-0.492329,-0.491635
30.58,30.58,-0.719046,-0.718328,0.036586,0.035901,-0.489768,-0.488131
29.53,29.52,-0.7149,-0.711196,0.084425,0.085051,-0.484682,-0.485339
30.13,30.13,-0.704522,-0.705096,0.088442,0.087453,-0.483545,-0.483992
29.09,29.09,-0.192377,-0.19935,-0.666369,-0.669599,-0.515194,-0.506321
29.68,29.68,-0.718833,-0.717999,0.082938,0.083906,-0.486737,-0.485662
30.13,30.13,-0.705016,-0.704974,0.086938,0.088249,-0.483065,-0.483375
30.54,30.54,-0.604231,-0.621674,0.134071,0.128909,-0.555285,-0.560058
29.68,29.68,-0.705986,-0.70616,0.086453,0.087651,-0.484582,-0.483874
30.49,30.48,-0.619074,-0.620254,0.12853,0.128546,-0.555476,-0.555917
29.6,29.61,-0.706523,-0.706786,0.088416,0.087136,-0.48206,-0.48392
30.31,30.31,-0.703086,-0.701771,0.087895,0.087775,-0.479031,-0.481134
30.64,30.63,-0.708151,-0.70694,0.035612,0.037137,-0.488182,-0.48852
30.66,30.66,-0.715033,-0.713701,0.033639,0.034615,-0.492271,-0.490886
30.42,30.42,-0.705654,-0.70552,0.040151,0.040785,-0.491615,-0.490725
28.64,28.63,-0.071101,-0.070975,-0.754877,-0.753464,-0.541189,-0.540796
22.75,22.75,-0.458582,-0.458809,0.087363,0.087729,-0.565067,-0.565325
30.58,30.59,-0.723507,-0.725251,0.032057,0.032994,-0.487854,-0.490439
29.6,29.59,-0.689644,-0.70218,0.091009,0.088282,-0.484889,-0.483591
30.52,30.51,-0.617538,-0.617971,0.129587,0.130226,-0.559959,-0.558062
29.74,29.72,-0.706007,-0.705721,0.086934,0.087907,-0.483074,-0.483411
30.6,30.6,-0.689824,-0.690956,0.044188,0.043606,-0.49043,-0.488833
30.49,30.49,-0.615083,-0.615167,0.131579,0.131372,-0.558913,-0.560865
28.95,28.95,0.663052,0.6606,-0.489441,-0.488886,-0.478712,-0.477976
22.89,22.87,-0.458585,-0.45906,0.087862,0.087701,-0.565062,-0.562638
30.33,30.33,-0.723997,-0.722602,0.036574,0.037274,-0.490312,-0.491244
30.49,30.49,-0.705705,-0.706359,0.037093,0.037597,-0.48614,-0.487152
30.45,30.47,-0.705688,-0.705504,0.039617,0.04052,-0.488616,-0.489901
30.13,30.13,-0.704991,-0.705661,0.086962,0.087426,-0.485068,-0.483231
30.64,30.64,-0.708161,-0.707137,0.03861,0.038742,-0.488649,-0.489385
29.81,29.8,-0.706493,-0.705777,0.088446,0.087569,-0.484564,-0.483546
30.48,30.48,-0.706698,-0.706967,0.038592,0.037106,-0.486633,-0.487574
30.7,30.7,-0.707161,-0.706914,0.038121,0.037239,-0.489146,-0.488734
30.22,30.22,-0.693665,-0.694571,0.09094,0.091023,-0.480417,-0.480579
30.36,30.36,-0.715429,-0.718152,0.083889,0.083225,-0.481688,-0.481684
30.43,30.43,-0.705661,-0.705827,0.040145,0.04124,-0.491114,-0.490928
29.65,29.65,-0.70701,-0.706248,0.088925,0.087618,-0.48306,-0.483579
30.61,30.61,-0.707137,-0.707291,0.038145,0.03827,-0.491149,-0.489121
30.6,30.6,-0.706172,-0.706412,0.039627,0.039063,-0.489622,-0.487992
30.42,30.42,-0.705665,-0.70528,0.042146,0.042041,-0.491592,-0.490999
30.58,30.58,-0.708157,-0.70723,0.036609,0.03741,-0.48817,-0.488093
30.49,30.48,-0.618606,-0.620347,0.128003,0.129179,-0.552974,-0.555891
30.51,30.51,-0.719495,-0.718814,0.032619,0.033837,-0.49182,-0.49132
30.31,30.31,-0.723502,-0.72391,0.036576,0.036367,-0.490308,-0.492147
30.28,30.29,-0.706046,-0.705785,0.0884,0.08714,-0.480553,-0.482679
30.42,30.41,-0.705681,-0.705608,0.041629,0.041262,-0.490096,-0.490585
29.92,29.92,-0.706004,-0.704742,0.087439,0.088208,-0.483569,-0.483249
30.39,30.39,-0.627996,-0.624253,0.127998,0.128067,-0.55556,-0.555507
23.91,23.9,1.791758,1.816188,1.537108,1.549882,-0.197017,-0.174421
29.92,29.91,-0.687706,-0.700344,0.09047,0.089179,-0.480871,-0.482528
29.51,29.51,-0.706509,-0.706225,0.086926,0.086793,-0.482578,-0.483428
29.68,29.68,-0.692189,-0.693237,0.091937,0.092418,-0.479892,-0.481208
30.43,30.46,-0.617576,-0.608589,0.127544,0.130545,-0.555976,-0.554626
30.45,30.46,-0.70618,-0.705602,0.04012,0.04008,-0.489115,-0.489777
29.65,29.65,-0.706028,-0.705875,0.087415,0.08747,-0.481566,-0.483187
30.72,30.71,-0.70618,-0.706535,0.036611,0.03804,-0.487653,-0.488421
30.43,30.43,-0.705179,-0.704986,0.041637,0.040996,-0.490592,-0.490272
29.8,29.79,-0.706506,-0.705922,0.087431,0.087938,-0.483073,-0.483993
30.52,30.52,-0.707659,-0.706598,0.035109,0.036943,-0.487682,-0.487622
30.48,30.48,-0.61859,-0.620881,0.129523,0.12979,-0.55496,-0.555889
29.11,29.11,0.418908,0.421035,-0.63302,-0.634522,-0.563602,-0.565348
30.51,30.51,-0.690361,-0.688785,0.046151,0.045755,-0.487908,-0.488064
30.45,30.46,-0.637392,-0.62522,0.126983,0.129031,-0.557156,-0.555089
30.64,30.65,-0.707161,-0.707154,0.038121,0.038269,-0.489146,-0.488959
30.7,30.69,-0.709605,-0.708934,0.037144,0.036291,-0.491683,-0.491011
28.59,28.59,0.14319,0.143804,-0.6642,-0.664879,-0.547316,-0.546603
22.24,22.25,-0.708945,-0.701773,0.018537,0.017708,0.40268,0.413862
30.39,30.38,-0.705192,-0.705593,0.040622,0.041317,-0.489101,-0.490624
28.73,26.72,-0.610289,-0.515165,0.216172,0.137498,-0.582457,-0.593825
30.54,30.54,-0.726908,-0.725866,0.031612,0.033062,-0.493399,-0.491309
29.92,29.92,-0.689169,-0.691042,0.092495,0.091681,-0.483866,-0.483181
28.64,28.64,-0.080557,-0.080157,-0.714321,-0.714382,-0.515267,-0.517548
30.33,30.33,-0.721025,-0.721764,0.038087,0.03846,-0.49077,-0.490492
28.59,28.59,-0.076562,-0.076643,-0.718289,-0.717403,-0.515778,-0.515273
29.66,29.64,-0.707005,-0.706338,0.086924,0.087235,-0.482582,-0.483705
30.57,30.57,-0.623066,-0.623913,0.126484,0.12563,-0.552529,-0.552236
30.52,30.52,-0.69385,-0.693258,0.045117,0.044303,-0.485946,-0.487778
30.36,30.36,-0.719564,-0.719574,0.038568,0.038868,-0.488748,-0.490168
29.77,29.78,-0.70503,-0.705788,0.087425,0.087989,-0.482058,-0.484037
30.09,30.09,-0.704205,-0.70337,0.047139,0.046181,-0.491523,-0.492553
30.28,30.28,-0.722483,-0.720353,0.037108,0.038052,-0.492797,-0.493023
30.54,30.54,-0.619092,-0.619936,0.129516,0.1295,-0.554464,-0.555534
30.31,30.31,-0.688851,-0.689065,0.048686,0.048413,-0.490871,-0.491031
28.52,28.52,0.147526,0.147167,-0.937622,-0.938673,-0.580429,-0.581025
22.29,22.29,-0.454661,-0.455388,0.087834,0.088615,-0.561522,-0.563233
29.69,29.67,-0.715366,-0.709881,0.08345,0.085689,-0.486701,-0.484509
30.66,30.66,-0.609196,-0.621703,0.126524,0.125055,-0.551406,-0.552253
30.34,30.34,-0.69184,-0.691185,0.048159,0.048509,-0.4894,-0.488024
30.49,30.5,-0.614563,-0.629406,0.130601,0.129077,-0.560423,-0.562858
30.42,30.42,-0.705693,-0.705063,0.041617,0.042071,-0.489094,-0.49013
27.17,27.16,0.245345,0.244867,-0.648739,-0.647894,-0.514198,-0.513251
30.4,30.41,-0.705188,-0.705844,0.04213,0.041318,-0.490086,-0.490787
30.63,30.63,-0.707669,-0.706743,0.03911,0.037182,-0.488639,-0.488492
30.49,30.49,-0.708174,-0.707687,0.037595,0.037458,-0.487158,-0.487626
30.51,30.51,-0.61857,-0.619259,0.132551,0.12912,-0.557931,-0.556493
30.4,30.4,-0.622545,-0.622181,0.128517,0.128737,-0.555507,-0.553728
30.51,30.5,-0.70715,-0.707247,0.03713,0.037056,-0.489658,-0.488553
29.54,29.56,-0.724302,-0.717897,0.082401,0.085033,-0.485288,-0.483519
30.28,30.29,-0.689384,-0.690182,0.050151,0.049391,-0.488355,-0.489327
30.48,30.48,-0.707667,-0.706912,0.036605,0.037291,-0.487665,-0.48681
28.61,28.61,-0.072997,-0.073305,-0.759811,-0.759945,-0.54627,-0.546925
30.54,30.54,-0.619552,-0.618978,0.128546,0.129671,-0.556983,-0.557376
29.59,29.59,-0.703499,-0.707041,0.08597,0.086592,-0.485067,-0.483968
29.72,29.72,-0.70599,-0.7064,0.085949,0.087994,-0.484087,-0.483842
30.58,30.58,-0.718073,-0.717483,0.035569,0.036774,-0.487767,-0.488235
30.33,30.34,-0.622083,-0.621774,0.127985,0.128252,-0.552504,-0.553505
30.25,30.25,-0.705216,-0.707636,0.046114,0.044679,-0.48954,-0.490514
28.53,28.54,-0.692202,-0.689895,-0.476125,-0.480462,-0.106661,-0.103599
29.53,29.53,-0.705495,-0.706229,0.088456,0.087962,-0.485056,-0.48365
29.88,29.87,-0.697126,-0.70152,0.091438,0.089223,-0.481443,-0.481606
30.64,30.64,-0.706692,-0.70626,0.039601,0.039452,-0.487623,-0.488828
29.84,29.84,-0.705979,-0.705745,0.088466,0.087702,-0.486062,-0.483393
30.7,30.7,-0.706149,-0.706903,0.036641,0.037862,-0.490156,-0.489047
30.7,30.7,-0.705187,-0.705905,0.037618,0.038359,-0.488133,-0.488186
29.59,29.57,-0.714451,-0.717022,0.086386,0.084522,-0.481651,-0.484725
30.55,30.56,-0.706661,-0.707181,0.036122,0.037233,-0.488664,-0.488756
30.48,30.48,-0.694269,-0.694852,0.041179,0.042393,-0.490502,-0.490409
30.64,30.63,-0.707651,-0.70756,0.038125,0.038724,-0.489651,-0.488838
30.45,30.46,-0.708157,-0.707224,0.036609,0.036799,-0.48817,-0.48787
29.65,29.66,-0.691161,-0.693551,0.091977,0.09108,-0.482888,-0.483365
30.64,30.65,-0.718513,-0.718509,0.032112,0.032477,-0.490816,-0.490531
30.63,30.63,-0.707665,-0.707095,0.040619,0.038023,-0.489623,-0.489693
30.1,30.1,-0.701689,-0.70168,0.048187,0.048699,-0.494995,-0.493577
30.43,30.45,-0.706186,-0.705985,0.040114,0.039606,-0.488615,-0.489089
29.66,29.66,-0.688703,-0.688356,0.092467,0.092794,-0.481358,-0.481106
30.72,30.72,-0.707114,-0.707931,0.035159,0.035934,-0.491684,-0.491307
29.07,29.07,0.415865,0.415322,-0.627082,-0.627342,-0.560556,-0.560683
30.54,30.54,-0.635851,-0.621274,0.126039,0.128348,-0.56116,-0.558032
30.6,30.61,-0.634476,-0.617744,0.124429,0.126924,-0.551149,-0.550394
30.45,30.45,-0.614172,-0.616521,0.132004,0.129834,-0.552389,-0.554007
28.57,28.58,-0.078942,-0.078808,-0.724217,-0.724648,-0.521376,-0.519556
29.84,29.84,-0.70504,-0.705498,0.086914,0.087817,-0.481062,-0.48332
29.2,29.2,0.403294,0.403751,-0.618278,-0.618119,-0.550046,-0.547657
28.71,28.71,0.142138,0.142251,-0.664263,-0.663873,-0.542318,-0.545748
30.52,30.51,-0.726466,-0.725006,0.033566,0.033243,-0.489866,-0.489512
30.34,30.36,-0.724003,-0.723317,0.037571,0.036542,-0.490301,-0.491614
28.62,28.62,-0.078134,-0.078707,-0.712863,-0.713695,-0.511223,-0.511062
28.18,28.18,0.221148,0.220023,0.551775,0.552072,-0.558911,-0.557881
30.16,30.17,-0.704203,-0.703427,0.045637,0.045657,-0.491039,-0.491703
30.31,30.31,-0.705057,-0.705288,0.087899,0.088332,-0.480049,-0.482075
30.48,30.49,-0.707666,-0.707629,0.037608,0.036709,-0.488155,-0.488024
30.49,30.49,-0.719036,-0.719497,0.037097,0.035486,-0.490764,-0.489283
29.0,28.5,0.075127,-0.150789,0.807251,0.097187,-0.446592,-0.627051
30.46,30.47,-0.705687,-0.706155,0.041623,0.040165,-0.489595,-0.490808
30.57,30.57,-0.7161,-0.714591,0.037571,0.037294,-0.487728,-0.487808
30.46,30.47,-0.705682,-0.70548,0.039623,0.040048,-0.489117,-0.489606
29.53,29.52,-0.692658,-0.694903,0.09146,0.092135,-0.481905,-0.481015
30.54,30.54,-0.710168,-0.710248,0.039582,0.040188,-0.487153,-0.488619
30.7,30.7,-0.706172,-0.706881,0.038624,0.037959,-0.489132,-0.488439
25.0,25.0,-1.000318,-0.977762,0.839967,0.835308,0.272213,0.269797
30.33,30.32,-0.729212,-0.730279,0.071399,0.070422,-0.484453,-0.48234
30.34,30.34,-0.704511,-0.70572,0.087451,0.087582,-0.484057,-0.482513
29.53,29.54,-0.70652,-0.706628,0.088921,0.087342,-0.482555,-0.482784
30.37,30.37,-0.622549,-0.622057,0.127009,0.128196,-0.554522,-0.553463
28.67,28.67,-0.073188,-0.073133,-0.745961,-0.747897,-0.536598,-0.538232
28.59,28.59,-0.080157,-0.080378,-0.707896,-0.710086,-0.510182,-0.511456
30.54,30.54,-0.708156,-0.706901,0.037612,0.037589,-0.48866,-0.487928
30.52,30.52,-0.707189,-0.707071,0.036589,0.037275,-0.486159,-0.488429
30.63,30.63,-0.706668,-0.706764,0.038622,0.03859,-0.489136,-0.489423
29.66,29.65,-0.706496,-0.705894,0.087942,0.087741,-0.484068,-0.483324
30.46,30.45,-0.612063,-0.613311,0.131133,0.133085,-0.562398,-0.561706
30.63,30.63,-0.705662,-0.705933,0.038138,0.039002,-0.490135,-0.488996
22.93,22.93,-0.453644,-0.455453,0.084353,0.08524,-0.562053,-0.563787
29.68,29.68,-0.692165,-0.691517,0.090958,0.090989,-0.481405,-0.482141
30.49,30.49,-0.708156,-0.707901,0.037612,0.036974,-0.48866,-0.48855
30.33,30.31,-0.697139,-0.699268,0.089419,0.088546,-0.479463,-0.480568
30.07,30.07,-0.702723,-0.702821,0.048142,0.047912,-0.491499,-0.493601
30.58,30.58,-0.708179,-0.706346,0.038592,0.037866,-0.487146,-0.487574
30.4,30.4,-0.704188,-0.705545,0.041641,0.041291,-0.490583,-0.49095
30.51,30.51,-0.70472,-0.704709,0.0406,0.040385,-0.487094,-0.489956
29.59,29.59,-0.707536,-0.703895,0.088893,0.089124,-0.480561,-0.482384
28.59,28.59,0.144194,0.144115,-0.663181,-0.66484,-0.548799,-0.546033
30.46,30.46,-0.707171,-0.705846,0.041119,0.040805,-0.489613,-0.4892
30.66,30.64,-0.627488,-0.634112,0.122496,0.124131,-0.554116,-0.553203
28.47,28.47,0.142177,0.141898,-0.663723,-0.664312,-0.545817,-0.547875
30.36,30.35,-0.698107,-0.697838,0.088436,0.088704,-0.480985,-0.480794
30.7,30.71,-0.69182,-0.690996,0.042162,0.043154,-0.488467,-0.488588
28.62,28.63,-0.080054,-0.080121,-0.71331,-0.711812,-0.516253,-0.51509
30.13,30.12,-0.717925,-0.715304,0.084865,0.086176,-0.480696,-0.483118
30.69,30.7,-0.70715,-0.707375,0.03713,0.037673,-0.489658,-0.488462
30.49,30.48,-0.705691,-0.704966,0.040115,0.040274,-0.48861,-0.489133
30.4,30.42,-0.622568,-0.620872,0.129497,0.129549,-0.553993,-0.554058
30.63,30.63,-0.707179,-0.706706,0.038103,0.038919,-0.487644,-0.489013
29.91,29.91,-0.721366,-0.718563,0.084882,0.084778,-0.48323,-0.483673
30.39,30.39,-0.706494,-0.706271,0.08644,0.087078,-0.483585,-0.483485
30.25,30.25,-0.687375,-0.687892,0.049683,0.049881,-0.490346,-0.489492
30.49,30.49,-0.689862,-0.690954,0.045655,0.045367,-0.487909,-0.488468
29.77,29.78,-0.705502,-0.706034,0.08845,0.087865,-0.484555,-0.483364
30.58,30.58,-0.719997,-0.718672,0.033614,0.034092,-0.491813,-0.491255
28.77,28.76,0.144673,0.143805,-0.665702,-0.664146,-0.546319,-0.546138
29.56,29.56,-0.705012,-0.705726,0.088446,0.08754,-0.48405,-0.482789
30.6,30.61,-0.620075,-0.624711,0.123503,0.124704,-0.552537,-0.552218
30.09,30.1,-0.702194,-0.70192,0.048678,0.048872,-0.494493,-0.493497
28.44,28.45,-0.600135,-0.594938,-0.537149,-0.52853,-0.230269,-0.251644
30.43,30.43,-0.705663,-0.705897,0.040644,0.040657,-0.491108,-0.490209
30.7,30.7,-0.707164,-0.706952,0.037616,0.03716,-0.488651,-0.48876
28.64,28.64,-0.079934,-0.079728,-0.719709,-0.720773,-0.523337,-0.523522
30.21,30.22,-0.693162,-0.692613,0.091951,0.091647,-0.481403,-0.480395
30.69,30.67,-0.71951,-0.718967,0.034109,0.032519,-0.491303,-0.491196
30.39,30.38,-0.636899,-0.623336,0.127484,0.128913,-0.557146,-0.553441
30.63,30.63,-0.708156,-0.706983,0.037612,0.037129,-0.48866,-0.489121
30.6,30.6,-0.699702,-0.698525,0.040679,0.04062,-0.492058,-0.491783
30.7,30.7,-0.707155,-0.707514,0.03913,0.037853,-0.490137,-0.488521
30.6,30.6,-0.688395,-0.687591,0.047144,0.046335,-0.486878,-0.487376
29.03,29.03,0.662599,0.662491,-0.482882,-0.481588,-0.485153,-0.48494
29.66,29.65,-0.725772,-0.72387,0.082413,0.081988,-0.486803,-0.485193
28.65,28.65,-0.077281,-0.076879,-0.730558,-0.73208,-0.532953,-0.531054
30.6,30.6,-0.716588,-0.714906,0.037076,0.037987,-0.488238,-0.488329
30.72,30.72,-0.69133,-0.691316,0.042158,0.042503,-0.487961,-0.488904
30.45,30.45,-0.705153,-0.706226,0.040159,0.040012,-0.492111,-0.490615
30.58,30.58,-0.706188,-0.706627,0.038107,0.037551,-0.487636,-0.488427
28.65,28.65,-0.078773,-0.078214,-0.733075,-0.731992,-0.531492,-0.531775
28.67,28.68,0.143691,0.142976,-0.664192,-0.664311,-0.547813,-0.546002
28.98,28.97,0.30272,0.301595,-0.641149,-0.638871,-0.546671,-0.547733
30.46,30.46,-0.705682,-0.705779,0.039623,0.040131,-0.489117,-0.488255
30.28,30.28,-0.715591,-0.715883,0.040595,0.04096,-0.490194,-0.491198
29.18,29.18,0.398777,0.399065,-0.620355,-0.618724,-0.5446,-0.545746
30.4,30.4,-0.622569,-0.622046,0.128493,0.129355,-0.553504,-0.553695
30.68,30.68,-0.71109,-0.708914,0.034633,0.036361,-0.490723,-0.491411
30.19,30.19,-0.702218,-0.7033,0.045145,0.045871,-0.491027,-0.49202
30.42,30.42,-0.70419,-0.70553,0.04214,0.041215,-0.490578,-0.490049
29.83,29.85,-0.706499,-0.706331,0.08844,0.087498,-0.484063,-0.484012
29.79,29.8,-0.706518,-0.706343,0.087419,0.087581,-0.482071,-0.48346
29.12,29.12,0.387643,0.387424,-0.606581,-0.606878,-0.532018,-0.531402
30.22,30.22,-0.689355,-0.690832,0.049177,0.049552,-0.490369,-0.49137
30.18,30.17,-0.703196,-0.703325,0.04716,0.045921,-0.493017,-0.49204
30.39,30.38,-0.728743,-0.726578,0.077391,0.078546,-0.484882,-0.485672
30.49,30.48,-0.707158,-0.707583,0.037622,0.036961,-0.489152,-0.488627
30.69,30.69,-0.704689,-0.705974,0.037121,0.038649,-0.488134,-0.488709
30.12,30.12,-0.70601,-0.70593,0.087433,0.087309,-0.483068,-0.483094
30.46,30.45,-0.634406,-0.622798,0.126003,0.128406,-0.557642,-0.555861
30.7,30.71,-0.690807,-0.691342,0.042688,0.042833,-0.490455,-0.488134
30.51,30.51,-0.631913,-0.601839,0.129034,0.132884,-0.56009,-0.55657
28.59,28.59,-0.076586,-0.076641,-0.71731,-0.718635,-0.514265,-0.516133
29.2,29.2,0.400256,0.400667,-0.619856,-0.620192,-0.54408,-0.546334
30.54,30.54,-0.619542,-0.618879,0.13006,0.130212,-0.558469,-0.557194
30.46,30.47,-0.705682,-0.705718,0.039623,0.039646,-0.489117,-0.489848
30.45,30.45,-0.630483,-0.614664,0.128481,0.129302,-0.555075,-0.554824
28.53,28.54,-0.2055,-0.206492,0.64768,0.64746,-0.582568,-0.582048
30.45,30.45,-0.706162,-0.706974,0.040138,0.03968,-0.490618,-0.489297
29.74,29.73,-0.712984,-0.712547,0.086872,0.086809,-0.48013,-0.482225
30.49,30.49,-0.721493,-0.72156,0.034101,0.034876,-0.49132,-0.490636
28.65,28.65,-0.073112,-0.07309,-0.749897,-0.750803,-0.54115,-0.540885
30.36,30.34,-0.694639,-0.694716,0.089951,0.089681,-0.481438,-0.481868
28.71,28.72,0.143159,0.142778,-0.664229,-0.662772,-0.544812,-0.546302
28.89,28.93,-0.281734,-0.207655,-0.702893,-0.686624,-0.408695,-0.4522
30.46,30.47,-0.622599,-0.622364,0.128463,0.127463,-0.551,-0.551941
30.3,30.3,-0.700783,-0.701087,0.047104,0.046288,-0.487487,-0.489472
30.39,30.39,-0.706001,-0.706232,0.08694,0.086927,-0.483575,-0.482951
28.17,28.19,0.218671,0.219293,0.551266,0.551973,-0.558939,-0.558605
30.4,30.4,-0.705182,-0.705536,0.042136,0.04124,-0.490587,-0.490004
30.37,30.36,-0.705538,-0.705731,0.087411,0.087531,-0.481061,-0.481988
29.66,29.66,-0.68719,-0.691341,0.090994,0.091634,-0.482864,-0.482192
28.52,28.52,-0.192142,-0.194095,0.656226,0.654499,-0.583858,-0.583959
30.18,30.17,-0.703697,-0.703127,0.047153,0.046042,-0.49252,-0.492443
29.57,29.56,-0.710985,-0.710319,0.0884,0.088158,-0.482099,-0.482962
28.62,28.62,-0.138016,-0.13705,-0.693992,-0.690995,-0.733418,-0.732239
30.37,30.38,-0.608226,-0.618201,0.131521,0.130039,-0.551842,-0.552487
29.66,29.66,-0.694656,-0.696676,0.090936,0.091068,-0.480426,-0.481609
29.88,29.87,-0.705502,-0.706068,0.087447,0.087344,-0.484066,-0.483586
30.54,30.54,-0.706176,-0.706676,0.037116,0.037736,-0.488147,-0.487664
30.39,30.39,-0.705185,-0.705354,0.041631,0.040938,-0.490092,-0.490176
30.39,30.38,-0.706002,-0.705619,0.085937,0.087313,-0.483085,-0.482936
30.12,30.12,-0.705556,-0.706344,0.088396,0.088378,-0.480048,-0.482139
30.36,30.36,-0.717088,-0.715758,0.039075,0.041113,-0.488721,-0.489794
28.92,28.92,0.3115,0.31185,-0.65882,-0.660335,-0.567832,-0.568222
30.51,30.51,-0.707672,-0.707527,0.037602,0.037177,-0.487654,-0.488359
30.33,30.33,-0.61265,-0.620024,0.129035,0.128945,-0.553913,-0.554629
30.31,30.31,-0.705532,-0.706139,0.087417,0.087117,-0.481562,-0.482106
30.13,30.13,-0.706014,-0.705467,0.085925,0.087287,-0.482084,-0.483225
25.01,25.02,-0.759169,-0.75758,0.683123,0.698727,0.327127,0.34008
30.63,30.63,-0.706669,-0.706869,0.037618,0.038132,-0.488647,-0.488307
30.34,30.34,-0.685871,-0.686594,0.046696,0.049152,-0.490367,-0.489514
29.83,29.83,-0.704516,-0.705761,0.088448,0.087576,-0.484046,-0.48324
29.74,29.74,-0.705018,-0.704673,0.08844,0.088022,-0.483549,-0.483531
30.69,30.69,-0.715042,-0.71544,0.033128,0.034049,-0.491275,-0.490787
30.6,30.6,-0.713616,-0.715074,0.037586,0.037405,-0.488207,-0.488507
24.52,24.52,0.641099,0.637416,0.968813,0.975335,0.159705,0.16123
30.39,30.39,-0.623071,-0.622045,0.128485,0.129191,-0.553007,-0.552875
30.12,30.12,-0.702216,-0.702856,0.048156,0.046959,-0.492496,-0.492751
29.96,29.96,-0.705016,-0.705862,0.086938,0.087603,-0.483065,-0.483912
30.33,30.34,-0.694167,-0.695307,0.089929,0.089282,-0.479431,-0.480816
30.18,30.17,-0.703215,-0.704186,0.046139,0.045132,-0.491025,-0.491831
29.18,29.18,0.3993,0.400209,-0.620828,-0.620346,-0.546604,-0.546135
28.53,28.54,-0.205996,-0.206091,0.647678,0.647596,-0.582572,-0.582409
29.79,29.8,-0.704517,-0.705592,0.087445,0.088132,-0.483556,-0.483868
30.69,30.69,-0.707648,-0.707286,0.03863,0.037979,-0.490147,-0.488553
29.77,29.79,-0.706022,-0.705882,0.087421,0.088149,-0.482067,-0.482889
29.46,29.48,-0.706019,-0.70591,0.087925,0.088191,-0.482562,-0.483049
29.16,29.16,0.39979,0.399507,-0.619828,-0.619263,-0.546588,-0.545988
30.48,30.48,-0.706653,-0.707433,0.038135,0.037595,-0.490144,-0.487787
30.72,30.72,-0.708145,-0.707653,0.036621,0.038088,-0.489172,-0.489046
30.21,30.21,-0.69279,-0.693223,0.047193,0.04726,-0.492425,-0.493119
30.68,30.68,-0.690331,-0.689622,0.044174,0.043617,-0.489433,-0.48802
30.58,30.58,-0.705668,-0.706677,0.038132,0.037781,-0.489634,-0.488891
29.59,29.6,-0.706022,-0.706091,0.087421,0.08726,-0.482067,-0.483271
30.43,30.44,-0.608161,-0.624019,0.128577,0.128856,-0.555882,-0.555977
29.15,29.15,0.400272,0.399524,-0.618336,-0.619647,-0.546066,-0.545968
30.54,30.53,-0.61807,-0.618086,0.129549,0.130406,-0.556959,-0.557265
30.52,30.52,-0.632899,-0.630928,0.128033,0.128881,-0.56011,-0.56112
30.46,30.45,-0.634928,-0.629023,0.127479,0.128685,-0.556127,-0.555386
30.4,30.4,-0.622551,-0.622257,0.128511,0.128539,-0.555006,-0.554282
30.33,30.33,-0.706693,-0.707089,0.04311,0.043274,-0.489086,-0.489143
30.46,30.48,-0.614581,-0.614472,0.131587,0.131536,-0.55941,-0.560546
30.64,30.64,-0.70666,-0.707131,0.038129,0.037329,-0.489643,-0.488384
30.36,30.36,-0.709134,-0.712732,0.039628,0.039791,-0.490649,-0.491695
30.63,30.64,-0.707672,-0.707268,0.038606,0.038569,-0.488143,-0.489097
30.63,30.63,-0.706661,-0.705949,0.039631,0.03879,-0.490127,-0.489204
30.63,30.63,-0.706686,-0.706377,0.038604,0.037735,-0.487634,-0.487842
30.48,30.47,-0.706147,-0.706116,0.040654,0.039674,-0.492114,-0.489761
30.54,30.54,-0.619073,-0.619204,0.130537,0.129702,-0.556456,-0.557182
24.1,24.12,1.020097,1.004919,1.260761,1.25777,0.017043,0.022467
29.56,29.57,-0.705998,-0.705993,0.087445,0.087465,-0.48407,-0.483263
29.86,29.87,-0.718406,-0.710819,0.084376,0.086527,-0.481708,-0.48312
28.65,28.65,-0.077116,-0.07709,-0.714338,-0.713925,-0.512733,-0.512222
30.37,30.39,-0.638847,-0.631103,0.125506,0.127762,-0.559189,-0.554768
29.15,29.15,0.399754,0.399513,-0.618861,-0.618991,-0.544073,-0.546636
30.19,30.19,-0.702686,-0.703755,0.044669,0.045159,-0.493041,-0.491857
28.48,25.64,-0.599658,-0.576921,-0.454447,-0.379305,-0.305963,-0.243337
28.47,28.48,0.183671,0.254347,-0.885876,-0.853198,-0.557991,-0.555078
30.69,30.69,-0.706666,-0.706615,0.03712,0.0383,-0.488653,-0.488895
29.53,29.53,-0.706,-0.707105,0.088947,0.087665,-0.484554,-0.483261
30.66,30.66,-0.705686,-0.70601,0.038115,0.038808,-0.488132,-0.488693
30.13,30.13,-0.692173,-0.693034,0.093457,0.093436,-0.481878,-0.48163
30.48,30.48,-0.618581,-0.619614,0.130034,0.129562,-0.555956,-0.55599
30.25,30.25,-0.692862,-0.691797,0.049128,0.04926,-0.487395,-0.488932
28.8,28.8,-0.133103,-0.132876,-0.726621,-0.725935,-0.756284,-0.757326
30.24,30.24,-0.715086,-0.71465,0.041107,0.041646,-0.491185,-0.490163
30.36,30.36,-0.7215,-0.720524,0.037605,0.035842,-0.492282,-0.492649
30.37,30.38,-0.705167,-0.705033,0.041649,0.041845,-0.491594,-0.490834
30.18,30.16,-0.703186,-0.703809,0.044162,0.045304,-0.49255,-0.49147
28.95,28.94,0.297262,0.297898,-0.638165,-0.639345,-0.547687,-0.548105
30.63,30.63,-0.70619,-0.706746,0.039609,0.038974,-0.488119,-0.489023
30.66,30.66,-0.717524,-0.716244,0.033617,0.03407,-0.491291,-0.49155
30.14,30.14,-0.689671,-0.691405,0.091484,0.091097,-0.48288,-0.48282
30.54,30.53,-0.618076,-0.619005,0.130547,0.13008,-0.556948,-0.557397
28.7,28.68,-0.075333,-0.076521,-0.729583,-0.730072,-0.530421,-0.531995
30.4,30.4,-0.706658,-0.706259,0.040136,0.041153,-0.490622,-0.490867
29.16,29.16,0.401768,0.402002,-0.618824,-0.617959,-0.54656,-0.546598
30.31,30.31,-0.685887,-0.687636,0.049689,0.048396,-0.490333,-0.489096
29.89,29.89,-0.707034,-0.707159,0.088901,0.088468,-0.481057,-0.481584
30.51,30.5,-0.620563,-0.619713,0.13103,0.130098,-0.556463,-0.556261
30.69,30.69,-0.706666,-0.707052,0.038123,0.038333,-0.489142,-0.488462
29.51,29.51,-0.694653,-0.69683,0.092444,0.091402,-0.48141,-0.48125
30.12,30.13,-0.705,-0.706339,0.087455,0.087284,-0.484562,-0.484115
30.7,30.71,-0.707658,-0.707279,0.037116,0.038037,-0.488661,-0.488798
28.48,28.49,-0.343709,-0.232084,0.09009,-0.025886,-0.757378,-0.711811
30.52,30.52,-0.717098,-0.717205,0.037561,0.03658,-0.487236,-0.48861
30.51,30.51,-0.704695,-0.705164,0.041627,0.040765,-0.489586,-0.489791
30.25,30.25,-0.696307,-0.696135,0.050143,0.048171,-0.489918,-0.490179
30.45,30.47,-0.62257,-0.622202,0.12749,0.127491,-0.553015,-0.553452
30.4,30.4,-0.706672,-0.704974,0.041626,0.040311,-0.490104,-0.489739
30.46,30.46,-0.705663,-0.705807,0.040644,0.039822,-0.491108,-0.491179
30.66,30.65,-0.70619,-0.706331,0.039609,0.038352,-0.488119,-0.489392
30.64,30.64,-0.706656,-0.706531,0.038634,0.038941,-0.490138,-0.489567
29.06,29.06,0.390134,0.389751,-0.60656,-0.607459,-0.532998,-0.533002
28.68,28.69,0.143175,0.142641,-0.662709,-0.664114,-0.546799,-0.545888
30.64,30.63,-0.706159,-0.70705,0.03613,0.037251,-0.48916,-0.488509
30.42,30.41,-0.705675,-0.705521,0.041635,0.04108,-0.490597,-0.490356
30.64,30.66,-0.719994,-0.718413,0.033116,0.033162,-0.491819,-0.490978
29.93,29.92,-0.723783,-0.72185,0.082427,0.082965,-0.487286,-0.484974
28.64,28.64,-0.070487,-0.070981,-0.763281,-0.760448,-0.547289,-0.545794
30.45,30.46,-0.616655,-0.623382,0.130486,0.129022,-0.551426,-0.555023
28.61,28.61,-0.07559,-0.074482,-0.754419,-0.752522,-0.539219,-0.540621
29.79,29.79,-0.705012,-0.706008,0.088446,0.087625,-0.48405,-0.483312
30.49,30.49,-0.721017,-0.721083,0.035587,0.034438,-0.490297,-0.488868
30.31,30.31,-0.701573,-0.701671,0.086422,0.087446,-0.480537,-0.480686
30.58,30.58,-0.691845,-0.690095,0.044644,0.045859,-0.487437,-0.486742
30.16,30.16,-0.704678,-0.704214,0.045154,0.044958,-0.492551,-0.491878
30.6,30.58,-0.713633,-0.71289,0.039575,0.038439,-0.487684,-0.486733
30.66,30.67,-0.718014,-0.718143,0.033622,0.033039,-0.491796,-0.491093
30.4,30.4,-0.70653,-0.705605,0.087407,0.087829,-0.48107,-0.48271
29.12,29.12,0.398793,0.398903,-0.619838,-0.619154,-0.546096,-0.546128
30.16,30.15,-0.686209,-0.690227,0.092993,0.092379,-0.482833,-0.483246
30.36,30.37,-0.706171,-0.705674,0.041634,0.041761,-0.490601,-0.490275
29.68,29.7,-0.706506,-0.706212,0.086428,0.087699,-0.482583,-0.484094
30.63,30.63,-0.70619,-0.706025,0.039609,0.038939,-0.488119,-0.488316
29.65,29.65,-0.695081,-0.697147,0.089,0.089224,-0.48546,-0.484023
28.94,28.95,0.283555,0.284134,-0.620483,-0.622523,-0.529073,-0.531019
29.6,29.6,-0.706981,-0.706289,0.085945,0.087289,-0.484095,-0.483688
30.28,30.28,-0.713071,-0.715132,0.03864,0.039787,-0.492698,-0.492959
30.37,30.37,-0.692788,-0.69785,0.045691,0.044038,-0.491941,-0.490486
30.66,30.65,-0.707143,-0.707142,0.038139,0.038266,-0.490649,-0.489175
30.7,30.7,-0.706688,-0.706914,0.036597,0.037741,-0.486655,-0.488142
30.6,30.59,-0.707661,-0.707541,0.036611,0.037119,-0.488166,-0.48849
30.36,30.37,-0.724966,-0.724296,0.034587,0.035784,-0.491345,-0.491916
30.68,30.67,-0.693298,-0.693456,0.042667,0.042316,-0.489475,-0.489361
30.72,30.72,-0.707654,-0.707903,0.03762,0.037854,-0.489156,-0.48873
30.7,30.7,-0.706655,-0.70728,0.036128,0.037449,-0.489165,-0.4889
28.48,28.47,0.142189,0.141789,-0.663711,-0.663967,-0.546819,-0.547606
30.43,30.44,-0.613051,-0.613485,0.131634,0.131961,-0.562902,-0.562827
29.79,29.78,-0.706009,-0.706719,0.088436,0.087053,-0.483558,-0.483695
30.64,30.64,-0.706669,-0.70765,0.037618,0.037148,-0.488647,-0.488876
30.31,30.31,-0.686897,-0.686268,0.049667,0.049062,-0.48884,-0.489763
30.42,30.4,-0.724262,-0.723047,0.078429,0.079694,-0.486835,-0.485853
30.6,30.6,-0.690328,-0.691012,0.044679,0.043494,-0.489928,-0.488635
30.24,30.23,-0.703664,-0.703597,0.042171,0.043509,-0.493077,-0.493076
30.6,30.59,-0.706663,-0.70633,0.037624,0.039096,-0.489148,-0.488597
30.05,30.05,-0.700725,-0.702311,0.048666,0.04843,-0.492978,-0.492549
29.59,29.56,-0.689193,-0.691902,0.092471,0.091215,-0.481863,-0.482793
30.49,30.5,-0.615061,-0.615055,0.132102,0.130974,-0.560911,-0.560914
30.64,30.61,-0.705693,-0.706455,0.040614,0.039109,-0.488605,-0.488934
29.53,29.54,-0.705027,-0.705978,0.087929,0.087962,-0.482553,-0.483097
30.7,30.7,-0.691327,-0.689095,0.042663,0.043575,-0.488456,-0.488061
30.61,30.61,-0.706683,-0.706857,0.039108,0.038355,-0.488129,-0.490238
30.51,30.51,-0.689375,-0.687336,0.046149,0.046243,-0.487398,-0.487905
29.16,29.16,0.399267,0.398947,-0.619355,-0.619084,-0.544584,-0.544844
30.37,30.38,-0.707473,-0.705885,0.087451,0.087309,-0.485084,-0.483098
29.92,29.92,-0.717349,-0.714832,0.083442,0.083981,-0.486718,-0.485508
30.3,30.3,-0.692847,-0.693164,0.048641,0.048329,-0.488402,-0.489075
30.52,30.52,-0.697781,-0.697537,0.043131,0.044056,-0.488006,-0.487273
25.36,25.35,3.444965,3.306947,-9.38538,-9.363521,4.921287,4.896199
30.7,30.7,-0.693313,-0.693248,0.042151,0.041625,-0.487979,-0.489081
30.49,30.49,-0.622542,-0.620843,0.128018,0.129623,-0.555513,-0.554874
30.63,30.63,-0.705667,-0.706836,0.039136,0.038898,-0.490124,-0.48895
30.36,30.35,-0.689866,-0.688748,0.049662,0.048275,-0.489366,-0.488536
30.58,30.58,-0.707178,-0.707517,0.04011,0.038657,-0.488623,-0.489038
29.54,29.55,-0.721358,-0.718164,0.083386,0.08427,-0.483247,-0.484021
30.63,30.63,-0.707146,-0.706763,0.038638,0.038861,-0.490643,-0.48917
30.7,30.71,-0.690344,-0.690337,0.043159,0.042765,-0.487942,-0.488367
30.55,30.54,-0.628441,-0.606667,0.127545,0.131995,-0.559576,-0.555475
29.63,29.65,-0.705496,-0.706256,0.087453,0.087343,-0.484566,-0.484389
26.66,26.56,0.033465,0.043915,0.933085,0.931772,-0.010266,-0.019731
30.63,30.62,-0.704703,-0.706062,0.039614,0.039548,-0.488106,-0.489271
30.46,30.46,-0.689354,-0.689056,0.044665,0.045871,-0.488417,-0.489037
30.7,30.7,-0.707159,-0.707336,0.036619,0.037332,-0.488663,-0.488726
30.43,30.42,-0.70517,-0.705572,0.041144,0.040922,-0.491098,-0.49141
30.69,30.69,-0.709593,-0.709091,0.036153,0.036236,-0.492195,-0.490672
30.51,30.5,-0.693301,-0.69266,0.043166,0.04489,-0.48947,-0.489084
30.58,30.58,-0.707144,-0.706673,0.037136,0.037639,-0.490159,-0.488281
30.42,30.42,-0.705179,-0.706004,0.040634,0.041612,-0.490103,-0.490439
30.64,30.66,-0.60677,-0.613487,0.12949,0.127159,-0.548347,-0.55075
30.69,30.69,-0.610695,-0.611966,0.127511,0.126141,-0.550908,-0.55145
30.63,30.63,-0.707667,-0.7074,0.036605,0.036349,-0.487665,-0.488748
30.16,30.16,-0.703675,-0.704047,0.04517,0.045374,-0.493544,-0.491527
29.77,29.79,-0.706012,-0.706282,0.088935,0.087081,-0.483552,-0.483816
29.8,29.8,-0.705995,-0.706182,0.086946,0.087624,-0.484076,-0.484079
30.7,30.7,-0.639372,-0.631501,0.121965,0.123763,-0.555227,-0.553284
30.42,30.42,-0.705185,-0.705364,0.041631,0.041223,-0.490092,-0.489837
30.34,30.34,-0.621067,-0.62247,0.128012,0.128388,-0.554498,-0.553414
30.31,30.31,-0.734644,-0.731571,0.068393,0.068372,-0.485035,-0.484869
29.68,29.68,-0.700544,-0.701503,0.087465,0.088011,-0.484022,-0.484936
29.69,29.69,-0.705009,-0.706051,0.087947,0.087646,-0.484055,-0.484268
30.6,30.6,-0.708136,-0.70698,0.036128,0.037403,-0.489678,-0.489108
28.91,28.91,0.310543,0.309994,-0.660795,-0.658282,-0.569866,-0.565786
30.64,30.64,-0.707156,-0.707115,0.03612,0.037531,-0.488668,-0.488627
30.61,30.61,-0.707167,-0.706189,0.039118,0.03997,-0.489135,-0.489939
29.54,29.55,-0.706538,-0.706101,0.088903,0.088032,-0.481053,-0.483142
30.6,30.6,-0.708159,-0.707535,0.038111,0.036995,-0.488654,-0.488491
28.61,28.61,-0.074333,-0.074466,-0.725559,-0.723965,-0.532871,-0.533645
30.48,30.48,-0.705184,-0.705058,0.039126,0.039985,-0.489118,-0.489227
28.64,28.64,-0.077774,-0.078002,-0.731058,-0.731415,-0.532963,-0.531572
30.46,30.45,-0.624508,-0.616737,0.127026,0.129209,-0.556543,-0.555163
30.49,30.49,-0.706161,-0.706965,0.037632,0.037719,-0.489644,-0.487571
30.34,30.34,-0.706999,-0.706078,0.086931,0.087379,-0.483083,-0.482729
30.64,30.64,-0.70766,-0.70763,0.037614,0.036867,-0.488656,-0.489155
29.53,29.54,-0.706506,-0.705884,0.087431,0.088167,-0.483073,-0.483139
29.72,29.72,-0.707014,-0.706148,0.087417,0.087915,-0.482075,-0.48337
30.49,30.48,-0.706667,-0.707202,0.036116,0.037664,-0.488163,-0.488456
30.73,30.73,-0.706651,-0.705531,0.036633,0.036646,-0.48966,-0.490461
30.64,30.65,-0.706662,-0.706652,0.038628,0.038593,-0.489637,-0.489222
30.39,30.39,-0.705679,-0.705778,0.040127,0.040733,-0.489612,-0.490693
29.68,29.68,-0.695671,-0.696233,0.092916,0.092109,-0.47941,-0.481368
29.09,29.09,0.409345,0.410781,-0.626679,-0.627457,-0.554597,-0.554974
30.43,30.43,-0.706141,-0.70611,0.039657,0.040787,-0.492126,-0.489874
30.43,30.43,-0.621553,-0.621713,0.128521,0.129361,-0.555498,-0.555335
29.65,29.67,-0.713915,-0.714951,0.08342,0.084518,-0.483683,-0.48375
30.39,30.39,-0.705663,-0.70571,0.041647,0.0417,-0.491598,-0.490576
28.5,28.49,0.141067,0.140556,-0.936156,-0.935601,-0.579967,-0.579805
30.48,30.48,-0.614075,-0.613936,0.132099,0.131839,-0.560401,-0.561119
29.54,29.55,-0.705982,-0.705905,0.087961,0.087505,-0.485566,-0.483202
30.48,30.48,-0.705186,-0.705378,0.039624,0.040579,-0.489112,-0.488868
28.57,28.58,-0.07845,-0.078761,-0.72472,-0.725372,-0.520876,-0.52027
30.57,30.57,-0.619023,-0.617503,0.129083,0.130311,-0.559978,-0.557917
30.69,30.69,-0.703244,-0.702425,0.041597,0.04133,-0.486569,-0.487311
29.86,29.84,-0.70503,-0.705599,0.087425,0.087734,-0.482058,-0.483522
29.02,29.02,0.6696,0.667373,-0.482797,-0.481642,-0.4901,-0.487682
28.41,28.45,-0.320306,-0.328958,0.344539,0.353052,-0.713721,-0.693309
30.22,30.22,-0.703707,-0.703584,0.045638,0.045603,-0.491035,-0.492652
28.61,28.57,-0.322922,-0.312005,-0.508593,-0.519737,-0.654787,-0.647385
30.21,30.22,-0.722337,-0.72165,0.082391,0.083209,-0.483768,-0.483577
30.49,30.49,-0.621517,-0.620327,0.128557,0.129384,-0.558503,-0.555573
26.6,26.63,-0.014997,0.003679,0.7012,0.712911,-0.491652,-0.481855
30.52,30.52,-0.707681,-0.707129,0.039099,0.037602,-0.487637,-0.488305
30.18,30.17,-0.703192,-0.703068,0.047665,0.046669,-0.493512,-0.491884
30.58,30.58,-0.705689,-0.706508,0.03761,0.037661,-0.487637,-0.488004
30.49,30.49,-0.619546,-0.618474,0.129556,0.129425,-0.557974,-0.557099
30.45,30.46,-0.612058,-0.613155,0.133645,0.132998,-0.563873,-0.562287
29.83,29.83,-0.7065,-0.705823,0.086434,0.087848,-0.483084,-0.482746
29.86,29.86,-0.724312,-0.719762,0.081891,0.083661,-0.484292,-0.484898
30.63,30.63,-0.706663,-0.707196,0.037624,0.038572,-0.489148,-0.489307
28.61,28.6,-0.075565,-0.074766,-0.753391,-0.751967,-0.541712,-0.539981
30.48,30.48,-0.707194,-0.70695,0.03859,0.037444,-0.486637,-0.48791
30.72,30.72,-0.691348,-0.69085,0.043144,0.043016,-0.486949,-0.488233
28.24,28.27,0.214722,0.214006,0.549263,0.550306,-0.559497,-0.558143
30.4,30.41,-0.703704,-0.705213,0.041631,0.041768,-0.489578,-0.491097
30.37,30.37,-0.688845,-0.68849,0.047689,0.047583,-0.490882,-0.490625
29.21,29.21,0.400274,0.399303,-0.619838,-0.619219,-0.545583,-0.544322
30.43,30.44,-0.705173,-0.705942,0.041643,0.040662,-0.491093,-0.490229
29.18,29.18,0.398265,0.398928,-0.617364,-0.618381,-0.54457,-0.544035
30.58,30.58,-0.707681,-0.707156,0.038095,0.03755,-0.487148,-0.488922
30.22,30.22,-0.714891,-0.717833,0.082929,0.083278,-0.484699,-0.485196
29.21,29.21,0.400756,0.401342,-0.617343,-0.617891,-0.54555,-0.544985
30.07,30.08,-0.705514,-0.705448,0.087435,0.087913,-0.483064,-0.483794
28.95,28.93,0.297775,0.297595,-0.639149,-0.639166,-0.548695,-0.547335
25.01,25.01,-0.955718,-0.966535,0.820558,0.811581,0.282899,0.277244
30.46,30.46,-0.637404,-0.627913,0.126971,0.128729,-0.556154,-0.55493
27.13,27.13,0.245341,0.244473,-0.650247,-0.648936,-0.513213,-0.512595
30.45,30.44,-0.707167,-0.706419,0.039118,0.039782,-0.489135,-0.490153
30.69,30.7,-0.704698,-0.706556,0.037614,0.037958,-0.487628,-0.488267
30.33,30.32,-0.72496,-0.723646,0.034593,0.036123,-0.491846,-0.492122
30.14,30.14,-0.703205,-0.703647,0.04665,0.04572,-0.492021,-0.492406
30.7,30.69,-0.627028,-0.619686,0.123466,0.125589,-0.551596,-0.55242
29.6,29.6,-0.705009,-0.705749,0.086944,0.087196,-0.483566,-0.48361
29.68,29.67,-0.703528,-0.705077,0.086943,0.08658,-0.483052,-0.484417
25.59,25.61,-1.558203,-1.650873,-0.994988,-1.099213,0.715404,0.794415
29.53,29.53,-0.706034,-0.706145,0.088412,0.087657,-0.481555,-0.483072
28.41,28.45,-0.319834,-0.328145,0.344517,0.359043,-0.711714,-0.692232
30.51,30.5,-0.602726,-0.601241,0.133092,0.133396,-0.556285,-0.555857
30.48,30.48,-0.705688,-0.705991,0.04062,0.040101,-0.489105,-0.488748
29.92,29.92,-0.713896,-0.710639,0.084441,0.084934,-0.485675,-0.484985
30.63,30.63,-0.706176,-0.707114,0.038119,0.038681,-0.488637,-0.488834
29.18,29.18,0.400788,0.399606,-0.618815,-0.619554,-0.54757,-0.54543
29.72,29.71,-0.706499,-0.70637,0.08844,0.08782,-0.484063,-0.483428
30.68,30.66,-0.610699,-0.616443,0.127006,0.126514,-0.550412,-0.552025
30.46,30.46,-0.617138,-0.625595,0.130497,0.129096,-0.552432,-0.555682
30.46,30.46,-0.706173,-0.707713,0.03762,0.036789,-0.488643,-0.488014
28.61,28.61,-0.075554,-0.075073,-0.754383,-0.753763,-0.542224,-0.541281
30.54,30.53,-0.620047,-0.619753,0.129548,0.129772,-0.557477,-0.55651
30.7,30.7,-0.70665,-0.706965,0.037636,0.037929,-0.490149,-0.488461
30.64,30.65,-0.706184,-0.706765,0.038612,0.039185,-0.488131,-0.489556
30.58,30.6,-0.618578,-0.62484,0.125023,0.124644,-0.554009,-0.552671
30.7,30.71,-0.709141,-0.707388,0.038618,0.037755,-0.489659,-0.489082
30.16,30.14,-0.714869,-0.711621,0.084455,0.084739,-0.487186,-0.485697
28.62,28.62,-0.074516,-0.07371,-0.757341,-0.758299,-0.544753,-0.545357
30.28,30.28,-0.684386,-0.68764,0.048204,0.049475,-0.490838,-0.48967
30.24,30.24,-0.711508,-0.711825,0.088873,0.086891,-0.480094,-0.481717
30.72,30.71,-0.691328,-0.691152,0.041659,0.043061,-0.487967,-0.48793
30.64,30.64,-0.706203,-0.70614,0.038594,0.039208,-0.486628,-0.488374
30.57,30.57,-0.688363,-0.688106,0.044668,0.045346,-0.488408,-0.488664
30.72,30.72,-0.692322,-0.690613,0.042154,0.043603,-0.48797,-0.488835
29.53,29.53,-0.685722,-0.697988,0.093487,0.090824,-0.482323,-0.481247
30.7,30.7,-0.707152,-0.707793,0.038632,0.038152,-0.490142,-0.488596
30.22,30.22,-0.721998,-0.720377,0.038101,0.039612,-0.492281,-0.492961
30.34,30.34,-0.705027,-0.705741,0.087929,0.087982,-0.482553,-0.481803
29.09,29.09,-0.239085,-0.234684,-0.638568,-0.665626,-0.519292,-0.481849
30.69,30.69,-0.716069,-0.71467,0.035095,0.034253,-0.489258,-0.490964
30.34,30.34,-0.687854,-0.687347,0.047693,0.048137,-0.490874,-0.489086
28.97,28.98,0.641999,0.641503,-0.474203,-0.473815,-0.466702,-0.468449
30.48,30.48,-0.710104,-0.710315,0.036638,0.037722,-0.491192,-0.491002
30.46,30.46,-0.705694,-0.705598,0.039611,0.039924,-0.488115,-0.488852
30.52,30.52,-0.706703,-0.705521,0.041596,0.04095,-0.487601,-0.490337
22.36,22.51,-0.660388,-0.659506,0.098451,0.078927,0.493163,0.417969
28.59,28.6,-0.162491,-0.163323,0.672788,0.67243,-0.582912,-0.582437
30.52,30.52,-0.604652,-0.62095,0.132639,0.131133,-0.560815,-0.55937
30.3,30.28,-0.705024,-0.705901,0.08743,0.08773,-0.482559,-0.481571
30.34,30.34,-0.688344,-0.688147,0.04569,0.047897,-0.4904,-0.48886
30.51,30.52,-0.705668,-0.707276,0.038132,0.037573,-0.489634,-0.488027
30.48,30.48,-0.705193,-0.705947,0.037612,0.03764,-0.487633,-0.487689
30.52,30.52,-0.619554,-0.619449,0.130048,0.129714,-0.557467,-0.557004
30.18,30.17,-0.703702,-0.703746,0.044641,0.045017,-0.491046,-0.492044
30.34,30.34,-0.688875,-0.687662,0.048662,0.048098,-0.488868,-0.488874
30.58,30.58,-0.707161,-0.706627,0.039124,0.038984,-0.489636,-0.489398
28.65,28.65,-0.25901,-0.258785,-0.468284,-0.471495,-0.668301,-0.665425
30.45,30.45,-0.606741,-0.612921,0.132025,0.129688,-0.551824,-0.553982
30.33,30.33,-0.714072,-0.715142,0.039128,0.038247,-0.4922,-0.492675
29.18,29.18,0.399791,0.39994,-0.618825,-0.619195,-0.547078,-0.546124
29.21,29.21,0.401257,0.402019,-0.618339,-0.618373,-0.545557,-0.546207
30.61,30.61,-0.636941,-0.619237,0.12293,0.126,-0.551688,-0.551194
28.67,28.68,-0.250017,-0.250361,-0.469687,-0.471811,-0.673247,-0.671812
30.16,30.16,-0.703684,-0.704117,0.044659,0.045368,-0.492548,-0.491938
29.04,29.04,0.412815,0.41122,-0.62767,-0.626059,-0.554077,-0.552886
30.46,30.46,-0.706198,-0.678821,0.040102,0.048242,-0.487613,-0.48848
29.71,29.7,-0.723308,-0.723537,0.082909,0.082341,-0.485774,-0.485011
30.39,30.39,-0.639916,-0.626538,0.127431,0.129198,-0.553667,-0.553665
30.61,30.61,-0.705685,-0.706139,0.040121,0.039304,-0.489111,-0.48935
29.07,29.07,0.40629,0.405929,-0.624263,-0.623296,-0.549087,-0.550406
30.31,30.31,-0.696251,-0.697335,0.043179,0.043969,-0.491499,-0.492005
30.18,30.18,-0.704176,-0.703745,0.045162,0.045851,-0.493048,-0.49212
30.52,30.52,-0.721999,-0.722937,0.032586,0.033904,-0.489839,-0.49152
30.54,30.54,-0.619495,-0.620177,0.128101,0.128928,-0.561496,-0.560831
30.45,30.45,-0.707143,-0.706484,0.039142,0.038969,-0.491138,-0.489777
30.24,30.25,-0.705517,-0.70587,0.087934,0.087394,-0.483058,-0.482722
30.16,30.16,-0.702694,-0.703448,0.046165,0.045611,-0.493024,-0.49201
29.68,29.68,-0.701025,-0.707439,0.08798,0.085831,-0.485523,-0.485137
30.25,30.25,-0.706031,-0.706073,0.087914,0.0876,-0.48156,-0.482461
30.48,30.47,-0.621084,-0.619914,0.130001,0.129488,-0.553975,-0.554957
30.46,30.46,-0.706649,-0.706636,0.040647,0.039075,-0.491618,-0.489497
30.64,30.65,-0.70815,-0.707076,0.037618,0.038253,-0.489161,-0.489314
25.9,25.91,0.001769,-0.01426,0.962094,0.950194,0.014832,0.0301
30.64,30.64,-0.708161,-0.706764,0.039613,0.038625,-0.489138,-0.489037
30.72,30.71,-0.707167,-0.706457,0.039118,0.038179,-0.489135,-0.48918
30.12,30.12,-0.702243,-0.702606,0.047627,0.046665,-0.489998,-0.493152
30.64,30.65,-0.707654,-0.707434,0.038624,0.038451,-0.489646,-0.488444
30.64,30.64,-0.707644,-0.706844,0.039134,0.03931,-0.490642,-0.490452
30.42,30.41,-0.622556,-0.622175,0.129508,0.12933,-0.554995,-0.554087
30.4,30.4,-0.642861,-0.627136,0.126446,0.127728,-0.555707,-0.55479
30.64,30.64,-0.705683,-0.706424,0.038619,0.038499,-0.488627,-0.488384
29.92,29.93,-0.698053,-0.697049,0.08849,0.089002,-0.485492,-0.484666
30.58,30.58,-0.706179,-0.707356,0.037614,0.037131,-0.488142,-0.488578
29.65,29.64,-0.706497,-0.706244,0.086938,0.087656,-0.483579,-0.48428
30.68,30.68,-0.717013,-0.717624,0.033133,0.033401,-0.492294,-0.490698
29.2,29.2,0.399286,0.399629,-0.619338,-0.619641,-0.546087,-0.545631
30.37,30.36,-0.716548,-0.718315,0.037617,0.037012,-0.491738,-0.49176
29.48,29.51,-0.724288,-0.723961,0.080911,0.082587,-0.485805,-0.485307
30.42,30.42,-0.705681,-0.705617,0.041629,0.04054,-0.490096,-0.490749
29.81,29.81,-0.706972,-0.706696,0.086456,0.087087,-0.485091,-0.484005
30.55,30.55,-0.59726,-0.609328,0.133124,0.130937,-0.557239,-0.556772
30.54,30.54,-0.597763,-0.63192,0.132113,0.12681,-0.556253,-0.560136
30.46,30.46,-0.613623,-0.61506,0.130052,0.129973,-0.555913,-0.554729
30.45,30.45,-0.706673,-0.70615,0.040622,0.039433,-0.489615,-0.489293
30.51,30.51,-0.695326,-0.695476,0.04412,0.044453,-0.486471,-0.48727
30.39,30.39,-0.6082,-0.618527,0.12904,0.130074,-0.552872,-0.553456
29.04,29.05,0.412319,0.412659,-0.627672,-0.62688,-0.554082,-0.554681
29.53,29.53,-0.72234,-0.721915,0.082889,0.084048,-0.483763,-0.483771
30.49,30.49,-0.708655,-0.707358,0.037106,0.036698,-0.488169,-0.488233
28.27,28.27,0.216196,0.217129,0.54725,0.547931,-0.557503,-0.556656
30.52,30.54,-0.610686,-0.61072,0.132533,0.131641,-0.553856,-0.55597
29.86,29.86,-0.716378,-0.714708,0.083927,0.084188,-0.485202,-0.485655
30.45,30.44,-0.621057,-0.622092,0.129526,0.128762,-0.555983,-0.554944
28.5,28.51,0.016354,0.057454,-0.791406,-0.733451,-0.377056,-0.413458
30.61,30.61,-0.645802,-0.632313,0.121454,0.122914,-0.55629,-0.552645
28.5,28.5,0.156791,0.155824,-0.884077,-0.88377,-0.55019,-0.549093
30.7,30.7,-0.700683,-0.70012,0.037676,0.038915,-0.4916,-0.491986
30.58,30.58,-0.706671,-0.707298,0.038117,0.036824,-0.488642,-0.488361
30.1,30.09,-0.702709,-0.703101,0.046652,0.046991,-0.492017,-0.492201
30.61,30.62,-0.706168,-0.706776,0.040132,0.038768,-0.490117,-0.489331
29.04,29.05,0.39316,0.398614,-0.610508,-0.609155,-0.535521,-0.536465
30.69,30.71,-0.70616,-0.707306,0.038635,0.037819,-0.490134,-0.48851
30.48,30.47,-0.705189,-0.705869,0.040123,0.040375,-0.489107,-0.490768
30.34,30.34,-0.69681,-0.696869,0.048128,0.046093,-0.488442,-0.487179
30.69,30.7,-0.706664,-0.706668,0.035617,0.037699,-0.488169,-0.488306
30.0,30.0,-0.70503,-0.705457,0.087425,0.088335,-0.482058,-0.483279
22.99,23.02,-0.499565,-0.449632,0.198659,0.161266,-0.709918,-0.670349
28.5,28.5,-0.119905,-0.121993,0.683426,0.683207,-0.582922,-0.582788
30.73,30.71,-0.689848,-0.690762,0.043161,0.04291,-0.487937,-0.488128
30.25,30.25,-0.706517,-0.705859,0.088422,0.087341,-0.482561,-0.482397
30.14,30.13,-0.705989,-0.706164,0.086952,0.087336,-0.484576,-0.484188
28.68,28.68,0.142158,0.142633,-0.664744,-0.664313,-0.543825,-0.54595
29.16,29.16,0.399793,0.400219,-0.619324,-0.620185,-0.547084,-0.546243
30.54,30.53,-0.70764,-0.707721,0.03613,0.037237,-0.489674,-0.488019
30.46,30.46,-0.706166,-0.706436,0.039633,0.040361,-0.490123,-0.490232
29.5,29.5,-0.70549,-0.706171,0.087459,0.088046,-0.485067,-0.484806
28.98,28.98,0.685114,0.685251,-0.488111,-0.488534,-0.499542,-0.500433
30.52,30.51,-0.618095,-0.618595,0.133034,0.130109,-0.556419,-0.556827
30.61,30.61,-0.707647,-0.707424,0.039633,0.038426,-0.490636,-0.490102
30.4,30.4,-0.612697,-0.620028,0.131997,0.129278,-0.551375,-0.553218
30.51,30.49,-0.619572,-0.62041,0.13003,0.12925,-0.555965,-0.556482
30.48,30.48,-0.619564,-0.620607,0.128534,0.130034,-0.555982,-0.555733
30.42,30.42,-0.706161,-0.706051,0.042145,0.04183,-0.491597,-0.490713
30.61,30.62,-0.723025,-0.722411,0.035556,0.033692,-0.488312,-0.489464
30.1,30.11,-0.705958,-0.706226,0.087985,0.08767,-0.487569,-0.483373
30.05,30.05,-0.702705,-0.703229,0.049163,0.048149,-0.493491,-0.493532
29.92,29.92,-0.689644,-0.691677,0.091009,0.090866,-0.484889,-0.484027
28.47,28.46,-0.345454,-0.339728,0.364649,0.359835,-0.693176,-0.696296
30.4,30.41,-0.705657,-0.705113,0.041653,0.042492,-0.492099,-0.491123
28.97,28.97,0.472066,0.470198,-0.557041,-0.557092,-0.72807,-0.728157
30.33,30.33,-0.70473,-0.707524,0.044601,0.043058,-0.48805,-0.488788
30.64,30.64,-0.707176,-0.707008,0.038608,0.038628,-0.488139,-0.488944
30.61,30.6,-0.707151,-0.707076,0.039635,0.038337,-0.490632,-0.489689
30.58,30.59,-0.725956,-0.72514,0.032078,0.033207,-0.49038,-0.490666
30.6,30.6,-0.706684,-0.707132,0.038105,0.037158,-0.48764,-0.48786
30.73,30.72,-0.691342,-0.690898,0.043149,0.043198,-0.487449,-0.488046
30.45,30.45,-0.705179,-0.70589,0.040634,0.039642,-0.490103,-0.489153
30.58,30.59,-0.706657,-0.707333,0.036627,0.037345,-0.489159,-0.488561
30.46,30.46,-0.704691,-0.705579,0.038623,0.04074,-0.488618,-0.489068
30.49,30.49,-0.705679,-0.705894,0.039124,0.039848,-0.489122,-0.488871
29.48,29.49,-0.706007,-0.705791,0.087938,0.08753,-0.483563,-0.483621
28.67,28.67,0.142177,0.142853,-0.663723,-0.664425,-0.545817,-0.546055
29.91,29.92,-0.712393,-0.712158,0.085966,0.084761,-0.487648,-0.48521
30.6,30.6,-0.686887,-0.687712,0.045666,0.045516,-0.487883,-0.488127
29.74,29.73,-0.705016,-0.706191,0.086938,0.087635,-0.483065,-0.483804
29.92,29.93,-0.693153,-0.692312,0.092462,0.091716,-0.482399,-0.481879
30.46,30.46,-0.611708,-0.620253,0.1325,0.129099,-0.551361,-0.555465
25.04,25.07,-0.720562,-0.750634,0.692731,0.673289,0.328573,0.326368
30.45,30.45,-0.705684,-0.705942,0.041125,0.039946,-0.4896,-0.489521
29.77,29.76,-0.705516,-0.705915,0.088937,0.087469,-0.483548,-0.483548
30.37,30.37,-0.6859,-0.687341,0.048673,0.047827,-0.488842,-0.490703
30.46,30.46,-0.631433,-0.624329,0.127516,0.129273,-0.5581,-0.555479
30.24,30.24,-0.709603,-0.711581,0.040154,0.041456,-0.493152,-0.494176
30.1,30.1,-0.72627,-0.724178,0.08291,0.081936,-0.486802,-0.485532
30.4,30.4,-0.705013,-0.705154,0.086439,0.087916,-0.483071,-0.481883
29.21,29.21,0.399769,0.399911,-0.619348,-0.619048,-0.54508,-0.54463
30.43,30.44,-0.62207,-0.621569,0.129,0.128982,-0.553995,-0.554436
30.19,30.19,-0.702696,-0.703228,0.044158,0.045503,-0.492045,-0.492485
30.64,30.64,-0.707182,-0.706985,0.038602,0.038555,-0.487638,-0.488294
30.69,30.69,-0.698237,-0.699434,0.039158,0.038925,-0.489558,-0.490112
30.54,30.53,-0.706164,-0.707264,0.037127,0.037325,-0.489149,-0.487248
30.55,30.55,-0.597275,-0.618545,0.133611,0.130015,-0.556231,-0.558105
29.59,29.57,-0.688673,-0.703462,0.092497,0.088094,-0.483862,-0.482889
23.27,23.27,-0.944838,-0.86144,-0.88909,-1.159443,-0.190669,-0.252075
30.37,30.38,-0.628483,-0.627833,0.1265,0.127818,-0.555581,-0.554634
28.74,28.72,-0.254542,-0.254469,-0.47829,-0.476395,-0.664368,-0.664702
30.51,30.51,-0.707173,-0.706935,0.038109,0.037088,-0.488145,-0.487754
29.66,29.65,-0.706502,-0.706054,0.088939,0.087678,-0.484057,-0.483577
30.52,30.52,-0.720997,-0.719901,0.034103,0.033881,-0.491316,-0.492035
30.28,30.28,-0.718056,-0.718989,0.039095,0.038423,-0.490733,-0.491154
30.45,30.46,-0.631944,-0.622691,0.128001,0.129116,-0.557097,-0.555151
30.58,30.58,-0.706669,-0.706656,0.037618,0.037711,-0.488647,-0.488896
30.52,30.53,-0.617589,-0.618033,0.130038,0.130224,-0.555948,-0.557472
30.54,30.53,-0.618076,-0.618503,0.130547,0.12939,-0.556948,-0.557581
30.43,30.41,-0.622087,-0.62222,0.129985,0.128982,-0.552982,-0.553851
30.33,30.33,-0.714042,-0.714554,0.038155,0.039195,-0.494215,-0.491688
29.2,29.2,0.399748,0.399627,-0.618867,-0.619754,-0.543572,-0.54706
30.69,30.7,-0.707158,-0.707448,0.037622,0.03769,-0.489152,-0.489449
30.64,30.64,-0.707654,-0.70677,0.038624,0.038443,-0.489646,-0.488814
30.6,30.6,-0.707643,-0.707224,0.036629,0.037375,-0.489668,-0.488549
30.58,30.58,-0.707161,-0.706949,0.039124,0.038868,-0.489636,-0.489407
29.18,29.17,0.401243,0.401716,-0.616849,-0.618766,-0.545039,-0.545157
30.61,30.61,-0.686876,-0.687356,0.044674,0.04506,-0.488395,-0.488675
29.66,29.66,-0.706475,-0.705904,0.087461,0.087571,-0.485576,-0.483281
30.58,30.58,-0.699259,-0.696901,0.042633,0.043056,-0.488526,-0.487689
30.52,30.52,-0.619569,-0.619507,0.130535,0.129499,-0.55646,-0.556611
30.51,30.51,-0.704698,-0.705242,0.042126,0.04041,-0.48958,-0.490561
30.37,30.37,-0.706667,-0.705043,0.040628,0.04169,-0.490116,-0.491221
30.66,30.65,-0.706663,-0.707316,0.037624,0.038651,-0.489148,-0.489708
30.46,30.45,-0.622993,-0.620396,0.126556,0.129048,-0.558538,-0.555442
29.16,29.16,0.386641,0.38909,-0.603586,-0.606231,-0.532494,-0.533329
30.05,30.05,-0.701686,-0.702662,0.048692,0.048419,-0.49549,-0.493409
30.14,30.16,-0.703173,-0.703384,0.045177,0.045957,-0.49404,-0.49211
30.61,30.6,-0.706671,-0.707104,0.038117,0.038289,-0.488642,-0.489415
29.89,29.89,-0.701016,-0.704214,0.087487,0.087315,-0.486029,-0.484742
30.45,30.45,-0.704699,-0.706389,0.041122,0.040143,-0.489091,-0.49075
30.64,30.64,-0.706184,-0.70643,0.038612,0.038703,-0.488131,-0.489208
30.34,30.34,-0.699741,-0.699934,0.045653,0.045699,-0.491,-0.488622
29.65,29.65,-0.70552,-0.70545,0.087429,0.087916,-0.482563,-0.483238
29.04,29.04,0.411304,0.411361,-0.626696,-0.626372,-0.552577,-0.553354
30.58,30.57,-0.706681,-0.706945,0.037606,0.037458,-0.487645,-0.488271
30.33,30.33,-0.715042,-0.715757,0.038644,0.037437,-0.493717,-0.49272
30.09,30.09,-0.704184,-0.702715,0.047662,0.04821,-0.49352,-0.493857
30.24,30.23,-0.701169,-0.703533,0.044704,0.043473,-0.495531,-0.493021
30.4,30.4,-0.705693,-0.705559,0.041617,0.040711,-0.489094,-0.489559
28.14,28.13,0.219157,0.220015,0.548751,0.549803,-0.556959,-0.55708
29.23,29.23,0.399802,0.40026,-0.619816,-0.619783,-0.54759,-0.546078
30.19,30.19,-0.690845,-0.690959,0.050673,0.050607,-0.490866,-0.491198
29.0,28.84,-0.427297,-0.425311,0.380875,0.237339,-0.616067,-0.537309
30.73,30.72,-0.708141,-0.70736,0.038129,0.037423,-0.490157,-0.489191
25.44,25.39,-0.018918,-0.081844,0.971188,0.963767,0.0403,0.01155
30.14,30.14,-0.703683,-0.703985,0.046666,0.045768,-0.493527,-0.491536
29.53,29.53,-0.685724,-0.696263,0.093986,0.091126,-0.482317,-0.481369
30.39,30.38,-0.6928,-0.692616,0.046683,0.04554,-0.491429,-0.49091
29.53,29.53,-0.717399,-0.714845,0.084897,0.085689,-0.483196,-0.483155
30.18,30.18,-0.704173,-0.704138,0.045667,0.045772,-0.493543,-0.492359
29.68,29.68,-0.722357,-0.722244,0.084878,0.08381,-0.483239,-0.484372
30.49,30.49,-0.706693,-0.7057,0.042107,0.040622,-0.488596,-0.490112
30.24,30.22,-0.687744,-0.690231,0.092939,0.092295,-0.47884,-0.480372
30.34,30.34,-0.686372,-0.687209,0.048695,0.049114,-0.490849,-0.489004
30.43,30.43,-0.704681,-0.704867,0.040137,0.041001,-0.490104,-0.490261
28.64,28.64,-0.073832,-0.073777,-0.731067,-0.730345,-0.530925,-0.53252
28.48,28.47,-0.100693,-0.139149,-0.51618,-0.556109,-0.700025,-0.683852
30.51,30.51,-0.717553,-0.71665,0.035594,0.034882,-0.489766,-0.490337
29.57,29.55,-0.687234,-0.691135,0.092454,0.092295,-0.479843,-0.481937
28.97,28.97,0.637491,0.637251,-0.47226,-0.472829,-0.463713,-0.466241
30.61,30.61,-0.708679,-0.707597,0.037082,0.037172,-0.486166,-0.488344
30.28,30.29,-0.707004,-0.705801,0.087928,0.087414,-0.483071,-0.482295
30.52,30.53,-0.618076,-0.618705,0.129543,0.129637,-0.556458,-0.556978
30.6,30.59,-0.619073,-0.618728,0.130537,0.130014,-0.556456,-0.556859
30.3,30.3,-0.720012,-0.720707,0.03761,0.036779,-0.492269,-0.493481
30.01,30.01,-0.704534,-0.705703,0.08843,0.087744,-0.482543,-0.483147
30.72,30.72,-0.707652,-0.706824,0.037122,0.037937,-0.489162,-0.488695
25.09,25.08,-0.842882,-0.825916,0.714484,0.706713,0.347291,0.339371
30.72,30.72,-0.706174,-0.707007,0.036617,0.037816,-0.488153,-0.488648
30.4,30.4,-0.64286,-0.632231,0.12745,0.127891,-0.556196,-0.555493
30.48,30.48,-0.705694,-0.705377,0.039611,0.039677,-0.488115,-0.488537
30.48,30.48,-0.705688,-0.705202,0.04062,0.040531,-0.489105,-0.489438
29.18,29.18,0.401265,0.401544,-0.620838,-0.619332,-0.545084,-0.546247
30.4,30.4,-0.705679,-0.705494,0.040127,0.041147,-0.489612,-0.489769
29.16,29.16,0.389626,0.387578,-0.60557,-0.604882,-0.53249,-0.531889
30.72,30.72,-0.691331,-0.690869,0.041155,0.042962,-0.487472,-0.488755
30.55,30.54,-0.635378,-0.613586,0.128024,0.130791,-0.560132,-0.558053
29.21,29.21,0.399778,0.399295,-0.61984,-0.618736,-0.545587,-0.545078
30.64,30.64,-0.70666,-0.706295,0.038129,0.03856,-0.489643,-0.488853
30.36,30.35,-0.684418,-0.686783,0.049676,0.049321,-0.488818,-0.489098
30.42,30.42,-0.623551,-0.622183,0.129,0.128925,-0.554508,-0.554037
30.33,30.32,-0.710457,-0.708147,0.082417,0.085344,-0.482162,-0.482575
30.51,30.51,-0.618067,-0.618743,0.130054,0.128887,-0.557454,-0.556447
30.73,30.73,-0.715041,-0.715716,0.034132,0.033687,-0.491765,-0.491545
30.28,30.28,-0.718564,-0.719001,0.039082,0.038888,-0.489736,-0.490788
30.36,30.36,-0.734686,-0.732358,0.077375,0.077647,-0.485435,-0.485757
30.14,30.15,-0.703701,-0.703579,0.045645,0.046089,-0.491536,-0.492807
28.61,28.61,-0.075702,-0.076683,-0.745003,-0.74655,-0.534105,-0.534742
30.69,30.69,-0.691367,-0.691098,0.045631,0.043537,-0.48642,-0.488064
30.66,30.66,-0.70717,-0.706908,0.038614,0.038795,-0.48864,-0.488656
30.39,30.38,-0.721809,-0.719108,0.08092,0.080368,-0.485784,-0.485877
30.69,30.7,-0.706175,-0.706145,0.039122,0.038381,-0.489127,-0.489275
30.64,30.64,-0.706172,-0.707254,0.038624,0.038854,-0.489132,-0.489144
30.52,30.53,-0.718524,-0.715984,0.03511,0.035356,-0.491283,-0.491859
30.48,30.47,-0.614102,-0.614134,0.128062,0.129524,-0.556441,-0.554431
30.58,30.58,-0.706635,-0.707509,0.038153,0.036614,-0.491646,-0.488395
30.64,30.63,-0.705683,-0.706756,0.038619,0.038713,-0.488627,-0.488916
30.68,30.68,-0.711111,-0.709403,0.035114,0.036055,-0.489215,-0.491478
29.59,29.58,-0.704987,-0.705823,0.089473,0.087914,-0.486542,-0.483612
30.58,30.59,-0.719049,-0.719046,0.037085,0.035509,-0.489762,-0.488493
30.39,30.39,-0.605752,-0.627807,0.132528,0.12827,-0.55181,-0.555275
29.83,29.83,-0.706467,-0.706198,0.085965,0.087608,-0.485593,-0.483624
30.14,30.14,-0.703206,-0.703143,0.045646,0.046186,-0.491531,-0.492011
30.66,30.67,-0.717516,-0.719101,0.031118,0.032443,-0.490818,-0.491153
30.55,30.55,-0.712632,-0.711374,0.039086,0.039852,-0.488181,-0.488387
30.24,30.24,-0.70276,-0.700751,0.047102,0.047476,-0.488005,-0.489871
28.61,28.61,-0.078329,-0.078973,-0.720089,-0.720095,-0.532844,-0.532939
23.99,24.0,1.757308,1.759121,1.488581,1.48136,-0.237936,-0.224463
30.34,30.34,-0.718555,-0.720294,0.038589,0.037761,-0.490242,-0.490376
30.37,30.37,-0.722507,-0.723687,0.036081,0.036457,-0.490305,-0.490891
28.91,28.91,0.311475,0.310516,-0.659847,-0.659272,-0.56534,-0.566654
30.63,30.64,-0.706656,-0.706869,0.038634,0.038432,-0.490138,-0.489636
30.54,30.54,-0.709608,-0.707387,0.036639,0.038167,-0.491188,-0.490986
30.39,30.39,-0.632989,-0.629911,0.128947,0.128496,-0.553088,-0.553999
28.44,28.46,-0.593018,-0.594165,-0.586986,-0.54192,0.104316,0.010656
29.8,29.8,-0.706503,-0.706126,0.086932,0.087566,-0.483078,-0.483403
30.13,30.13,-0.704674,-0.703757,0.046662,0.045868,-0.493536,-0.493151
30.61,30.61,-0.706174,-0.706351,0.040126,0.039495,-0.489616,-0.488693
29.04,29.04,0.402744,0.402474,-0.619336,-0.618432,-0.545055,-0.544471
30.36,30.36,-0.71593,-0.716484,0.084884,0.083495,-0.481681,-0.481175
28.64,28.64,-0.071046,-0.071355,-0.758332,-0.758098,-0.544233,-0.544649
30.37,30.39,-0.604764,-0.613347,0.132027,0.131055,-0.551306,-0.552919
28.53,28.54,0.143712,0.143035,-0.664673,-0.663739,-0.54932,-0.546661
30.3,30.31,-0.7312,-0.733046,0.06888,0.06861,-0.482996,-0.483136
28.88,28.87,-0.192786,-0.17886,-0.819727,-0.784884,-0.495898,-0.501218
30.22,30.22,-0.690634,-0.691114,0.089503,0.090701,-0.484414,-0.481705
30.37,30.37,-0.716539,-0.716653,0.037124,0.037956,-0.492244,-0.492206
29.2,29.2,0.401761,0.400911,-0.619833,-0.619678,-0.54557,-0.545856
29.57,29.57,-0.707013,-0.70554,0.08842,0.087679,-0.482565,-0.483472
28.98,28.98,0.633523,0.632768,-0.469769,-0.468545,-0.464721,-0.465596
30.46,30.48,-0.708168,-0.707392,0.038604,0.036538,-0.488148,-0.488215
30.3,30.3,-0.722993,-0.7158,0.037593,0.040172,-0.491794,-0.492008
30.45,30.45,-0.706162,-0.7062,0.041141,0.040215,-0.491107,-0.490046
30.39,30.4,-0.621586,-0.622238,0.129993,0.128804,-0.553478,-0.554334
30.18,30.18,-0.703215,-0.704158,0.045135,0.045487,-0.490535,-0.492283
30.25,30.25,-0.684366,-0.686025,0.051232,0.050542,-0.493809,-0.490355
29.69,29.7,-0.706503,-0.705848,0.086932,0.087151,-0.483078,-0.483611
30.36,30.36,-0.684905,-0.686245,0.049182,0.049712,-0.489329,-0.488658
30.43,30.44,-0.621594,-0.620688,0.130486,0.129364,-0.552972,-0.555656
29.5,29.5,-0.706979,-0.706345,0.084443,0.084922,-0.483612,-0.482999
30.39,30.39,-0.605747,-0.621147,0.131531,0.129782,-0.551821,-0.553181
30.34,30.34,-0.705514,-0.705139,0.087435,0.087681,-0.483064,-0.482241
30.36,30.36,-0.72348,-0.723547,0.037098,0.036474,-0.492305,-0.491426
30.37,30.38,-0.618166,-0.629637,0.13146,0.12885,-0.549926,-0.554322
30.68,30.69,-0.612156,-0.615635,0.12703,0.126542,-0.552929,-0.551968
29.72,29.72,-0.706511,-0.706558,0.088428,0.087303,-0.483061,-0.48324
30.51,30.51,-0.705188,-0.704866,0.041126,0.040516,-0.489596,-0.489705
30.66,30.67,-0.717539,-0.71625,0.034104,0.033743,-0.490284,-0.491314
30.63,30.64,-0.706176,-0.706643,0.038119,0.038432,-0.488637,-0.488703
25.93,25.92,5.719905,5.432505,5.864528,6.045662,-9.752275,-8.3122
29.69,29.67,-0.708947,-0.711545,0.084952,0.084496,-0.485126,-0.484131
30.7,30.7,-0.708153,-0.70736,0.038117,0.037763,-0.489155,-0.489343
29.86,29.85,-0.692675,-0.694282,0.092446,0.091321,-0.480892,-0.480768
30.42,30.42,-0.705696,-0.705337,0.042116,0.041843,-0.489089,-0.490311
22.62,22.61,-0.455617,-0.455294,0.08586,0.085186,-0.563556,-0.564227
30.7,30.7,-0.709116,-0.70764,0.035133,0.036502,-0.490199,-0.490281
30.52,30.51,-0.618076,-0.619239,0.129543,0.129586,-0.556458,-0.556257
28.89,28.89,0.452808,0.4372,-0.652239,-0.654386,-0.488393,-0.495736
29.88,29.89,-0.703076,-0.703865,0.090412,0.089516,-0.481005,-0.481353
22.48,22.5,-0.454619,-0.456634,0.086873,0.087376,-0.564538,-0.563052
30.46,30.46,-0.601768,-0.612381,0.132561,0.1314,-0.553277,-0.552616
30.12,30.13,-0.701025,-0.701354,0.086977,0.08761,-0.485034,-0.484749
28.61,28.54,-0.657538,-0.664407,-0.491103,-0.454545,-0.178155,-0.167933
30.73,30.71,-0.690352,-0.691028,0.044655,0.043152,-0.487925,-0.487988
30.49,30.49,-0.690348,-0.690652,0.046163,0.045373,-0.488909,-0.48842
30.33,30.33,-0.701572,-0.701264,0.088429,0.088105,-0.481516,-0.480996
30.64,30.64,-0.706172,-0.70662,0.039627,0.038696,-0.489622,-0.489065
30.7,30.7,-0.69132,-0.690638,0.043672,0.042781,-0.489447,-0.488094
25.36,25.36,3.461715,3.303447,-9.412498,-9.376835,4.942163,4.900711
30.1,30.13,-0.706497,-0.705952,0.086938,0.087346,-0.483579,-0.484106
22.93,22.94,-0.45514,-0.455513,0.085844,0.084592,-0.562049,-0.563484
30.1,30.1,-0.701224,-0.701612,0.048159,0.048762,-0.492487,-0.49343
30.61,30.61,-0.708144,-0.707332,0.037624,0.036985,-0.489661,-0.4889
30.28,30.29,-0.718536,-0.716579,0.03961,0.039657,-0.492234,-0.490478
25.66,25.66,-1.760231,-1.743955,-1.419156,-1.40981,0.960786,0.940538
30.7,30.7,-0.707182,-0.707296,0.037598,0.037839,-0.487149,-0.488955
30.49,30.49,-0.70618,-0.705803,0.04012,0.040192,-0.489115,-0.488781
30.37,30.37,-0.704204,-0.705673,0.04363,0.042138,-0.49006,-0.490526
30.58,30.58,-0.706654,-0.706757,0.037132,0.037373,-0.489654,-0.489001
30.7,30.7,-0.712082,-0.712994,0.034629,0.03457,-0.490731,-0.491521
28.88,28.88,0.32535,0.324273,-0.672324,-0.671522,-0.518278,-0.518118
30.72,30.72,-0.706191,-0.705977,0.037602,0.038521,-0.48714,-0.48804
28.74,28.74,0.145139,0.144864,-0.663723,-0.664309,-0.54479,-0.545961
29.2,29.2,0.400257,0.39986,-0.61785,-0.619431,-0.545059,-0.546032
24.5,24.53,0.636246,0.630324,0.978425,0.972838,0.146749,0.16084
30.64,30.64,-0.708168,-0.707259,0.037601,0.038207,-0.487658,-0.489317
29.8,29.79,-0.706975,-0.70639,0.085951,0.087579,-0.484596,-0.483691
30.54,30.53,-0.612131,-0.614712,0.13257,0.131423,-0.557374,-0.559153
30.49,30.49,-0.619562,-0.619521,0.128036,0.129591,-0.555987,-0.556315
24.13,24.13,-0.448421,-0.449383,0.117739,0.116874,-0.557623,-0.556889
30.39,30.38,-0.642366,-0.631197,0.125445,0.127932,-0.555213,-0.554857
30.18,30.17,-0.703707,-0.703272,0.046642,0.046301,-0.491524,-0.492075
29.66,29.65,-0.706019,-0.70556,0.087925,0.087363,-0.482562,-0.483341
29.21,29.21,0.399258,0.399445,-0.619866,-0.6191,-0.543588,-0.544199
25.33,25.33,-0.195492,-0.175788,0.928322,0.92807,0.022753,0.031872
30.43,30.44,-0.707655,-0.707832,0.036617,0.036879,-0.488667,-0.488505
30.51,30.51,-0.622556,-0.623201,0.124996,0.125199,-0.553043,-0.551864
30.39,30.39,-0.706171,-0.705921,0.041634,0.041721,-0.490601,-0.490357
30.31,30.31,-0.701079,-0.701461,0.087926,0.087618,-0.481016,-0.480828
29.71,29.7,-0.706491,-0.70627,0.086944,0.087173,-0.48408,-0.48398
30.68,30.65,-0.705163,-0.707048,0.037642,0.038627,-0.490136,-0.488889
30.72,30.72,-0.691844,-0.691841,0.042138,0.042853,-0.486463,-0.487868
30.07,30.06,-0.702243,-0.702717,0.047627,0.048038,-0.489998,-0.493654
30.58,30.58,-0.707652,-0.707237,0.036118,0.037011,-0.488672,-0.488103
29.63,29.66,-0.706494,-0.706184,0.087443,0.08716,-0.484074,-0.48453
30.39,30.39,-0.705194,-0.705201,0.042124,0.041906,-0.489585,-0.490164
30.68,30.68,-0.704163,-0.70421,0.038156,0.03698,-0.491123,-0.490376
29.95,29.95,-0.706491,-0.706858,0.086944,0.087675,-0.48408,-0.483964
26.95,26.88,9.092532,9.514038,5.190711,6.09771,-5.728096,-6.84876
30.66,30.65,-0.707661,-0.707676,0.036611,0.037589,-0.488166,-0.489007
30.49,30.49,-0.619582,-0.619555,0.12952,0.129982,-0.554969,-0.556111
28.7,28.7,-0.256556,-0.256223,-0.47933,-0.47831,-0.661392,-0.661077
30.42,30.42,-0.621547,-0.622659,0.12953,0.129234,-0.556489,-0.554157
30.52,30.52,-0.721963,-0.721909,0.031618,0.033042,-0.492354,-0.491671
30.64,30.64,-0.707638,-0.707297,0.035631,0.037086,-0.48968,-0.488548
29.03,29.03,0.641084,0.642492,-0.47363,-0.473439,-0.473214,-0.472469
29.56,29.58,-0.692623,-0.692479,0.08949,0.090794,-0.483931,-0.482843
30.63,30.63,-0.706151,-0.705766,0.039146,0.039708,-0.49113,-0.488776
23.72,23.72,2.29974,2.333694,1.787578,1.784125,-0.081578,-0.150668
29.11,29.11,0.399294,0.399195,-0.61983,-0.618677,-0.546593,-0.544667
29.79,29.8,-0.706488,-0.705754,0.087449,0.087783,-0.484575,-0.483062
30.61,30.62,-0.623073,-0.623954,0.125475,0.125733,-0.551539,-0.55212
30.72,30.72,-0.706677,-0.707056,0.039114,0.038303,-0.48863,-0.489344
29.81,29.81,-0.705018,-0.705771,0.08844,0.087716,-0.483549,-0.482873
23.95,23.95,-0.138806,-0.118917,0.91268,0.917045,0.0982,0.0512
28.77,28.76,0.144164,0.144062,-0.66321,-0.663735,-0.546295,-0.545445
30.51,30.52,-0.631902,-0.629965,0.128043,0.129046,-0.560602,-0.56088
30.27,30.25,-0.706001,-0.705877,0.08694,0.086836,-0.483575,-0.482313
25.09,25.09,-0.847374,-0.858792,0.75104,0.741878,0.333641,0.322389
28.97,28.97,0.434952,0.4332,-0.643314,-0.646239,-0.573596,-0.570194
30.42,30.4,-0.705182,-0.705471,0.041132,0.040965,-0.490097,-0.490758
30.51,30.51,-0.688345,-0.689102,0.044686,0.045844,-0.48991,-0.48768
28.65,28.65,-0.073082,-0.073716,-0.756386,-0.755164,-0.540723,-0.540123
28.61,28.61,-0.070663,-0.071631,-0.750921,-0.750966,-0.538135,-0.53882
30.48,30.48,-0.705667,-0.705315,0.040139,0.040556,-0.490613,-0.489919
30.49,30.49,-0.619055,-0.619806,0.130555,0.129707,-0.557958,-0.556582
30.54,30.54,-0.617099,-0.618556,0.130033,0.129944,-0.555443,-0.557169
30.46,30.47,-0.613172,-0.619344,0.131515,0.129927,-0.552887,-0.553895
29.8,29.8,-0.705006,-0.706073,0.087449,0.08778,-0.484061,-0.4833
29.57,29.58,-0.715436,-0.715452,0.086388,0.086001,-0.48216,-0.483171
29.71,29.7,-0.706494,-0.705765,0.08644,0.087195,-0.483585,-0.48398
30.36,30.36,-0.690808,-0.690983,0.046197,0.046582,-0.491918,-0.489907
30.63,30.63,-0.704688,-0.705786,0.039128,0.039356,-0.489114,-0.488965
30.36,30.34,-0.7258,-0.725208,0.080882,0.081072,-0.483815,-0.482436
30.72,30.72,-0.706164,-0.707963,0.038131,0.037598,-0.489639,-0.489034
30.49,30.49,-0.62057,-0.620269,0.13002,0.130111,-0.555473,-0.555424
30.39,30.38,-0.634961,-0.626115,0.127948,0.128589,-0.553618,-0.553919
30.12,30.12,-0.69212,-0.692077,0.091504,0.091277,-0.485406,-0.483495
30.48,30.48,-0.620555,-0.620598,0.129534,0.1293,-0.55648,-0.556112
29.6,29.6,-0.706481,-0.706614,0.087455,0.087762,-0.485076,-0.483691
30.42,30.42,-0.705173,-0.705318,0.041643,0.041612,-0.491093,-0.490168
30.64,30.65,-0.708668,-0.707085,0.040603,0.038208,-0.488631,-0.488914
30.52,30.51,-0.596287,-0.605954,0.13311,0.132376,-0.555728,-0.558825
30.3,30.3,-0.695324,-0.695001,0.04713,0.047888,-0.48794,-0.489105
30.46,30.46,-0.705703,-0.705677,0.040103,0.040861,-0.487609,-0.489654
25.46,25.45,3.426625,3.29173,-9.524847,-9.486934,4.941086,4.932785
30.4,30.4,-0.705672,-0.705951,0.041137,0.040502,-0.490602,-0.490201
30.57,30.57,-0.618532,-0.617342,0.130082,0.130083,-0.559962,-0.557973
24.49,24.48,-0.180719,-0.171717,0.92077,0.915437,0.075388,0.04607
30.42,30.42,-0.623557,-0.62292,0.129997,0.128653,-0.554497,-0.554452
30.69,30.69,-0.723477,-0.725329,0.032087,0.031671,-0.490358,-0.490359
30.72,30.72,-0.708655,-0.707468,0.037106,0.03771,-0.488169,-0.489064
30.46,30.46,-0.705685,-0.705291,0.040121,0.040145,-0.489111,-0.489673
28.57,28.58,-0.07997,-0.078985,-0.723254,-0.725023,-0.518869,-0.519908
30.09,30.08,-0.706509,-0.705585,0.086926,0.087794,-0.482578,-0.483101
30.48,30.49,-0.708153,-0.706741,0.037114,0.036828,-0.488666,-0.488496
30.21,30.21,-0.703695,-0.703835,0.04565,0.045283,-0.492036,-0.491816
30.45,30.45,-0.705177,-0.705906,0.040135,0.040047,-0.490108,-0.488828
30.1,30.11,-0.703697,-0.703071,0.047153,0.04642,-0.49252,-0.492353
30.37,30.37,-0.687349,-0.687927,0.047202,0.046936,-0.491376,-0.489756
30.61,30.6,-0.706676,-0.70708,0.036609,0.037135,-0.487657,-0.488035
30.27,30.27,-0.715563,-0.716929,0.042127,0.040771,-0.493181,-0.491195
30.7,30.7,-0.708176,-0.707065,0.039097,0.037688,-0.487642,-0.487908
30.33,30.33,-0.690321,-0.689728,0.046692,0.04747,-0.491408,-0.490362
30.52,30.52,-0.701754,-0.70208,0.041104,0.041992,-0.486561,-0.487105
30.61,30.61,-0.706665,-0.706899,0.039126,0.038533,-0.489632,-0.489275
30.57,30.57,-0.707185,-0.707416,0.0391,0.038359,-0.487633,-0.488285
30.42,30.44,-0.622067,-0.621994,0.129504,0.128891,-0.55449,-0.554506
29.88,29.9,-0.692183,-0.691839,0.091943,0.092507,-0.480393,-0.480764
29.79,29.79,-0.705992,-0.706128,0.086447,0.087238,-0.484081,-0.483051
29.79,29.78,-0.704513,-0.705332,0.087949,0.088211,-0.484051,-0.483269
29.79,29.79,-0.706484,-0.705811,0.087954,0.087714,-0.48507,-0.48403
30.49,30.49,-0.722001,-0.721416,0.034088,0.034957,-0.490323,-0.490659
30.72,30.73,-0.69035,-0.691003,0.044157,0.043062,-0.48793,-0.48878
28.74,28.74,0.143662,0.144707,-0.663218,-0.663827,-0.545799,-0.545456
30.61,30.61,-0.706175,-0.706342,0.039122,0.038853,-0.489127,-0.489166
29.79,29.8,-0.705029,-0.705889,0.085922,0.087631,-0.481574,-0.483295
30.31,30.32,-0.692827,-0.692777,0.047157,0.048031,-0.48942,-0.489039
30.07,30.07,-0.701708,-0.702115,0.048169,0.048147,-0.493493,-0.493427
30.54,30.54,-0.707681,-0.706737,0.038095,0.037639,-0.487148,-0.487916
30.64,30.64,-0.706155,-0.707073,0.037638,0.037894,-0.490145,-0.488086
30.4,30.42,-0.622575,-0.622135,0.128487,0.12937,-0.553003,-0.554101
30.55,30.55,-0.724954,-0.723451,0.033596,0.033131,-0.491857,-0.491323
29.56,29.56,-0.707493,-0.706734,0.088935,0.087625,-0.484066,-0.482692
30.33,30.33,-0.715049,-0.714925,0.037635,0.037785,-0.492727,-0.492744
30.49,30.49,-0.619564,-0.620515,0.129538,0.129163,-0.556471,-0.555917
30.18,30.17,-0.703683,-0.703117,0.045662,0.045876,-0.493038,-0.491969
29.72,29.71,-0.695663,-0.694707,0.091419,0.091195,-0.479427,-0.482071
30.55,30.53,-0.608162,-0.615049,0.133089,0.130875,-0.557835,-0.559272
30.55,30.54,-0.622563,-0.623362,0.123987,0.125156,-0.552052,-0.552487
28.44,28.45,-0.599112,-0.595162,-0.535108,-0.521705,-0.233743,-0.260274
30.55,30.55,-0.703192,-0.702361,0.037637,0.039448,-0.489117,-0.491379
30.66,30.66,-0.715039,-0.715467,0.033633,0.034091,-0.49177,-0.491448
29.21,29.21,0.402261,0.40207,-0.61732,-0.618658,-0.54704,-0.545754
30.7,30.7,-0.706663,-0.706818,0.037624,0.038098,-0.489148,-0.488372
30.66,30.66,-0.706644,-0.706113,0.038646,0.038839,-0.491139,-0.489615
30.54,30.53,-0.617037,-0.618022,0.128591,0.13019,-0.559966,-0.557968
30.54,30.53,-0.619059,-0.618512,0.129047,0.129818,-0.556973,-0.557075
30.49,30.5,-0.697199,-0.698547,0.039708,0.041114,-0.49355,-0.490185
30.21,30.21,-0.720838,-0.721502,0.082408,0.083174,-0.484756,-0.483541
29.65,29.65,-0.705498,-0.705837,0.088955,0.087161,-0.48505,-0.484903
30.48,30.48,-0.706681,-0.705976,0.037606,0.037705,-0.487645,-0.487763
29.95,29.95,-0.693691,-0.694294,0.092418,0.09173,-0.478898,-0.481575
30.45,30.45,-0.70668,-0.70569,0.039613,0.039946,-0.488625,-0.488181
30.52,30.52,-0.717535,-0.717084,0.034609,0.034821,-0.490779,-0.4921
29.88,29.88,-0.691649,-0.693809,0.090479,0.090602,-0.482909,-0.483918
30.45,30.46,-0.707166,-0.706664,0.040122,0.04011,-0.489625,-0.490116
30.52,30.52,-0.618563,-0.617889,0.129049,0.130069,-0.556969,-0.557398
28.59,28.59,-0.076609,-0.077045,-0.715327,-0.717169,-0.513241,-0.514537
30.46,30.46,-0.707143,-0.707009,0.038139,0.037227,-0.490649,-0.488194
30.34,30.34,-0.693651,-0.694603,0.08945,0.089672,-0.480935,-0.481857
30.34,30.34,-0.715394,-0.715051,0.081918,0.08199,-0.483713,-0.484616
29.2,29.2,0.400749,0.399706,-0.618352,-0.618866,-0.54456,-0.54494
29.2,29.2,0.400755,0.400399,-0.61935,-0.619556,-0.544571,-0.545799
28.76,28.76,-0.260083,-0.260937,-0.484414,-0.484062,-0.654468,-0.654557
22.43,22.43,-0.459588,-0.460164,0.088849,0.08823,-0.564559,-0.562982
30.51,30.51,-0.692799,-0.693116,0.04217,0.043202,-0.489477,-0.489528
30.52,30.52,-0.621047,-0.619746,0.13104,0.13017,-0.557469,-0.556425
30.31,30.28,-0.705146,-0.707753,0.041168,0.041174,-0.493102,-0.493174
30.31,30.31,-0.720012,-0.718936,0.03761,0.038176,-0.492269,-0.492133
30.48,30.48,-0.706177,-0.706266,0.040624,0.040037,-0.48961,-0.490194
29.83,29.84,-0.694101,-0.69776,0.089995,0.088496,-0.484939,-0.485088
30.7,30.71,-0.707152,-0.706953,0.037628,0.037681,-0.489653,-0.488554
30.61,30.61,-0.706677,-0.706591,0.039114,0.037577,-0.48863,-0.489333
30.12,30.12,-0.7027,-0.703281,0.047162,0.047094,-0.493012,-0.492512
30.45,30.45,-0.706172,-0.706324,0.039627,0.040239,-0.489622,-0.490417
30.49,30.49,-0.707652,-0.707265,0.037122,0.036802,-0.489162,-0.488186
30.48,30.48,-0.62256,-0.622213,0.128,0.127486,-0.55401,-0.553006
30.57,30.57,-0.718051,-0.718995,0.037095,0.035866,-0.490254,-0.487923
30.61,30.62,-0.707167,-0.707092,0.038115,0.038617,-0.488646,-0.488925
30.42,30.43,-0.62256,-0.621537,0.129004,0.12942,-0.5545,-0.554346
30.69,30.7,-0.705686,-0.706737,0.038115,0.03766,-0.488132,-0.488392
28.94,28.94,0.297276,0.297082,-0.639656,-0.639336,-0.548204,-0.548293
28.92,28.92,0.282084,0.2885,-0.621474,-0.630705,-0.530099,-0.538272
30.31,30.31,-0.732692,-0.733156,0.070876,0.068599,-0.483488,-0.483478
29.07,29.07,0.387621,0.385729,-0.602591,-0.601794,-0.531973,-0.530418
29.54,29.54,-0.706016,-0.706149,0.087427,0.087969,-0.482568,-0.483289
30.66,30.66,-0.706681,-0.706542,0.037606,0.037942,-0.487645,-0.489003
30.37,30.37,-0.707195,-0.707691,0.042099,0.043486,-0.4881,-0.488289
30.55,30.57,-0.623578,-0.623513,0.124963,0.125198,-0.550548,-0.551867
30.48,30.48,-0.705153,-0.705545,0.040159,0.040518,-0.492111,-0.489326
30.4,30.4,-0.705177,-0.705678,0.040135,0.041322,-0.490108,-0.490615
30.58,30.58,-0.623524,-0.625195,0.12301,0.124599,-0.554075,-0.55276
30.22,30.22,-0.693653,-0.692716,0.090952,0.090273,-0.481418,-0.482339
30.4,30.41,-0.705669,-0.705986,0.040638,0.04135,-0.490608,-0.490587
29.79,29.79,-0.705983,-0.705639,0.086958,0.087568,-0.485077,-0.483018
30.7,30.7,-0.706639,-0.706824,0.036645,0.038052,-0.490661,-0.488263
30.25,30.26,-0.706984,-0.705939,0.087447,0.086592,-0.484579,-0.482431
30.73,30.72,-0.707649,-0.70732,0.036623,0.03795,-0.489168,-0.488654
29.2,29.2,0.401756,0.401754,-0.617832,-0.618502,-0.546048,-0.546371
30.54,30.54,-0.708144,-0.70837,0.037624,0.037144,-0.489661,-0.491668
29.77,29.76,-0.719342,-0.719262,0.081921,0.082654,-0.48525,-0.485591
30.13,30.12,-0.724288,-0.723602,0.081914,0.08244,-0.486295,-0.485411
30.49,30.49,-0.690337,-0.690068,0.045172,0.045365,-0.489421,-0.488796
30.64,30.64,-0.706164,-0.70601,0.038131,0.039049,-0.489639,-0.488816
30.58,30.58,-0.706698,-0.709032,0.039595,0.039843,-0.487122,-0.48735
30.54,30.54,-0.623063,-0.623883,0.125986,0.126147,-0.552535,-0.552475
30.64,30.64,-0.706695,-0.706679,0.039096,0.037678,-0.487128,-0.488626
28.59,28.59,0.144167,0.143896,-0.662706,-0.664901,-0.54679,-0.545946
30.27,30.27,-0.714121,-0.715064,0.041586,0.041405,-0.489168,-0.490235
30.16,30.16,-0.70172,-0.703492,0.048157,0.045867,-0.492491,-0.491717
30.57,30.57,-0.706178,-0.707182,0.038618,0.037754,-0.488631,-0.488485
30.61,30.61,-0.724977,-0.725679,0.03207,0.031908,-0.48937,-0.490665
30.42,30.41,-0.622586,-0.622217,0.130482,0.129,-0.552981,-0.554512
30.33,30.33,-0.720999,-0.720862,0.035605,0.036642,-0.4918,-0.492939
30.66,30.66,-0.706669,-0.706586,0.037618,0.037918,-0.488647,-0.488663
30.51,30.51,-0.625922,-0.608079,0.128095,0.132853,-0.563054,-0.557235
24.66,24.67,-0.254165,-0.243297,0.883258,0.881305,-0.107493,-0.068137
30.18,30.18,-0.703687,-0.703999,0.045158,0.045883,-0.492543,-0.492417
30.49,30.5,-0.619558,-0.619886,0.12854,0.12903,-0.556483,-0.556274
28.44,28.44,-0.647159,-0.644519,-0.442473,-0.441589,-0.23762,-0.242725
30.43,30.44,-0.622547,-0.621949,0.130019,0.129258,-0.555991,-0.554712
30.46,30.46,-0.707144,-0.707763,0.037136,0.036903,-0.490159,-0.488424
30.45,30.46,-0.706657,-0.706992,0.03763,0.037159,-0.489648,-0.48874
30.61,30.62,-0.706668,-0.706687,0.038622,0.038683,-0.489136,-0.489261
30.51,30.51,-0.714554,-0.714223,0.03563,0.035605,-0.491743,-0.491641
28.65,28.65,-0.080133,-0.08036,-0.708875,-0.709015,-0.511696,-0.510507
30.09,30.08,-0.705,-0.705778,0.088458,0.087554,-0.485051,-0.483476
30.4,30.39,-0.606231,-0.622033,0.130537,0.129053,-0.552337,-0.553828
29.07,29.08,0.386091,0.385474,-0.602639,-0.601587,-0.528481,-0.530748
30.34,30.34,-0.690371,-0.692191,0.04915,0.047993,-0.488375,-0.48903
30.46,30.49,-0.619558,-0.619744,0.129544,0.129916,-0.556972,-0.556048
29.83,29.84,-0.705009,-0.706051,0.088951,0.087396,-0.484545,-0.48335
30.72,30.72,-0.707161,-0.707091,0.038121,0.037781,-0.489146,-0.489064
30.48,30.47,-0.604779,-0.6237,0.132514,0.129586,-0.550299,-0.555179
30.12,30.12,-0.687215,-0.687926,0.094479,0.092784,-0.482324,-0.482204
30.68,30.68,-0.71902,-0.719638,0.034105,0.032635,-0.490798,-0.49115
30.66,30.66,-0.708161,-0.707689,0.03861,0.038091,-0.488649,-0.48849
29.48,29.48,-0.70992,-0.706518,0.08597,0.086562,-0.487126,-0.483779
29.57,29.56,-0.706508,-0.70633,0.08793,0.087374,-0.483067,-0.483648
29.65,29.65,-0.686244,-0.687344,0.09396,0.093175,-0.480318,-0.481328
24.79,24.8,-0.175116,-0.313245,0.806169,0.864913,0.276994,0.296816
30.34,30.35,-0.72248,-0.716157,0.036609,0.037442,-0.492803,-0.492002
29.04,29.04,0.398176,0.397795,-0.614444,-0.613456,-0.538527,-0.537788
30.45,30.46,-0.707148,-0.706322,0.04014,0.039604,-0.491127,-0.489869
29.72,29.72,-0.723798,-0.723504,0.08191,0.082434,-0.48579,-0.484859
30.04,30.04,-0.705995,-0.706633,0.086946,0.087572,-0.484076,-0.484454
30.36,30.36,-0.69131,-0.69019,0.04619,0.04661,-0.491422,-0.48989
28.65,28.65,-0.077663,-0.077907,-0.713889,-0.712181,-0.508726,-0.510221
24.73,24.73,0.471474,0.470461,0.829235,0.827973,0.265842,0.267677
30.73,30.72,-0.709658,-0.707493,0.038094,0.037408,-0.487666,-0.488897
30.48,30.48,-0.621536,-0.62078,0.127536,0.129557,-0.556511,-0.555966
30.49,30.49,-0.689354,-0.689435,0.045668,0.044809,-0.488906,-0.488821
29.77,29.77,-0.706989,-0.70642,0.088444,0.087678,-0.484568,-0.483279
30.68,30.65,-0.707657,-0.707328,0.038119,0.038539,-0.489151,-0.489108
30.4,30.43,-0.622079,-0.621715,0.129493,0.128979,-0.553488,-0.554247
30.7,30.7,-0.709106,-0.710959,0.036648,0.035925,-0.491685,-0.490256
30.52,30.54,-0.611668,-0.615983,0.13304,0.130294,-0.55486,-0.557669
29.83,29.84,-0.686218,-0.692395,0.093485,0.091266,-0.482327,-0.483082
30.57,30.57,-0.724963,-0.724301,0.034088,0.033818,-0.49135,-0.490606
28.73,28.72,0.143148,0.142253,-0.663238,-0.663164,-0.544301,-0.545795
30.57,30.57,-0.707652,-0.70705,0.037122,0.036835,-0.489162,-0.488354
30.55,30.55,-0.605218,-0.62659,0.132067,0.127608,-0.554815,-0.56008
29.66,29.68,-0.704989,-0.705399,0.086463,0.086613,-0.485074,-0.484425
29.81,29.81,-0.705005,-0.706315,0.089455,0.087419,-0.48504,-0.484108
30.72,30.72,-0.706188,-0.706182,0.037104,0.038177,-0.487146,-0.488516
29.68,29.68,-0.692644,-0.693651,0.08997,0.090457,-0.482423,-0.483387
30.22,30.22,-0.688216,-0.688118,0.092961,0.092429,-0.480847,-0.480517
30.46,30.46,-0.706174,-0.705991,0.040126,0.040612,-0.489616,-0.489834
30.64,30.64,-0.708121,-0.707268,0.035641,0.038449,-0.490685,-0.489068
30.34,30.35,-0.725319,-0.723859,0.080367,0.081794,-0.482314,-0.482341
30.63,30.63,-0.705712,-0.706289,0.039593,0.038776,-0.486613,-0.488591
30.51,30.51,-0.705142,-0.706425,0.038164,0.03821,-0.492134,-0.491373
30.49,30.49,-0.614067,-0.61512,0.131607,0.131525,-0.560908,-0.559856
30.69,30.7,-0.715066,-0.714573,0.034108,0.034346,-0.489762,-0.491222
30.51,30.51,-0.705177,-0.705617,0.040135,0.040446,-0.490108,-0.489968
30.34,30.34,-0.695813,-0.694684,0.048138,0.047744,-0.488935,-0.489034
28.64,28.64,-0.08058,-0.080201,-0.712338,-0.714151,-0.514243,-0.516474
30.7,30.7,-0.716043,-0.71691,0.032614,0.033359,-0.490288,-0.490692
30.37,30.38,-0.70667,-0.706134,0.041127,0.040522,-0.49011,-0.491074
30.14,30.14,-0.702703,-0.703247,0.046658,0.046166,-0.492517,-0.492462
30.27,30.27,-0.715042,-0.717178,0.037641,0.038511,-0.493227,-0.493321
30.57,30.58,-0.640346,-0.615217,0.120975,0.127223,-0.556248,-0.550404
30.58,30.58,-0.6211,-0.62829,0.127477,0.124912,-0.551499,-0.552437
30.36,30.35,-0.688346,-0.687054,0.047192,0.048268,-0.490884,-0.489548
30.37,30.37,-0.705688,-0.706012,0.04062,0.040827,-0.489105,-0.489842
30.6,30.58,-0.70668,-0.70743,0.03861,0.037682,-0.488135,-0.488843
30.68,30.68,-0.694768,-0.693839,0.040673,0.041155,-0.490012,-0.49083
30.19,30.19,-0.68936,-0.690281,0.050174,0.050775,-0.490358,-0.49079
30.31,30.31,-0.688375,-0.688577,0.049169,0.04929,-0.489359,-0.48997
30.4,30.39,-0.699081,-0.699917,0.087447,0.086577,-0.482006,-0.482995
30.37,30.37,-0.690345,-0.691462,0.046668,0.046537,-0.489404,-0.490908
30.34,30.34,-0.708185,-0.704959,0.044102,0.044468,-0.489088,-0.489096
30.64,30.64,-0.706184,-0.705983,0.039615,0.039237,-0.48862,-0.489074
29.5,29.5,-0.705522,-0.705901,0.088931,0.088015,-0.483047,-0.483321
28.53,28.54,-0.205511,-0.205949,0.648671,0.64765,-0.582056,-0.582322
30.49,30.49,-0.687359,-0.689709,0.044684,0.045403,-0.489401,-0.488562
30.4,30.4,-0.614609,-0.617988,0.129051,0.128971,-0.555933,-0.554471
30.51,30.52,-0.61759,-0.618769,0.129034,0.128765,-0.555458,-0.556684
28.7,28.7,-0.258549,-0.257238,-0.480852,-0.479015,-0.659924,-0.660433
30.58,30.58,-0.695334,-0.695421,0.044613,0.044158,-0.485965,-0.487168
28.62,28.62,-0.073489,-0.073338,-0.759309,-0.760132,-0.54677,-0.545791
30.49,30.51,-0.7136,-0.707245,0.038103,0.039932,-0.489703,-0.48835
29.65,29.64,-0.705496,-0.706194,0.087453,0.087351,-0.484566,-0.483001
30.61,30.6,-0.70717,-0.707307,0.03761,0.037111,-0.48815,-0.488548
30.28,30.28,-0.708002,-0.706158,0.087918,0.087303,-0.482579,-0.481824
22.48,22.5,-0.456614,-0.456627,0.086854,0.087628,-0.563553,-0.562839
30.57,30.57,-0.624545,-0.623586,0.125986,0.12526,-0.553048,-0.552047
29.18,29.18,0.398751,0.398461,-0.617873,-0.618875,-0.54357,-0.544145
30.33,30.33,-0.692292,-0.691365,0.045693,0.045672,-0.491937,-0.490727
28.52,28.51,0.138074,0.138867,-0.936185,-0.935345,-0.578491,-0.579641
30.49,30.49,-0.724973,-0.725035,0.032574,0.033339,-0.489865,-0.491234
30.43,30.44,-0.623563,-0.622551,0.128988,0.128882,-0.553507,-0.554762
30.39,30.39,-0.705182,-0.705026,0.041132,0.041963,-0.490097,-0.490687
29.92,29.92,-0.688673,-0.68949,0.091493,0.092355,-0.483372,-0.482298
30.39,30.38,-0.632452,-0.630148,0.126984,0.128722,-0.55561,-0.553352
30.34,30.34,-0.71604,-0.719669,0.037631,0.03691,-0.492735,-0.492454
30.4,30.4,-0.623073,-0.622564,0.129987,0.129662,-0.553492,-0.554457
30.49,30.5,-0.704185,-0.705331,0.041142,0.041092,-0.490589,-0.490109
29.6,29.59,-0.711444,-0.7084,0.084925,0.085678,-0.483645,-0.484772
30.37,30.39,-0.705524,-0.706591,0.085921,0.086472,-0.481579,-0.482964
29.72,29.72,-0.724282,-0.724957,0.080917,0.082047,-0.486306,-0.485523
28.98,28.98,0.636563,0.638128,-0.471699,-0.471158,-0.469225,-0.467707
30.72,30.72,-0.705692,-0.706502,0.038109,0.038399,-0.487631,-0.488416
30.22,30.22,-0.689823,-0.690896,0.049704,0.049041,-0.492872,-0.491181
30.36,30.35,-0.600813,-0.613092,0.132529,0.130643,-0.550264,-0.552115
30.46,30.47,-0.635438,-0.618659,0.128968,0.129574,-0.555614,-0.555461
29.54,29.54,-0.704994,-0.706154,0.088464,0.088129,-0.485552,-0.483347
30.24,30.24,-0.720991,-0.72169,0.039625,0.038826,-0.494258,-0.492696
30.49,30.49,-0.706676,-0.705842,0.041121,0.040743,-0.489609,-0.489902
29.07,29.07,0.418923,0.420098,-0.633507,-0.631863,-0.564609,-0.565291
29.48,29.48,-0.717413,-0.714338,0.08739,0.087864,-0.483168,-0.481778
30.7,30.69,-0.610244,-0.628388,0.128973,0.124427,-0.547882,-0.552744
30.48,30.49,-0.70669,-0.70695,0.037096,0.036881,-0.48665,-0.488422
30.51,30.51,-0.618061,-0.619455,0.129056,0.129462,-0.557465,-0.556761
30.09,30.08,-0.706028,-0.705192,0.088418,0.087642,-0.482056,-0.483164
29.72,29.71,-0.702075,-0.70167,0.089923,0.089578,-0.481503,-0.482956
29.65,29.65,-0.706508,-0.705683,0.088933,0.087524,-0.483557,-0.482223
30.68,30.69,-0.689361,-0.690166,0.044659,0.043329,-0.487916,-0.488755
30.46,30.47,-0.706192,-0.706391,0.036599,0.037338,-0.486651,-0.488097
30.49,30.49,-0.690343,-0.689655,0.044163,0.045403,-0.488431,-0.488496
30.69,30.69,-0.71603,-0.714571,0.033629,0.033947,-0.491779,-0.490801
29.86,29.86,-0.720376,-0.718768,0.087391,0.084114,-0.484195,-0.484098
28.5,28.5,0.156272,0.15584,-0.883099,-0.883864,-0.548681,-0.549134
30.55,30.55,-0.722996,-0.723413,0.033579,0.033596,-0.489836,-0.49015
29.5,29.51,-0.706987,-0.706485,0.085939,0.087116,-0.483595,-0.483407
29.68,29.66,-0.705998,-0.70583,0.087445,0.08763,-0.48407,-0.483656
30.45,30.44,-0.621601,-0.622232,0.129477,0.12886,-0.551982,-0.554854
30.61,30.61,-0.707162,-0.706346,0.037118,0.037595,-0.488657,-0.48871
30.61,30.61,-0.705683,-0.706314,0.037616,0.039472,-0.488137,-0.489234
28.92,28.92,0.289694,0.290882,-0.630802,-0.630232,-0.540156,-0.538656
30.33,30.33,-0.69626,-0.696659,0.043671,0.043948,-0.490992,-0.491764
30.69,30.69,-0.688868,-0.688503,0.044156,0.044717,-0.487417,-0.487893
30.72,30.72,-0.708145,-0.707928,0.036621,0.037397,-0.489172,-0.488961
30.42,30.43,-0.622572,-0.622014,0.127989,0.129101,-0.553009,-0.554544
30.52,30.52,-0.702687,-0.701659,0.039153,0.039043,-0.490599,-0.491487
30.33,30.33,-0.6092,-0.62603,0.130532,0.128515,-0.552864,-0.554315
30.58,30.58,-0.706702,-0.706711,0.038087,0.037861,-0.486138,-0.48894
30.54,30.53,-0.61907,-0.618503,0.131042,0.130077,-0.556951,-0.557458
29.04,29.04,0.389547,0.389232,-0.602139,-0.600699,-0.527444,-0.52744
29.12,29.12,-0.141552,-0.150351,-0.720066,-0.713985,-0.471284,-0.47337
28.47,28.47,0.14172,0.141983,-0.664187,-0.66382,-0.548832,-0.546967
30.39,30.41,-0.635451,-0.619567,0.127952,0.130257,-0.554123,-0.553197
28.73,28.73,0.145145,0.145132,-0.664721,-0.664217,-0.544801,-0.545602
30.33,30.33,-0.716064,-0.716212,0.037607,0.037582,-0.490732,-0.492838
28.61,28.61,-0.072851,-0.072383,-0.724557,-0.723796,-0.532847,-0.533335
28.47,28.47,0.140218,0.140439,-0.663706,-0.66314,-0.547837,-0.546727
28.65,28.64,-0.076597,-0.077164,-0.716318,-0.716267,-0.513752,-0.514473
30.16,30.16,-0.705168,-0.703511,0.044155,0.045421,-0.492567,-0.491587
30.13,30.12,-0.692167,-0.692301,0.09246,0.092661,-0.481889,-0.481638
30.49,30.49,-0.707156,-0.707149,0.03612,0.037231,-0.488668,-0.487699
30.69,30.69,-0.718032,-0.717884,0.033604,0.033433,-0.490294,-0.49058
30.66,30.65,-0.706169,-0.70691,0.039128,0.038717,-0.489627,-0.489258
30.45,30.48,-0.705186,-0.705829,0.040628,0.040145,-0.489602,-0.489883
30.6,30.6,-0.705668,-0.706992,0.037129,0.037737,-0.489145,-0.487797
30.46,30.46,-0.631505,-0.630194,0.129451,0.128419,-0.55307,-0.556015
30.27,30.27,-0.69828,-0.697926,0.047137,0.047331,-0.489468,-0.488882
30.52,30.52,-0.687876,-0.688125,0.046167,0.045798,-0.488387,-0.488514
30.25,30.25,-0.689352,-0.688108,0.048678,0.048307,-0.490375,-0.489797
30.73,30.72,-0.690347,-0.690744,0.042655,0.043114,-0.487446,-0.488862
30.61,30.63,-0.706169,-0.705929,0.039128,0.039086,-0.489627,-0.488929
30.72,30.72,-0.691325,-0.691386,0.041161,0.043555,-0.487972,-0.488893
30.31,30.32,-0.693325,-0.695343,0.048658,0.047556,-0.489909,-0.488551
30.34,30.35,-0.706505,-0.705548,0.088434,0.087491,-0.483562,-0.481546
30.63,30.63,-0.707158,-0.70662,0.037622,0.038786,-0.489152,-0.488688
30.68,30.68,-0.712584,-0.713246,0.034621,0.034712,-0.490235,-0.491307
29.93,29.93,-0.70351,-0.702775,0.086961,0.086956,-0.484555,-0.484293
29.2,29.2,0.399733,0.399201,-0.61838,-0.618229,-0.542565,-0.544537
30.64,30.64,-0.70717,-0.707178,0.03761,0.037517,-0.48815,-0.488277
30.43,30.44,-0.705692,-0.706279,0.039112,0.039608,-0.488121,-0.490169
30.27,30.27,-0.712147,-0.710353,0.042086,0.043766,-0.488644,-0.489696
30.24,30.24,-0.705009,-0.705833,0.086944,0.087176,-0.483566,-0.482414
30.39,30.38,-0.693781,-0.697838,0.043681,0.043859,-0.490971,-0.49175
28.43,28.44,-0.660233,-0.652674,-0.421143,-0.431304,-0.231982,-0.240742
30.52,30.52,-0.599706,-0.632083,0.132646,0.128611,-0.55977,-0.560998
28.7,28.71,-0.266384,-0.263874,-0.42864,-0.433086,-0.690956,-0.689086
29.16,29.17,0.39928,0.398794,-0.61834,-0.619299,-0.546075,-0.544037
28.52,28.52,-0.117433,-0.118352,0.686938,0.685024,-0.583863,-0.582545
30.61,30.61,-0.708129,-0.70766,0.037138,0.036763,-0.490669,-0.48874
29.8,29.79,-0.705998,-0.706309,0.087445,0.087957,-0.48407,-0.483205
30.39,30.4,-0.627996,-0.624207,0.127998,0.127662,-0.55556,-0.5546
30.68,30.68,-0.705644,-0.7047,0.038157,0.037019,-0.491637,-0.49046
30.22,30.21,-0.714078,-0.715761,0.042631,0.042107,-0.493162,-0.49115
30.52,30.52,-0.623067,-0.623964,0.125481,0.125578,-0.55204,-0.553334
30.4,30.41,-0.621091,-0.622742,0.127988,0.128779,-0.552495,-0.554524
30.49,30.49,-0.705173,-0.705426,0.041643,0.040414,-0.491093,-0.489742
29.13,29.14,0.399792,0.400055,-0.62133,-0.619865,-0.546104,-0.54591
29.11,29.11,0.398768,0.398526,-0.619862,-0.615951,-0.544093,-0.546711
30.36,30.34,-0.622587,-0.622434,0.128475,0.128439,-0.552002,-0.553553
29.79,29.79,-0.707461,-0.706274,0.087463,0.087696,-0.486086,-0.483874
30.49,30.48,-0.706173,-0.705275,0.03762,0.039575,-0.488643,-0.488723
30.6,30.6,-0.706701,-0.707324,0.03909,0.038979,-0.486627,-0.488337
30.39,30.39,-0.700083,-0.699938,0.085929,0.086586,-0.48053,-0.483741
29.54,29.54,-0.70652,-0.706463,0.088921,0.087128,-0.482555,-0.483997
26.99,27.47,-0.066873,-0.054508,0.818601,0.803021,-0.272389,-0.261424
30.02,30.03,-0.705495,-0.705557,0.088456,0.087306,-0.485056,-0.483997
28.15,28.12,0.222126,0.221039,0.550763,0.551474,-0.557411,-0.557187
29.59,29.58,-0.696642,-0.696627,0.091428,0.089998,-0.480437,-0.483073
30.0,30.01,-0.705014,-0.705145,0.085436,0.087935,-0.482581,-0.483045
29.83,29.84,-0.705012,-0.70561,0.088446,0.087583,-0.48405,-0.483379
29.06,29.07,0.382081,0.380609,-0.60019,-0.597413,-0.525984,-0.529707
30.6,30.59,-0.707173,-0.706842,0.038109,0.037573,-0.488145,-0.488253
30.13,30.13,-0.717387,-0.716957,0.084909,0.085461,-0.484197,-0.483486
30.48,30.48,-0.707167,-0.706933,0.038115,0.03728,-0.488646,-0.487977
30.66,30.67,-0.719005,-0.717852,0.033618,0.03321,-0.491805,-0.491078
30.48,30.48,-0.706672,-0.706846,0.037114,0.037579,-0.488152,-0.487918
30.49,30.49,-0.705685,-0.704709,0.040121,0.040545,-0.489111,-0.488797
29.2,29.2,0.399762,0.400367,-0.620357,-0.619056,-0.54409,-0.544246
30.34,30.34,-0.688355,-0.688966,0.048688,0.048328,-0.490867,-0.489319
30.64,30.63,-0.707654,-0.706828,0.038624,0.039156,-0.489646,-0.488851
30.64,30.65,-0.709135,-0.707049,0.038624,0.038316,-0.49016,-0.488302
30.63,30.63,-0.706148,-0.707267,0.038647,0.038956,-0.491135,-0.489338
30.46,30.46,-0.706204,-0.705614,0.041099,0.040675,-0.487602,-0.489079
30.12,30.12,-0.687703,-0.687077,0.091978,0.092939,-0.481856,-0.482371
28.77,28.77,-0.130592,-0.133079,-0.729088,-0.72606,-0.757793,-0.755261
30.52,30.52,-0.694796,-0.694115,0.044656,0.045364,-0.489466,-0.487509
30.46,30.46,-0.706645,-0.706121,0.041151,0.039979,-0.492113,-0.489863
30.37,30.36,-0.730253,-0.730163,0.080372,0.078758,-0.48436,-0.484528
30.68,30.68,-0.700252,-0.699983,0.040623,0.041392,-0.487556,-0.48797
30.7,30.7,-0.714059,-0.713358,0.034628,0.034889,-0.491249,-0.490294
24.22,24.22,-0.447953,-0.44719,0.117213,0.116382,-0.55512,-0.555118
28.71,28.71,0.231848,0.169128,-0.655931,-0.656332,-0.542946,-0.549997
28.98,28.93,0.635547,0.598156,-0.471727,-0.518915,-0.46723,-0.486231
28.92,28.93,0.298268,0.298506,-0.638648,-0.640432,-0.548685,-0.547912
30.13,30.13,-0.704005,-0.705524,0.087963,0.088037,-0.485048,-0.481675
30.49,30.48,-0.622067,-0.621385,0.129504,0.128948,-0.55449,-0.555682
30.28,30.28,-0.722003,-0.722531,0.036593,0.037551,-0.491296,-0.491445
30.48,30.48,-0.705697,-0.70567,0.040109,0.03973,-0.488109,-0.489737
28.76,28.75,0.142175,0.142709,-0.66222,-0.66417,-0.546301,-0.545737
30.63,30.62,-0.70619,-0.70615,0.038606,0.039142,-0.48763,-0.489552
30.37,30.38,-0.634907,-0.632828,0.125995,0.12752,-0.557145,-0.554681
28.53,28.53,-0.190694,-0.191585,0.655691,0.655959,-0.580345,-0.583906
30.28,30.29,-0.718064,-0.715967,0.039588,0.039657,-0.490226,-0.490703
28.91,28.9,0.282086,0.299634,-0.62398,-0.642839,-0.529125,-0.551085
30.42,30.41,-0.706672,-0.705712,0.041626,0.041282,-0.490104,-0.49022
28.94,28.94,0.297302,0.297339,-0.641134,-0.639702,-0.549724,-0.548069
30.48,30.48,-0.618608,-0.620661,0.129505,0.129482,-0.553458,-0.555074
28.73,28.73,0.142186,0.142428,-0.664215,-0.663703,-0.546324,-0.54571
30.45,30.45,-0.621078,-0.620756,0.130007,0.12937,-0.554476,-0.555361
28.05,28.06,-0.419686,-0.419125,-0.341547,-0.340851,-0.640212,-0.64063
28.61,28.61,-0.07286,-0.07359,-0.723061,-0.723591,-0.53283,-0.532902
29.86,29.84,-0.707515,-0.706045,0.088413,0.087422,-0.482069,-0.483414
30.42,30.42,-0.705024,-0.705458,0.088434,0.087552,-0.483048,-0.481975
28.47,28.49,-0.248236,-0.246261,-0.845352,-0.756343,-0.246231,-0.281354
27.13,27.13,0.245336,0.244397,-0.648246,-0.647629,-0.513691,-0.511764
30.43,30.43,-0.623051,-0.622743,0.127001,0.12764,-0.554026,-0.553946
30.13,30.13,-0.703692,-0.703668,0.046155,0.045939,-0.492531,-0.492789
29.74,29.74,-0.709994,-0.711699,0.088403,0.086868,-0.48209,-0.482247
30.48,30.47,-0.705721,-0.706139,0.040086,0.039294,-0.486106,-0.488493
30.43,30.44,-0.629994,-0.624125,0.128477,0.12935,-0.55457,-0.55475
30.21,30.21,-0.704189,-0.70402,0.04515,0.045603,-0.492046,-0.491053
30.52,30.52,-0.713145,-0.713182,0.04007,0.038052,-0.487173,-0.487787
30.19,30.19,-0.703698,-0.703366,0.046149,0.045845,-0.492031,-0.491921
30.46,30.46,-0.705194,-0.705015,0.041121,0.040175,-0.489095,-0.488789
30.51,30.51,-0.707181,-0.705482,0.039605,0.040533,-0.488128,-0.48968
30.07,30.07,-0.703176,-0.703155,0.045676,0.047523,-0.494035,-0.493703
30.13,30.13,-0.704693,-0.703276,0.045641,0.045856,-0.491544,-0.49196
30.46,30.47,-0.613582,-0.61337,0.1326,0.132189,-0.560392,-0.560955
30.31,30.31,-0.705506,-0.705648,0.085939,0.087199,-0.483081,-0.482186
30.64,30.65,-0.70619,-0.707696,0.038606,0.037427,-0.48763,-0.488868
29.74,29.73,-0.705054,-0.705548,0.089407,0.087515,-0.481034,-0.48397
30.37,30.39,-0.612183,-0.613526,0.131014,0.131286,-0.552383,-0.551781
30.42,30.41,-0.706031,-0.705709,0.087914,0.087183,-0.48156,-0.481651
30.68,30.67,-0.706674,-0.707097,0.038616,0.038623,-0.488636,-0.488564
28.53,28.56,0.078898,0.018535,-0.706387,-0.523475,-0.501771,-0.590302
30.28,30.28,-0.716568,-0.717198,0.040104,0.040257,-0.491209,-0.491263
29.51,29.54,-0.706011,-0.706023,0.086429,0.087951,-0.482579,-0.483448
30.51,30.49,-0.62057,-0.620581,0.13002,0.129579,-0.555473,-0.554797
30.37,30.38,-0.623525,-0.622271,0.127522,0.129393,-0.556028,-0.554378
30.49,30.49,-0.707661,-0.707571,0.036611,0.036587,-0.488166,-0.488246
29.6,29.6,-0.706007,-0.705995,0.087938,0.087202,-0.483563,-0.483386
30.46,30.45,-0.606709,-0.611368,0.130553,0.130066,-0.553844,-0.5542
30.69,30.69,-0.715556,-0.715449,0.033108,0.034099,-0.489777,-0.490827
30.3,30.3,-0.704732,-0.704228,0.046104,0.045055,-0.488534,-0.489112
29.16,29.16,0.401783,0.402033,-0.618307,-0.618635,-0.548056,-0.547662
30.28,30.28,-0.719534,-0.717559,0.038597,0.038847,-0.491252,-0.492319
30.48,30.48,-0.706195,-0.705954,0.040606,0.039973,-0.488108,-0.490122
28.27,28.27,0.220625,0.220756,0.552248,0.551452,-0.556907,-0.558367
30.68,30.68,-0.707646,-0.706742,0.037128,0.03817,-0.489663,-0.489348
29.07,29.07,0.387604,0.387394,-0.605115,-0.604235,-0.529498,-0.528868
30.24,30.23,-0.717417,-0.711845,0.084879,0.085897,-0.481694,-0.48246
29.66,29.68,-0.692189,-0.693341,0.091937,0.092407,-0.479892,-0.481174
29.51,29.51,-0.707993,-0.706624,0.087425,0.087321,-0.483085,-0.484342
29.79,29.79,-0.706491,-0.706527,0.086944,0.087364,-0.48408,-0.483299
28.57,28.57,-0.049544,-0.049431,-0.724464,-0.72621,-0.533144,-0.535122
29.68,29.68,-0.701022,-0.704339,0.086478,0.086777,-0.485039,-0.484393
30.6,30.6,-0.698708,-0.698783,0.040183,0.040498,-0.492055,-0.491731
28.56,28.51,-0.29877,-0.342087,-0.325643,-0.330837,-0.764201,-0.70461
30.33,30.31,-0.705505,-0.705536,0.086942,0.087273,-0.483571,-0.482445
30.68,30.66,-0.707649,-0.707047,0.036623,0.038227,-0.489168,-0.489174
30.73,30.74,-0.68983,-0.690674,0.044182,0.0431,-0.489929,-0.488952
30.45,30.44,-0.620611,-0.61961,0.130982,0.130645,-0.552457,-0.55397
29.79,29.8,-0.705507,-0.7061,0.089447,0.087772,-0.484544,-0.483125
30.49,30.48,-0.707681,-0.707285,0.038095,0.037199,-0.487148,-0.487981
30.48,30.48,-0.70667,-0.707224,0.036615,0.036759,-0.488158,-0.488677
30.46,30.46,-0.610153,-0.620137,0.129062,0.129869,-0.555393,-0.554309
25.22,25.22,-0.83185,-0.778382,0.59079,0.618747,0.350493,0.361397
28.77,28.77,-0.133611,-0.1342,-0.726635,-0.727334,-0.755287,-0.757123
29.54,29.54,-0.70698,-0.706696,0.087952,0.087343,-0.485074,-0.48327
29.79,29.8,-0.705505,-0.706374,0.087945,0.087735,-0.48406,-0.483814
28.36,28.39,-0.549283,-0.54558,-0.431437,-0.428978,-0.463041,-0.468135
30.48,30.48,-0.706186,-0.705481,0.040114,0.040539,-0.488615,-0.490161
29.56,29.55,-0.726784,-0.724058,0.082891,0.082559,-0.485304,-0.484612
29.74,29.74,-0.705006,-0.705182,0.088452,0.087933,-0.48455,-0.483291
30.12,30.12,-0.720853,-0.722295,0.081892,0.08317,-0.48326,-0.48472
30.7,30.71,-0.68986,-0.689905,0.043149,0.043164,-0.486936,-0.488183
30.46,30.46,-0.706688,-0.705702,0.041109,0.040389,-0.488608,-0.489804
29.69,29.71,-0.713403,-0.712037,0.084941,0.084814,-0.485665,-0.484988
30.39,30.38,-0.636926,-0.627128,0.127959,0.128407,-0.555137,-0.554892
30.68,30.69,-0.70717,-0.707295,0.038614,0.038281,-0.48864,-0.489602
25.06,25.07,-0.92796,-0.933123,0.790572,0.79669,0.296825,0.301633
28.5,28.49,0.142673,0.142347,-0.663721,-0.663064,-0.545813,-0.54659
29.59,29.59,-0.706483,-0.706661,0.085448,0.086998,-0.484097,-0.483204
30.49,30.49,-0.707685,-0.707192,0.036587,0.037302,-0.486163,-0.488675
30.63,30.63,-0.707648,-0.707262,0.037626,0.037788,-0.489657,-0.490123
28.56,28.48,-0.512138,-0.507855,-0.525073,-0.546531,-0.336556,-0.322186
30.52,30.52,-0.618569,-0.61829,0.130046,0.129798,-0.556958,-0.557384
30.4,30.41,-0.7052,-0.705491,0.041115,0.041572,-0.488595,-0.489799
30.1,30.08,-0.703199,-0.70325,0.046656,0.046885,-0.492522,-0.492499
30.46,30.46,-0.618112,-0.626106,0.130511,0.128919,-0.553943,-0.555218
30.7,30.71,-0.706676,-0.707393,0.036609,0.037951,-0.487657,-0.488765
30.4,30.4,-0.705188,-0.704842,0.041126,0.040816,-0.489596,-0.489787
30.6,30.62,-0.707164,-0.707437,0.037616,0.03728,-0.488651,-0.488978
30.73,30.72,-0.691306,-0.690045,0.042182,0.043286,-0.489964,-0.488493
30.46,30.48,-0.602763,-0.611623,0.131049,0.129897,-0.552301,-0.553944
28.95,28.95,0.295302,0.296941,-0.639152,-0.639338,-0.549217,-0.547738
30.7,30.7,-0.699266,-0.700256,0.04062,0.041326,-0.487046,-0.486711
28.62,28.61,-0.593325,-0.558669,-0.634936,-0.66332,0.10978,0.12128
30.33,30.33,-0.709163,-0.709672,0.042608,0.042928,-0.489614,-0.488618
30.45,30.45,-0.621064,-0.621387,0.128516,0.129236,-0.554993,-0.554767
28.21,28.25,-0.581858,-0.566088,-0.399814,-0.396892,-0.448441,-0.462986
29.72,29.72,-0.696143,-0.696818,0.092938,0.09154,-0.481417,-0.481143
28.67,28.67,0.142172,0.142532,-0.662725,-0.663567,-0.545806,-0.545747
29.66,29.66,-0.706981,-0.70601,0.086948,0.087428,-0.484585,-0.484321
30.64,30.64,-0.70666,-0.706703,0.038129,0.038591,-0.489643,-0.488691
29.92,29.93,-0.699115,-0.70917,0.091424,0.086386,-0.48096,-0.483273
30.72,30.71,-0.706678,-0.707472,0.038111,0.03758,-0.488141,-0.488629
30.34,30.34,-0.710469,-0.710956,0.083408,0.084423,-0.48165,-0.483205
30.37,30.37,-0.700249,-0.699666,0.04564,0.045725,-0.490003,-0.48865
30.28,30.28,-0.70273,-0.702024,0.047132,0.045908,-0.490509,-0.489289
30.01,29.99,-0.704535,-0.705218,0.087426,0.087951,-0.482054,-0.483176
30.58,30.58,-0.706183,-0.706956,0.036106,0.037798,-0.487157,-0.488728
30.37,30.37,-0.706183,-0.705655,0.040618,0.04147,-0.48911,-0.490528
30.48,30.48,-0.707664,-0.707511,0.036106,0.037776,-0.487671,-0.487525
29.53,29.52,-0.710939,-0.708812,0.084434,0.08545,-0.484147,-0.484597
30.58,30.57,-0.70467,-0.705538,0.039145,0.038374,-0.490616,-0.491814
29.56,29.56,-0.707016,-0.705895,0.087916,0.08746,-0.48207,-0.483167
30.37,30.36,-0.715915,-0.717147,0.084398,0.083689,-0.482688,-0.481414
30.48,30.48,-0.706181,-0.70585,0.039116,0.039387,-0.488626,-0.489071
30.39,30.39,-0.704699,-0.705021,0.041122,0.041722,-0.489091,-0.490119
30.45,30.45,-0.620057,-0.619673,0.128034,0.129366,-0.555992,-0.555918
29.81,29.82,-0.705977,-0.705517,0.086964,0.087633,-0.485578,-0.482917
30.55,30.55,-0.706176,-0.706126,0.038119,0.037457,-0.488637,-0.487953
30.54,30.54,-0.708127,-0.707925,0.035635,0.037555,-0.490185,-0.491313
30.37,30.37,-0.705191,-0.705691,0.041625,0.042277,-0.489591,-0.490399
29.95,29.96,-0.706033,-0.705995,0.089416,0.087187,-0.482044,-0.483397
30.36,30.36,-0.704038,-0.705351,0.088431,0.087946,-0.482539,-0.482411
30.1,30.1,-0.702711,-0.702034,0.048154,0.0486,-0.4925,-0.493757
30.4,30.38,-0.725951,-0.724128,0.035593,0.034711,-0.492344,-0.492668
28.62,28.62,-0.079975,-0.07935,-0.716741,-0.716914,-0.5213,-0.52081
29.06,29.06,0.382581,0.383724,-0.59868,-0.60122,-0.526964,-0.526888
30.55,30.56,-0.71209,-0.711225,0.036125,0.036337,-0.490715,-0.491005
30.61,30.61,-0.705172,-0.706039,0.038134,0.038508,-0.48963,-0.489458
30.33,30.33,-0.612143,-0.62157,0.128045,0.128344,-0.55442,-0.554899
30.48,30.49,-0.623081,-0.623937,0.125968,0.124818,-0.551033,-0.552761
29.0,28.97,0.443773,0.358618,-0.730124,-0.675203,-0.52692,-0.535597
30.3,30.28,-0.699293,-0.699508,0.046611,0.046292,-0.487479,-0.488847
30.7,30.7,-0.713098,-0.712976,0.034602,0.035036,-0.488737,-0.490765
28.98,28.98,0.634034,0.635269,-0.469251,-0.469507,-0.466214,-0.466146
25.89,25.9,-0.075125,-0.04937,0.957247,0.955656,0.020119,0.018297
28.5,28.47,0.078121,0.122616,0.610681,0.736337,-0.525427,-0.501553
30.34,30.35,-0.695634,-0.694688,0.088439,0.08952,-0.480463,-0.481253
30.45,30.45,-0.707655,-0.707182,0.036617,0.037303,-0.488667,-0.488284
30.51,30.51,-0.706678,-0.706809,0.037108,0.036528,-0.487651,-0.488485
30.6,30.59,-0.707162,-0.707352,0.037118,0.037326,-0.488657,-0.489012
30.68,30.68,-0.609202,-0.634848,0.127522,0.124437,-0.551395,-0.553201
29.68,29.67,-0.705526,-0.702322,0.088426,0.088751,-0.482552,-0.48236
29.6,29.6,-0.691122,-0.696016,0.091514,0.090076,-0.485898,-0.483603
30.09,30.1,-0.702709,-0.702228,0.046652,0.047597,-0.492017,-0.492898
29.59,29.59,-0.696087,-0.700491,0.089483,0.088733,-0.484462,-0.483672
30.33,30.32,-0.705532,-0.70511,0.087417,0.088005,-0.481562,-0.483109
30.51,30.51,-0.613562,-0.613598,0.131116,0.13146,-0.56141,-0.560615
30.36,30.35,-0.69762,-0.696859,0.08893,0.089147,-0.480474,-0.480796
30.68,30.66,-0.706678,-0.707644,0.038111,0.037881,-0.488141,-0.488858
28.7,28.8,-0.281365,-0.357767,-0.432312,-0.396331,-0.680609,-0.626265
30.6,30.62,-0.709154,-0.707715,0.037603,0.037343,-0.488168,-0.48891
30.34,30.34,-0.698092,-0.698797,0.088953,0.088763,-0.482481,-0.481483
29.84,29.84,-0.706493,-0.706023,0.088446,0.08759,-0.484564,-0.483703
28.76,28.77,0.142655,0.143078,-0.663738,-0.664397,-0.544311,-0.545426
28.64,28.64,-0.079958,-0.079604,-0.719733,-0.718987,-0.521334,-0.521006
30.51,30.51,-0.705693,-0.704785,0.040614,0.040297,-0.488605,-0.489346
30.46,30.45,-0.60719,-0.620072,0.130064,0.129438,-0.554855,-0.554954
29.5,29.5,-0.705494,-0.705874,0.084947,0.084678,-0.483593,-0.483289
30.49,30.49,-0.705177,-0.705227,0.040135,0.040416,-0.490108,-0.489815
30.69,30.69,-0.718503,-0.719248,0.033626,0.03272,-0.492301,-0.491847
28.59,28.59,-0.142515,-0.141558,-0.69956,-0.696258,-0.72801,-0.729462
28.55,28.54,-0.128774,-0.131263,0.680941,0.679783,-0.586533,-0.586809
30.4,30.41,-0.606216,-0.615431,0.131054,0.130219,-0.553834,-0.553267
30.39,30.38,-0.640881,-0.624711,0.125949,0.129021,-0.555194,-0.553732
29.57,29.59,-0.7075,-0.706478,0.086922,0.087008,-0.482586,-0.483979
28.61,28.61,-0.080066,-0.080323,-0.713321,-0.712118,-0.515251,-0.514619
29.68,29.68,-0.707004,-0.706265,0.088931,0.0876,-0.483561,-0.48381
30.52,30.53,-0.618081,-0.618033,0.131544,0.129922,-0.556937,-0.557716
30.48,30.48,-0.706666,-0.707167,0.03712,0.036902,-0.488653,-0.488159
29.56,29.57,-0.692132,-0.694319,0.090489,0.089593,-0.483915,-0.483964
30.63,30.63,-0.623518,-0.621444,0.123016,0.125037,-0.554576,-0.553163
30.58,30.58,-0.706663,-0.706652,0.037624,0.03767,-0.489148,-0.488827
29.2,29.2,0.405333,0.40768,-0.626237,-0.625966,-0.551121,-0.550927
30.49,30.48,-0.704699,-0.704902,0.040119,0.040088,-0.488601,-0.488994
30.64,30.64,-0.706671,-0.706337,0.03912,0.039299,-0.489131,-0.488916
29.65,29.66,-0.6991,-0.702058,0.090938,0.089876,-0.481967,-0.481308
29.62,29.6,-0.706001,-0.705538,0.08694,0.088157,-0.483575,-0.483427
30.22,30.22,-0.710581,-0.710023,0.041166,0.041052,-0.494651,-0.492819
28.29,28.31,0.220138,0.219936,0.552756,0.551398,-0.557907,-0.557829
30.58,30.58,-0.708159,-0.707114,0.037108,0.037617,-0.488165,-0.489107
28.36,28.37,0.142035,0.141829,-0.935172,-0.934052,-0.578445,-0.578745
30.31,30.31,-0.723978,-0.721426,0.038599,0.038256,-0.492793,-0.493366
30.58,30.58,-0.707137,-0.707111,0.038145,0.038829,-0.491149,-0.489108
30.7,30.7,-0.704163,-0.7019,0.037153,0.03782,-0.490634,-0.489815
29.23,29.23,0.399775,0.399853,-0.619342,-0.619142,-0.545581,-0.545183
30.72,30.72,-0.706179,-0.706795,0.037614,0.037861,-0.488142,-0.487729
29.04,29.04,0.407763,0.407091,-0.622767,-0.622541,-0.548556,-0.547662
29.03,29.03,0.419851,0.418583,-0.628552,-0.627557,-0.561539,-0.560026
30.54,30.53,-0.626985,-0.613511,0.130026,0.130521,-0.558033,-0.559613
29.2,29.2,0.422423,0.422658,-0.63547,-0.636872,-0.566103,-0.566473
30.46,30.47,-0.633899,-0.624267,0.125013,0.128559,-0.55815,-0.555426
28.7,28.71,-0.246966,-0.245299,-0.437009,-0.432745,-0.693887,-0.697481
30.33,30.34,-0.710459,-0.710378,0.083919,0.084608,-0.482646,-0.483113
28.98,28.98,0.682642,0.685181,-0.488115,-0.488521,-0.500065,-0.499922
30.48,30.48,-0.706147,-0.706005,0.039651,0.040298,-0.491625,-0.489788
30.31,30.31,-0.707017,-0.70606,0.086912,0.087438,-0.48158,-0.482227
30.34,30.34,-0.719525,-0.720465,0.038105,0.037999,-0.491759,-0.491537
30.36,30.36,-0.72432,-0.721811,0.082383,0.082745,-0.483785,-0.482758
30.12,30.11,-0.70552,-0.705787,0.087429,0.087765,-0.482563,-0.482817
30.4,30.4,-0.623554,-0.622135,0.128495,0.129625,-0.554013,-0.554614
30.6,30.6,-0.687365,-0.688484,0.044678,0.044776,-0.4889,-0.488258
30.21,30.22,-0.721355,-0.721689,0.082887,0.083094,-0.483253,-0.483574
29.71,29.7,-0.724804,-0.722966,0.082393,0.082309,-0.484791,-0.485087
29.0,29.0,0.3037,0.304816,-0.639151,-0.637988,-0.54664,-0.547143
30.66,30.65,-0.71704,-0.718203,0.033607,0.032948,-0.490285,-0.49143
30.57,30.57,-0.616544,-0.613376,0.129092,0.129485,-0.559956,-0.559253
29.62,29.61,-0.706999,-0.706763,0.086931,0.087185,-0.483083,-0.483819
30.68,30.68,-0.699785,-0.700548,0.042602,0.041405,-0.486026,-0.487589
30.66,30.67,-0.637397,-0.629497,0.123468,0.124555,-0.555192,-0.552542
30.42,30.42,-0.705176,-0.705426,0.041138,0.041327,-0.490598,-0.490558
30.42,30.42,-0.705669,-0.704997,0.041641,0.041933,-0.491097,-0.490196
30.49,30.49,-0.705204,-0.705596,0.04061,0.040588,-0.4881,-0.489726
28.29,28.3,0.217652,0.21936,0.549731,0.551389,-0.55596,-0.558095
30.36,30.36,-0.72349,-0.723761,0.036587,0.036006,-0.491309,-0.491539
30.28,30.29,-0.688377,-0.689121,0.050671,0.04925,-0.489843,-0.488878
28.61,28.61,-0.074551,-0.074777,-0.75537,-0.755198,-0.542727,-0.542602
30.66,30.65,-0.705153,-0.705901,0.039156,0.038779,-0.491622,-0.489113
29.83,29.84,-0.705528,-0.705296,0.088925,0.087731,-0.482546,-0.48357
30.52,30.52,-0.706669,-0.707065,0.037618,0.037552,-0.488647,-0.488271
29.16,29.16,0.400283,0.399428,-0.620331,-0.619709,-0.546089,-0.545839
29.81,29.8,-0.706518,-0.705987,0.087419,0.087632,-0.482071,-0.483406
30.58,30.58,-0.718094,-0.717578,0.03605,0.036407,-0.486259,-0.487653
29.2,29.2,0.400295,0.400863,-0.620319,-0.619942,-0.547091,-0.545494
30.18,30.18,-0.703689,-0.704173,0.045656,0.045873,-0.492537,-0.492018
28.43,28.42,0.135599,0.135875,-0.934686,-0.933408,-0.579497,-0.578649
30.69,30.69,-0.70669,-0.706465,0.038099,0.0378,-0.487139,-0.488338
30.33,30.33,-0.714544,-0.71454,0.038147,0.038161,-0.493718,-0.493217
28.41,28.45,-0.31316,-0.323594,0.328221,0.337891,-0.72336,-0.697181
29.69,29.7,-0.706995,-0.705954,0.088439,0.087018,-0.484067,-0.484215
28.62,28.62,-0.080051,-0.080314,-0.71832,-0.715754,-0.514306,-0.514159
29.56,29.57,-0.705009,-0.706061,0.087947,0.087732,-0.484055,-0.48304
28.62,28.62,-0.072474,-0.073107,-0.761288,-0.758403,-0.547785,-0.545619
30.46,30.46,-0.707639,-0.706847,0.037134,0.037528,-0.490164,-0.488254
30.21,30.21,-0.703689,-0.702982,0.045656,0.045898,-0.492537,-0.492057
29.5,29.5,-0.707494,-0.706815,0.087932,0.086967,-0.483576,-0.483556
29.93,29.92,-0.704989,-0.705885,0.086463,0.086706,-0.485074,-0.484863
30.48,30.47,-0.705191,-0.706284,0.041625,0.04018,-0.489591,-0.490844
30.49,30.49,-0.706179,-0.706053,0.037614,0.037742,-0.488142,-0.487138
29.23,29.21,0.402258,0.402631,-0.618828,-0.618956,-0.546055,-0.546925
29.62,29.64,-0.705505,-0.706002,0.086942,0.087125,-0.483571,-0.484039
30.66,30.67,-0.693818,-0.693833,0.041638,0.041959,-0.486987,-0.489208
30.46,30.46,-0.707146,-0.706324,0.038638,0.039603,-0.490643,-0.490174
30.61,30.61,-0.686867,-0.688569,0.044182,0.045232,-0.488902,-0.488459
30.27,30.26,-0.704537,-0.705478,0.087925,0.087592,-0.482048,-0.482421
29.23,29.22,0.399805,0.400001,-0.620315,-0.619483,-0.547596,-0.545351
29.57,29.58,-0.705522,-0.705525,0.088931,0.087469,-0.483047,-0.483004
30.64,30.64,-0.706687,-0.706865,0.0376,0.038768,-0.487145,-0.489357
29.53,29.53,-0.706984,-0.707395,0.086444,0.08737,-0.48409,-0.482871
30.3,30.3,-0.69574,-0.697556,0.043697,0.04414,-0.492991,-0.491815
28.7,28.68,-0.70587,-0.692775,-0.078907,-0.115547,-0.462412,-0.471659
29.98,30.0,-0.705499,-0.705849,0.086948,0.087642,-0.484071,-0.482954
30.49,30.49,-0.707663,-0.707166,0.038113,0.037264,-0.48865,-0.487929
30.49,30.49,-0.707662,-0.707217,0.035608,0.036726,-0.487677,-0.487655
30.7,30.71,-0.708161,-0.706845,0.03861,0.037991,-0.488649,-0.488584
30.48,30.48,-0.619587,-0.620907,0.130517,0.129262,-0.554958,-0.555945
30.43,30.42,-0.622565,-0.621752,0.130001,0.129312,-0.554489,-0.554549
30.66,30.66,-0.603772,-0.623835,0.128522,0.125428,-0.549834,-0.552012
30.16,30.16,-0.703689,-0.703328,0.045656,0.046073,-0.492537,-0.492229
29.13,29.13,0.400258,0.399422,-0.620355,-0.618978,-0.544086,-0.546091
30.14,30.14,-0.7037,-0.703481,0.047651,0.045818,-0.492514,-0.491772
30.49,30.47,-0.706649,-0.707882,0.035131,0.037084,-0.489176,-0.488568
30.13,30.13,-0.707486,-0.706068,0.086436,0.087489,-0.483593,-0.483624
30.24,30.24,-0.691309,-0.691008,0.047193,0.048102,-0.491911,-0.490621
28.97,28.97,0.46513,0.46896,-0.559068,-0.557375,-0.727652,-0.727364
29.2,29.2,0.398793,0.399326,-0.617831,-0.618403,-0.547076,-0.544508
28.65,28.65,-0.073073,-0.073649,-0.755876,-0.75455,-0.541718,-0.540962
30.43,30.45,-0.620071,-0.620382,0.129524,0.129063,-0.555474,-0.555442
30.4,30.4,-0.623055,-0.622698,0.129002,0.129099,-0.554504,-0.554595
29.8,29.81,-0.705021,-0.705525,0.087935,0.087469,-0.483054,-0.483439
29.68,29.71,-0.706013,-0.70617,0.087932,0.087662,-0.483063,-0.483498
30.33,30.33,-0.715417,-0.714965,0.082897,0.083998,-0.4822,-0.482348
29.74,29.74,-0.707471,-0.711939,0.085949,0.084698,-0.4846,-0.483982
30.3,30.32,-0.705523,-0.704839,0.086924,0.087258,-0.482068,-0.482254
29.93,29.94,-0.693623,-0.692776,0.090982,0.090783,-0.483922,-0.48289
29.18,29.18,0.401271,0.401358,-0.620832,-0.618286,-0.545585,-0.546142
30.6,30.6,-0.705652,-0.706494,0.039653,0.038643,-0.491621,-0.489601
30.64,30.63,-0.622076,-0.623532,0.124481,0.126178,-0.551541,-0.552036
30.55,30.54,-0.618547,-0.619557,0.130569,0.129499,-0.558955,-0.557008
30.55,30.55,-0.702753,-0.702678,0.0436,0.042467,-0.487043,-0.486604
30.45,30.47,-0.612108,-0.613871,0.13159,0.13167,-0.558887,-0.560675
30.66,30.65,-0.70617,-0.706669,0.038125,0.038851,-0.489138,-0.489149
30.1,30.1,-0.718837,-0.720024,0.082433,0.082056,-0.486242,-0.4855
29.56,29.56,-0.694163,-0.695263,0.09244,0.091398,-0.480905,-0.482139
30.55,30.56,-0.706191,-0.706659,0.037602,0.037538,-0.48714,-0.489004
30.49,30.49,-0.725953,-0.724882,0.032583,0.033509,-0.490875,-0.490815
28.57,28.57,-0.050993,-0.050989,-0.725935,-0.726082,-0.535678,-0.535519
30.6,30.59,-0.706187,-0.706366,0.03911,0.038673,-0.488125,-0.489143
30.05,30.06,-0.706011,-0.705349,0.086429,0.088043,-0.482579,-0.483431
29.5,29.5,-0.711505,-0.708713,0.088374,0.088359,-0.4801,-0.482174
30.49,30.49,-0.708657,-0.706729,0.038608,0.037507,-0.488653,-0.487707
28.59,28.59,-0.078416,-0.078414,-0.728698,-0.726188,-0.521923,-0.521163
29.2,29.18,0.40227,0.402051,-0.623328,-0.618506,-0.545104,-0.545923
30.7,30.7,-0.714549,-0.715068,0.033628,0.034355,-0.491265,-0.491712
29.96,29.96,-0.706022,-0.705953,0.087421,0.087325,-0.482067,-0.483199
30.4,30.41,-0.705693,-0.705154,0.041617,0.042049,-0.489094,-0.490812
30.68,30.68,-0.719997,-0.719676,0.032611,0.032571,-0.491324,-0.49041
29.83,29.83,-0.706001,-0.705245,0.08694,0.087688,-0.483575,-0.483304
30.46,30.48,-0.707667,-0.707365,0.036605,0.036771,-0.487665,-0.488132
30.54,30.53,-0.619076,-0.617707,0.130032,0.129977,-0.55596,-0.558063
30.52,30.53,-0.629437,-0.619371,0.129542,0.130685,-0.560063,-0.560183
30.72,30.72,-0.706149,-0.706218,0.037644,0.03785,-0.490646,-0.489532
28.65,28.65,-0.077091,-0.077465,-0.716819,-0.715499,-0.513762,-0.513741
30.45,30.44,-0.623028,-0.622365,0.129531,0.12886,-0.557002,-0.554535
30.24,30.24,-0.695298,-0.696006,0.049161,0.048659,-0.490922,-0.489606
30.6,30.6,-0.708181,-0.707261,0.036585,0.036556,-0.486167,-0.488028
30.64,30.64,-0.704667,-0.705807,0.037643,0.039145,-0.490132,-0.488422
30.46,30.47,-0.613093,-0.614041,0.131593,0.131707,-0.559397,-0.560566
28.65,28.65,-0.077137,-0.077034,-0.712853,-0.714294,-0.511714,-0.513408
30.46,30.46,-0.707155,-0.706262,0.03913,0.039921,-0.490137,-0.489639
29.79,29.79,-0.706016,-0.705557,0.08843,0.087186,-0.483057,-0.483523
28.62,28.62,-0.078602,-0.079669,-0.712337,-0.711694,-0.513725,-0.513957
28.67,28.67,0.142684,0.143437,-0.664712,-0.664008,-0.546325,-0.546526
30.48,30.45,-0.610658,-0.614166,0.129553,0.129973,-0.554891,-0.554401
30.57,30.56,-0.696311,-0.697866,0.043119,0.043381,-0.486491,-0.487203
30.33,30.32,-0.706016,-0.705136,0.087427,0.087733,-0.482568,-0.482471
29.83,29.83,-0.706487,-0.705758,0.088452,0.088175,-0.485065,-0.483699
29.11,29.11,0.399282,0.398862,-0.619842,-0.61906,-0.545591,-0.544399
30.31,30.31,-0.712138,-0.711467,0.041593,0.042445,-0.489151,-0.490502
30.68,30.68,-0.718028,-0.717998,0.034108,0.033302,-0.490789,-0.490517
30.7,30.7,-0.704175,-0.703414,0.038144,0.037426,-0.490122,-0.489948
30.04,30.04,-0.702195,-0.701914,0.047675,0.048917,-0.494004,-0.493552
30.52,30.52,-0.624068,-0.623853,0.123964,0.12542,-0.550563,-0.552157
29.75,29.75,-0.704534,-0.705525,0.08843,0.08787,-0.482543,-0.483215
30.63,30.64,-0.70665,-0.706729,0.03864,0.038695,-0.490639,-0.489086
30.58,30.58,-0.707149,-0.707332,0.038133,0.037531,-0.490148,-0.488699
25.63,25.63,-1.688581,-1.697218,-1.118294,-1.199009,0.808042,0.839364
30.37,30.37,-0.706167,-0.705256,0.042138,0.04187,-0.491096,-0.490465
30.37,30.37,-0.623044,-0.622231,0.128011,0.128194,-0.555016,-0.55385
30.64,30.64,-0.641391,-0.619953,0.122925,0.126762,-0.552729,-0.550501
30.46,30.47,-0.690322,-0.688854,0.044685,0.045605,-0.490428,-0.48759
28.3,28.3,0.21719,0.21491,0.546755,0.547945,-0.5575,-0.557642
30.7,30.71,-0.706647,-0.706809,0.038141,0.038042,-0.490644,-0.489134
30.52,30.52,-0.706222,-0.705169,0.042085,0.041122,-0.486589,-0.487537
30.09,30.09,-0.706042,-0.70607,0.088905,0.087211,-0.481048,-0.483737
30.46,30.46,-0.70668,-0.706453,0.039613,0.040048,-0.488625,-0.489479
30.61,30.6,-0.707162,-0.707642,0.037118,0.037171,-0.488657,-0.48871
30.64,30.64,-0.708153,-0.707774,0.037114,0.036963,-0.488666,-0.488434
30.46,30.47,-0.707661,-0.707263,0.036611,0.03683,-0.488166,-0.488386
30.7,30.7,-0.711089,-0.711278,0.03664,0.035169,-0.491702,-0.491785
30.37,30.37,-0.729717,-0.731172,0.077405,0.077728,-0.486393,-0.486322
29.11,29.11,0.418445,0.419949,-0.634494,-0.633655,-0.565626,-0.565258
28.48,28.48,-0.615461,-0.617411,-0.412328,-0.417222,-0.329665,-0.317636
29.65,29.63,-0.705511,-0.705932,0.08794,0.087808,-0.483559,-0.483104
30.21,30.21,-0.721992,-0.719612,0.039111,0.038824,-0.493271,-0.493524
30.28,30.28,-0.703742,-0.702649,0.044101,0.044788,-0.487546,-0.488361
30.09,30.09,-0.703197,-0.70266,0.049666,0.048035,-0.49399,-0.493869
28.53,28.53,0.143162,0.14307,-0.663725,-0.66394,-0.545308,-0.546964
30.49,30.49,-0.707658,-0.707266,0.037116,0.037433,-0.488661,-0.487552
29.91,29.92,-0.71194,-0.714995,0.084923,0.0834,-0.483649,-0.485331
28.65,28.65,-0.070484,-0.071,-0.76378,-0.763366,-0.547295,-0.546619
30.7,30.7,-0.706188,-0.707205,0.037104,0.03745,-0.487146,-0.488113
30.64,30.64,-0.70619,-0.706865,0.038606,0.038241,-0.48763,-0.489067
29.56,29.57,-0.706009,-0.706227,0.088436,0.087549,-0.483558,-0.483259
30.48,30.48,-0.707654,-0.707868,0.03762,0.037324,-0.489156,-0.48816
30.25,30.23,-0.725309,-0.72169,0.082884,0.083032,-0.484289,-0.484266
30.45,30.45,-0.612561,-0.61337,0.13163,0.132565,-0.562397,-0.561131
28.61,28.61,-0.080075,-0.080196,-0.711825,-0.711923,-0.515234,-0.515823
30.7,30.69,-0.630967,-0.623277,0.123979,0.125584,-0.554129,-0.551114
30.54,30.55,-0.61009,-0.617476,0.129627,0.130052,-0.560896,-0.558336
30.51,30.51,-0.687377,-0.688054,0.04567,0.046141,-0.488388,-0.487943
29.8,29.79,-0.706014,-0.706143,0.085925,0.08821,-0.482084,-0.483056
30.69,30.7,-0.689827,-0.690251,0.043684,0.043309,-0.489935,-0.48834
30.49,30.51,-0.698217,-0.698486,0.041183,0.040905,-0.492039,-0.490202
28.55,28.55,0.147075,0.14711,-0.939084,-0.93832,-0.583454,-0.581817
29.84,29.84,-0.706491,-0.706002,0.086944,0.087902,-0.48408,-0.483113
30.61,30.62,-0.706666,-0.706567,0.03712,0.036744,-0.488653,-0.488045
30.28,30.28,-0.690334,-0.689503,0.049186,0.048556,-0.491379,-0.490603
29.2,29.2,0.41941,0.420811,-0.633012,-0.635727,-0.564098,-0.565579
30.7,30.7,-0.711574,-0.713202,0.034643,0.034535,-0.491729,-0.491519
30.33,30.33,-0.711087,-0.711388,0.040654,0.039074,-0.49366,-0.493039
30.33,30.33,-0.707632,-0.70742,0.04015,0.040409,-0.492133,-0.49332
30.64,30.64,-0.707671,-0.706648,0.039609,0.038722,-0.488633,-0.48921
30.55,30.54,-0.61956,-0.619504,0.130042,0.129081,-0.556967,-0.557493
30.25,30.24,-0.705522,-0.705678,0.088931,0.087339,-0.483047,-0.482581
28.82,28.81,-0.122657,-0.122764,-0.718526,-0.717366,-0.762613,-0.761189
29.03,29.03,0.660557,0.658888,-0.480943,-0.480435,-0.481142,-0.482809
30.55,30.54,-0.620059,-0.619526,0.129536,0.129561,-0.556476,-0.557122
30.49,30.49,-0.707187,-0.705838,0.039599,0.03969,-0.487627,-0.488937
30.19,30.19,-0.691832,-0.693319,0.047666,0.049415,-0.489907,-0.490296
30.36,30.36,-0.71455,-0.71469,0.037138,0.03831,-0.492728,-0.49236
30.64,30.64,-0.706675,-0.707068,0.037612,0.037449,-0.488146,-0.488758
30.16,30.16,-0.704192,-0.703395,0.044645,0.04585,-0.491551,-0.491986
29.91,29.91,-0.687685,-0.68624,0.091996,0.093157,-0.483358,-0.481554
30.64,30.64,-0.706645,-0.707214,0.037642,0.037972,-0.49065,-0.490035
28.62,28.62,-0.080604,-0.080228,-0.712362,-0.712245,-0.51224,-0.511429
30.12,30.12,-0.685225,-0.687075,0.094493,0.093132,-0.482808,-0.482614
30.22,30.22,-0.688865,-0.6916,0.050176,0.04913,-0.490354,-0.49045
30.68,30.67,-0.605749,-0.611077,0.127517,0.127263,-0.549863,-0.550398
30.6,30.59,-0.706203,-0.707845,0.038594,0.037346,-0.486628,-0.487984
30.68,30.66,-0.708155,-0.706836,0.038616,0.038918,-0.489149,-0.48934
29.74,29.74,-0.707016,-0.706273,0.088919,0.087607,-0.482559,-0.483504
26.23,26.48,9.337889,10.477831,3.635946,5.234031,-5.937916,-9.080516
30.72,30.71,-0.69038,-0.69057,0.044127,0.043381,-0.485427,-0.487806
30.54,30.54,-0.635346,-0.630355,0.126552,0.126951,-0.562152,-0.560511
30.37,30.37,-0.70023,-0.702053,0.042149,0.041054,-0.490042,-0.491724
29.59,29.59,-0.71192,-0.709417,0.083439,0.085729,-0.484667,-0.484359
30.66,30.67,-0.718017,-0.718671,0.033117,0.033065,-0.491301,-0.490887
30.49,30.49,-0.703675,-0.700496,0.039654,0.038744,-0.491102,-0.490724
30.51,30.51,-0.696297,-0.696722,0.042632,0.043976,-0.487498,-0.486565
30.39,30.39,-0.707177,-0.706333,0.042117,0.040662,-0.489602,-0.491114
29.66,29.66,-0.711924,-0.710327,0.08544,0.085582,-0.485146,-0.48525
28.67,28.67,-0.07256,-0.073358,-0.757863,-0.756827,-0.542237,-0.542333
30.33,30.33,-0.685909,-0.685858,0.049166,0.049027,-0.488336,-0.488357
30.34,30.34,-0.697813,-0.699658,0.045607,0.045729,-0.486476,-0.488504
30.52,30.52,-0.719488,-0.719485,0.034632,0.034309,-0.4933,-0.491801
30.6,30.62,-0.707179,-0.706748,0.038103,0.038336,-0.487644,-0.488594
30.1,30.1,-0.701707,-0.701762,0.049173,0.048626,-0.493983,-0.493729
30.49,30.49,-0.706681,-0.707191,0.037606,0.036546,-0.487645,-0.488864
28.95,28.93,0.662114,0.66262,-0.494907,-0.493265,-0.480786,-0.480683
30.55,30.53,-0.623465,-0.61929,0.127582,0.12993,-0.561035,-0.55957
30.22,30.22,-0.688213,-0.688654,0.093466,0.09209,-0.481343,-0.481132
30.54,30.54,-0.698716,-0.699395,0.040676,0.040098,-0.491549,-0.490153
28.38,28.38,0.142036,0.141912,-0.933166,-0.9343,-0.579424,-0.57808
30.3,30.3,-0.715054,-0.715256,0.038632,0.038702,-0.492715,-0.493242
28.62,28.62,-0.078018,-0.078165,-0.720771,-0.721787,-0.517322,-0.516187
28.59,28.59,-0.077928,-0.078533,-0.726197,-0.726284,-0.522391,-0.521085
30.39,30.39,-0.706494,-0.70611,0.087443,0.08676,-0.484074,-0.482721
30.49,30.49,-0.708157,-0.707254,0.036609,0.037821,-0.48817,-0.487883
30.58,30.58,-0.695798,-0.696105,0.043139,0.043303,-0.487989,-0.48807
30.48,30.48,-0.70518,-0.705679,0.03963,0.03955,-0.489613,-0.488907
30.45,30.45,-0.705192,-0.70546,0.039618,0.040535,-0.488612,-0.488588
23.13,23.14,-0.385309,-0.388273,0.079936,0.07369,0.796871,0.800662
30.12,30.12,-0.706022,-0.706247,0.087421,0.087096,-0.482067,-0.48379
28.73,28.73,0.145145,0.144854,-0.664721,-0.664188,-0.544801,-0.544772
28.56,28.56,-0.307665,-0.300037,-0.584859,-0.592324,-0.611942,-0.611715
27.02,27.02,-0.34283,-0.198816,-0.032372,-0.336663,-0.735216,-0.68515
30.39,30.4,-0.60869,-0.620675,0.129044,0.129955,-0.553377,-0.553321
30.42,30.42,-0.620595,-0.621517,0.128993,0.129285,-0.55298,-0.554703
30.48,30.48,-0.705192,-0.705366,0.040622,0.040344,-0.489101,-0.489692
28.5,28.5,0.08004,0.079204,-0.873226,-0.874602,-0.522684,-0.521806
30.46,30.46,-0.621069,-0.621477,0.129514,0.12931,-0.554982,-0.556029
30.05,30.09,-0.703187,-0.702866,0.046668,0.047044,-0.493523,-0.49277
30.42,30.41,-0.705186,-0.705328,0.040628,0.041215,-0.489602,-0.489937
30.7,30.7,-0.715038,-0.714964,0.034636,0.034446,-0.49226,-0.490543
30.51,30.51,-0.696281,-0.69594,0.044152,0.043556,-0.489485,-0.487485
29.8,29.8,-0.705508,-0.706229,0.088444,0.087973,-0.484054,-0.484096
30.68,30.69,-0.637926,-0.629253,0.123935,0.124907,-0.552687,-0.55192
30.34,30.33,-0.706023,-0.705767,0.086417,0.086883,-0.481577,-0.482021
30.58,30.58,-0.707158,-0.707509,0.037622,0.037828,-0.489152,-0.48771
30.51,30.51,-0.707656,-0.707461,0.035614,0.036688,-0.488177,-0.488324
30.36,30.36,-0.623537,-0.622232,0.12751,0.128459,-0.555026,-0.553461
29.51,29.51,-0.707975,-0.706444,0.087443,0.086782,-0.484588,-0.484231
30.45,30.45,-0.629445,-0.620184,0.126526,0.129505,-0.558094,-0.554759
29.53,29.53,-0.706001,-0.705983,0.08694,0.087927,-0.483575,-0.483498
30.68,30.68,-0.719519,-0.718733,0.033598,0.032621,-0.490307,-0.490962
30.6,30.59,-0.697805,-0.697963,0.043108,0.043563,-0.486003,-0.487031
28.44,28.46,-0.547649,-0.54983,-0.565122,-0.544122,-0.293742,-0.306325
30.49,30.49,-0.623055,-0.622256,0.125493,0.124915,-0.553041,-0.553251
28.5,28.5,0.140567,0.140116,-0.937666,-0.935135,-0.578987,-0.580515
30.48,30.47,-0.705688,-0.705309,0.04062,0.040181,-0.489105,-0.489838
29.74,29.73,-0.70598,-0.706448,0.086459,0.087099,-0.485083,-0.484042
30.31,30.28,-0.692773,-0.690136,0.045204,0.048364,-0.492948,-0.490621
29.51,29.51,-0.7065,-0.706827,0.087437,0.087917,-0.483573,-0.483761
30.64,30.64,-0.706178,-0.707185,0.038618,0.038468,-0.488631,-0.488952
29.18,29.18,0.399782,0.399254,-0.618332,-0.619083,-0.546571,-0.545683
30.39,30.39,-0.614165,-0.625677,0.129504,0.128943,-0.551917,-0.553766
30.73,30.72,-0.707164,-0.706665,0.037616,0.038876,-0.488651,-0.488292
30.36,30.36,-0.724482,-0.723786,0.03558,0.036211,-0.490828,-0.491622
30.34,30.34,-0.704518,-0.70596,0.085438,0.086415,-0.482577,-0.48343
26.66,26.64,0.0272,0.015773,0.78971,0.75181,-0.371073,-0.408171
28.95,28.97,0.473499,0.475626,-0.556086,-0.55494,-0.72404,-0.726583
30.69,30.69,-0.718044,-0.719614,0.033592,0.032634,-0.489292,-0.490614
30.28,30.3,-0.713869,-0.714269,0.073938,0.074059,-0.483289,-0.483467
30.07,30.07,-0.703205,-0.702749,0.047653,0.047102,-0.49251,-0.493454
30.43,30.44,-0.706649,-0.706223,0.040647,0.040437,-0.491618,-0.49067
30.43,30.43,-0.70667,-0.705577,0.041127,0.04158,-0.49011,-0.490481
29.72,29.72,-0.697123,-0.696775,0.090939,0.091834,-0.481449,-0.48149
28.61,28.61,-0.076657,-0.075842,-0.74848,-0.750145,-0.535655,-0.537099
30.68,30.68,-0.709615,-0.709173,0.03563,0.036123,-0.490198,-0.49124
29.65,29.65,-0.705499,-0.706138,0.086948,0.087102,-0.484071,-0.484235
30.58,30.58,-0.696748,-0.696381,0.040167,0.040686,-0.490035,-0.48953
30.34,30.34,-0.697289,-0.696464,0.046137,0.046739,-0.48897,-0.487724
30.28,30.28,-0.721005,-0.722161,0.036603,0.038177,-0.491788,-0.493228
29.09,29.09,0.388124,0.38879,-0.605089,-0.60471,-0.531496,-0.533806
30.63,30.62,-0.721516,-0.72247,0.035081,0.033817,-0.489806,-0.489564
30.6,30.61,-0.707675,-0.706089,0.038101,0.039356,-0.487648,-0.488587
30.49,30.5,-0.711144,-0.709838,0.040095,0.039641,-0.488658,-0.488196
28.94,28.94,0.299259,0.299452,-0.639648,-0.640541,-0.548187,-0.547715
30.7,30.7,-0.708156,-0.707316,0.037612,0.03829,-0.48866,-0.489136
30.09,30.08,-0.707479,-0.705674,0.087445,0.087623,-0.484583,-0.483444
29.95,29.93,-0.690672,-0.689644,0.090969,0.091802,-0.481893,-0.482356
30.42,30.41,-0.705672,-0.705869,0.041137,0.040997,-0.490602,-0.49068
30.37,30.37,-0.693795,-0.695019,0.046174,0.044836,-0.490942,-0.490808
30.57,30.57,-0.694773,-0.693293,0.042674,0.042456,-0.49049,-0.490189
29.83,29.83,-0.70454,-0.705692,0.088424,0.08749,-0.482043,-0.483165
29.51,29.51,-0.707509,-0.707207,0.087415,0.087606,-0.48208,-0.483798
30.37,30.37,-0.703747,-0.704414,0.045098,0.04436,-0.487535,-0.488601
29.86,29.86,-0.725809,-0.723734,0.081374,0.082627,-0.483309,-0.48524
30.66,30.66,-0.694273,-0.695222,0.040675,0.041472,-0.490007,-0.48895
30.28,30.29,-0.710108,-0.707217,0.039642,0.041383,-0.49216,-0.492942
30.69,30.69,-0.707158,-0.706839,0.038626,0.037727,-0.489641,-0.487761
30.13,30.14,-0.706016,-0.706056,0.087427,0.087827,-0.482568,-0.483525
30.07,30.04,-0.701217,-0.701719,0.049169,0.04894,-0.493478,-0.495388
30.1,30.12,-0.724819,-0.716215,0.08288,0.085061,-0.483784,-0.48363
30.63,30.64,-0.70766,-0.70723,0.038618,0.038573,-0.489145,-0.489808
30.37,30.39,-0.706491,-0.70669,0.086944,0.086516,-0.48408,-0.48339
30.7,30.7,-0.71506,-0.714953,0.03311,0.033921,-0.489773,-0.490825
30.3,30.3,-0.695318,-0.695415,0.047136,0.047849,-0.488441,-0.488478
30.48,30.48,-0.621522,-0.620906,0.129554,0.129529,-0.558491,-0.555361
30.4,30.4,-0.704695,-0.704944,0.041627,0.040758,-0.489586,-0.489543
30.7,30.71,-0.690843,-0.690963,0.042653,0.042621,-0.487451,-0.488609
30.46,30.47,-0.632431,-0.625842,0.127507,0.128294,-0.557608,-0.556269
30.6,30.62,-0.707669,-0.707496,0.038107,0.037129,-0.488149,-0.489321
29.54,29.54,-0.707001,-0.706646,0.088433,0.087304,-0.483567,-0.483741
30.7,30.7,-0.699712,-0.70051,0.039164,0.038133,-0.490573,-0.491353
30.3,30.3,-0.723988,-0.709456,0.037085,0.04221,-0.491308,-0.491449
30.33,30.33,-0.689356,-0.689633,0.04717,0.047306,-0.48939,-0.489121
30.14,30.14,-0.705703,-0.703782,0.045619,0.046319,-0.490051,-0.493337
29.16,29.16,0.399769,0.39932,-0.620351,-0.618971,-0.544591,-0.545441
26.77,26.73,11.045407,10.9621,6.507239,6.442916,-10.866283,-10.666608
30.07,30.07,-0.702695,-0.7031,0.049674,0.049339,-0.494487,-0.493708
30.42,30.42,-0.705681,-0.705794,0.041629,0.041398,-0.490096,-0.490861
30.64,30.64,-0.70619,-0.706169,0.038606,0.039194,-0.48763,-0.488039
30.7,30.7,-0.714555,-0.716333,0.033623,0.033668,-0.490764,-0.492212
30.3,30.3,-0.715045,-0.71579,0.039143,0.039128,-0.493711,-0.492751
29.46,29.46,-0.707498,-0.707327,0.086424,0.087399,-0.482592,-0.483601
30.3,30.3,-0.705219,-0.703707,0.044605,0.045168,-0.488555,-0.489187
29.21,29.21,0.400256,0.39999,-0.619856,-0.61937,-0.54408,-0.546071
30.7,30.7,-0.707669,-0.707203,0.038107,0.038024,-0.488149,-0.488547
30.49,30.49,-0.708163,-0.707855,0.036603,0.03671,-0.48767,-0.488562
28.92,28.93,0.297282,0.297471,-0.639649,-0.639904,-0.548705,-0.548185
30.73,30.72,-0.690345,-0.690866,0.042156,0.04309,-0.487452,-0.488172
28.59,28.58,0.144175,0.143259,-0.664202,-0.663948,-0.546807,-0.547438
30.66,30.65,-0.708177,-0.70734,0.038093,0.038651,-0.487152,-0.489728
30.66,30.65,-0.707176,-0.707131,0.037604,0.038613,-0.48765,-0.489391
30.39,30.39,-0.623071,-0.622693,0.128485,0.129189,-0.553007,-0.554624
30.28,30.28,-0.701769,-0.701742,0.047106,0.045268,-0.487996,-0.488988
30.66,30.65,-0.619643,-0.618452,0.127453,0.127142,-0.548983,-0.550974
30.72,30.72,-0.706651,-0.70744,0.036633,0.035841,-0.48966,-0.490893
29.65,29.65,-0.685223,-0.686765,0.09299,0.092694,-0.482324,-0.481399
24.52,24.52,0.651046,0.635369,0.990942,0.977524,0.147521,0.160611
30.49,30.49,-0.721048,-0.720991,0.034554,0.03437,-0.487304,-0.489018
29.2,29.2,0.40227,0.402773,-0.618816,-0.618891,-0.547056,-0.546457
30.64,30.65,-0.706173,-0.70689,0.03762,0.037544,-0.488643,-0.488374
30.46,30.46,-0.706668,-0.706285,0.039625,0.040053,-0.489626,-0.489427
29.57,29.57,-0.703055,-0.701913,0.088928,0.089301,-0.482024,-0.481975
22.36,22.47,-0.66579,-0.656407,0.10901,0.104521,0.48422,0.454118
30.68,30.67,-0.632477,-0.627714,0.125957,0.125732,-0.553118,-0.551181
30.66,30.66,-0.706196,-0.706424,0.0386,0.03879,-0.487129,-0.488516
28.92,28.92,-0.439747,-0.410941,-0.797416,-0.819803,0.232991,0.186155
30.7,30.7,-0.718038,-0.718998,0.033598,0.032418,-0.489793,-0.491102
30.66,30.66,-0.706694,-0.706453,0.0401,0.038374,-0.487617,-0.488772
30.36,30.36,-0.689887,-0.690162,0.049139,0.047967,-0.487369,-0.488732
30.64,30.64,-0.705683,-0.706574,0.038619,0.038556,-0.488627,-0.489096
28.44,28.43,0.136577,0.136558,-0.933192,-0.934038,-0.578971,-0.579542
30.58,30.58,-0.643834,-0.627525,0.121948,0.124876,-0.555265,-0.552536
29.15,29.15,0.417394,0.41857,-0.632551,-0.633324,-0.561606,-0.563768
30.4,30.42,-0.70567,-0.705772,0.039634,0.041326,-0.490118,-0.49024
30.7,30.7,-0.707679,-0.707838,0.036593,0.038011,-0.486664,-0.488512
30.21,30.23,-0.714941,-0.712254,0.08639,0.085978,-0.482156,-0.482282
30.54,30.54,-0.624046,-0.623437,0.125489,0.125988,-0.55305,-0.552378
28.64,28.64,-0.080075,-0.080209,-0.712829,-0.714234,-0.514745,-0.516195
30.21,30.22,-0.701043,-0.704556,0.086959,0.087064,-0.483531,-0.48302
30.39,30.39,-0.706157,-0.705971,0.03914,0.040627,-0.490629,-0.491056
28.76,28.76,0.14267,0.142885,-0.663222,-0.663932,-0.545807,-0.545172
30.7,30.7,-0.693314,-0.693213,0.041147,0.04143,-0.487489,-0.488607
30.28,30.29,-0.716553,-0.716556,0.038615,0.039223,-0.491727,-0.492587
28.94,28.94,0.298775,0.298822,-0.639638,-0.640588,-0.549193,-0.54733
28.56,28.56,-0.108504,-0.108809,0.685974,0.688433,-0.583796,-0.582629
28.91,28.91,0.305937,0.307249,-0.654436,-0.654754,-0.560818,-0.561357
30.3,30.31,-0.705033,-0.70499,0.088927,0.087752,-0.482542,-0.481458
29.56,29.56,-0.71686,-0.715213,0.082435,0.084253,-0.485723,-0.484917
30.28,30.28,-0.718558,-0.718596,0.038084,0.038462,-0.489747,-0.49089
30.61,30.59,-0.706663,-0.707265,0.036621,0.037198,-0.488658,-0.488742
30.42,30.43,-0.705195,-0.705565,0.040117,0.041647,-0.488606,-0.489869
30.39,30.39,-0.706171,-0.705721,0.04063,0.041668,-0.490111,-0.490872
29.21,29.21,0.400776,0.402505,-0.618827,-0.618948,-0.546568,-0.547176
30.51,30.54,-0.618566,-0.619219,0.129547,0.129301,-0.556963,-0.556611
28.56,28.57,0.142658,0.142795,-0.66223,-0.663788,-0.545295,-0.54725
30.48,30.48,-0.705198,-0.705201,0.040616,0.039816,-0.4886,-0.488439
30.48,30.47,-0.614553,-0.613473,0.132115,0.131873,-0.561908,-0.561346
29.18,29.19,0.403255,0.402337,-0.618818,-0.618502,-0.546547,-0.546621
30.49,30.49,-0.708136,-0.707398,0.036128,0.037826,-0.489678,-0.487899
30.63,30.63,-0.70668,-0.707062,0.039613,0.039335,-0.488625,-0.488896
22.96,22.96,-0.454612,-0.454702,0.084373,0.08358,-0.564065,-0.563233
30.21,30.22,-0.689884,-0.691178,0.049644,0.050035,-0.487864,-0.489669
29.16,29.16,0.399294,0.400109,-0.61983,-0.619098,-0.546593,-0.546217
30.05,30.08,-0.703691,-0.702847,0.048162,0.047008,-0.49351,-0.493115
30.61,30.61,-0.708165,-0.70666,0.038105,0.039773,-0.488153,-0.488627
30.52,30.52,-0.721966,-0.721579,0.032117,0.033362,-0.492348,-0.49163
22.66,22.66,-0.455122,-0.455956,0.084858,0.084142,-0.563062,-0.56433
29.79,29.79,-0.706025,-0.70569,0.087919,0.087888,-0.482061,-0.483511
30.46,30.48,-0.706687,-0.707561,0.0376,0.036938,-0.487145,-0.488773
30.49,30.49,-0.718999,-0.717047,0.033624,0.034493,-0.492306,-0.491723
30.24,30.23,-0.718023,-0.716312,0.038627,0.040163,-0.493242,-0.49354
30.55,30.56,-0.60023,-0.625626,0.132115,0.129003,-0.557276,-0.55922
30.61,30.61,-0.706184,-0.707284,0.038612,0.038523,-0.488131,-0.489393
29.74,29.73,-0.705511,-0.706099,0.08794,0.087598,-0.483559,-0.483568
30.36,30.36,-0.723962,-0.722872,0.035606,0.035775,-0.492827,-0.491594
29.51,29.52,-0.705523,-0.706096,0.087927,0.087385,-0.482558,-0.482879
22.45,22.45,-0.460089,-0.459801,0.089845,0.088984,-0.564551,-0.564213
30.54,30.54,-0.606203,-0.619235,0.133073,0.129625,-0.555814,-0.559102
30.21,30.21,-0.703683,-0.703268,0.046666,0.045784,-0.493527,-0.49178
30.33,30.31,-0.706512,-0.705439,0.086422,0.087255,-0.482082,-0.48265
29.79,29.79,-0.706505,-0.705538,0.088434,0.088103,-0.483562,-0.483047
29.21,29.21,0.399791,0.399456,-0.618825,-0.619129,-0.547078,-0.545922
29.86,29.86,-0.725288,-0.722352,0.0814,0.082861,-0.485308,-0.48477
30.46,30.47,-0.621061,-0.6207,0.128018,0.129321,-0.554999,-0.555437
30.72,30.71,-0.713055,-0.712136,0.034644,0.03493,-0.492242,-0.490869
30.46,30.46,-0.637876,-0.624041,0.126993,0.128975,-0.558162,-0.555034
30.21,30.21,-0.70267,-0.70351,0.046189,0.04623,-0.495027,-0.492073
30.57,30.57,-0.688371,-0.687985,0.046165,0.045364,-0.488391,-0.488432
30.7,30.7,-0.690323,-0.690591,0.042678,0.042839,-0.489449,-0.487907
30.09,30.09,-0.70646,-0.705912,0.086974,0.087211,-0.486584,-0.483656
28.61,28.61,-0.075627,-0.075548,-0.749942,-0.750414,-0.538167,-0.537871
29.18,29.18,0.401786,0.402365,-0.618806,-0.620544,-0.548062,-0.546419
30.72,30.71,-0.707655,-0.706956,0.036617,0.037717,-0.488667,-0.488704
28.43,28.44,-0.658714,-0.659787,-0.433641,-0.45483,-0.229105,-0.199973
29.53,29.53,-0.706523,-0.706082,0.088416,0.088141,-0.48206,-0.483958
28.62,28.62,-0.080083,-0.080727,-0.711333,-0.712282,-0.514728,-0.51482
25.66,25.64,-1.609515,-1.651359,-1.210512,-1.21293,0.870795,0.852147
30.37,30.37,-0.72526,-0.726482,0.07842,0.078774,-0.486343,-0.485893
30.3,30.3,-0.715066,-0.714911,0.03862,0.038711,-0.491714,-0.493064
28.92,28.92,0.307937,0.307732,-0.656417,-0.655056,-0.561324,-0.562623
30.61,30.63,-0.706184,-0.706183,0.039615,0.038517,-0.48862,-0.489399
30.46,30.46,-0.706182,-0.705971,0.038113,0.039821,-0.488136,-0.489122
30.45,30.44,-0.621599,-0.621361,0.132487,0.130155,-0.55345,-0.554476
30.64,30.64,-0.70767,-0.707893,0.037104,0.037258,-0.48766,-0.488942
30.51,30.49,-0.706177,-0.70688,0.036112,0.036858,-0.487658,-0.488507
30.3,30.3,-0.684419,-0.685988,0.048673,0.049226,-0.488328,-0.489583
29.18,29.18,0.400773,0.399567,-0.619332,-0.619217,-0.546073,-0.545236
27.68,27.75,-0.10994,-0.042636,0.852164,0.807703,-0.088561,-0.225525
30.43,30.45,-0.621066,-0.621984,0.129015,0.129011,-0.554988,-0.554931
28.48,28.49,0.141049,0.141905,-0.93517,-0.936338,-0.578954,-0.580333
30.69,30.69,-0.694763,-0.695076,0.039675,0.040461,-0.490023,-0.489907
30.73,30.72,-0.706669,-0.706533,0.037618,0.037936,-0.488647,-0.489313
28.48,28.5,0.142068,0.142473,-0.935641,-0.936428,-0.580954,-0.580073
30.69,30.69,-0.695261,-0.6964,0.040172,0.040595,-0.490022,-0.491164
29.2,29.2,0.400761,0.400236,-0.619344,-0.619662,-0.545072,-0.546593
30.4,30.43,-0.621562,-0.622541,0.129014,0.128772,-0.554992,-0.554682
30.39,30.39,-0.705173,-0.704615,0.04064,0.04216,-0.490603,-0.490301
29.66,29.66,-0.702577,-0.703622,0.090919,0.089606,-0.481496,-0.48136
29.89,29.89,-0.724323,-0.722541,0.082882,0.084024,-0.48378,-0.484438
30.1,30.12,-0.704003,-0.704729,0.087464,0.088077,-0.485054,-0.483541
30.63,30.63,-0.70717,-0.706926,0.038614,0.039343,-0.48864,-0.489486
28.89,28.9,0.300704,0.38448,-0.675284,-0.647834,-0.529044,-0.502916
29.88,29.88,-0.718861,-0.71756,0.083413,0.082395,-0.484728,-0.486391
30.31,30.31,-0.704519,-0.705385,0.088947,0.087395,-0.48404,-0.482232
30.33,30.32,-0.694633,-0.695247,0.089957,0.088687,-0.481939,-0.481047
30.49,30.49,-0.719037,-0.719486,0.036093,0.035392,-0.490274,-0.488904
29.66,29.66,-0.69712,-0.697118,0.09044,0.091497,-0.481454,-0.480085
30.21,30.21,-0.688184,-0.690155,0.091489,0.091093,-0.482867,-0.481201
29.6,29.59,-0.69017,-0.69366,0.090977,0.09128,-0.48239,-0.483418
30.31,30.31,-0.686383,-0.6874,0.049687,0.04875,-0.490338,-0.489065
30.21,30.21,-0.704669,-0.703521,0.044661,0.046074,-0.493058,-0.4919
30.51,30.51,-0.723984,-0.72472,0.033077,0.033067,-0.489851,-0.490934
30.33,30.33,-0.70623,-0.705405,0.043581,0.043574,-0.486572,-0.487908
29.0,29.0,0.649053,0.648585,-0.473565,-0.473844,-0.47615,-0.477113
30.16,30.14,-0.716861,-0.710949,0.08494,0.085115,-0.486697,-0.485657
30.73,30.72,-0.691814,-0.69113,0.042168,0.042818,-0.488967,-0.488433
29.2,29.2,0.399784,0.399658,-0.619834,-0.619636,-0.546088,-0.546848
30.46,30.47,-0.706671,-0.706528,0.03912,0.039717,-0.489131,-0.489729
30.37,30.37,-0.705179,-0.705734,0.040634,0.041826,-0.490103,-0.490314
30.48,30.48,-0.705177,-0.706069,0.040135,0.040739,-0.490108,-0.490434
29.77,29.77,-0.706037,-0.706051,0.087908,0.088043,-0.48106,-0.483628
28.56,28.56,-0.067875,-0.067297,-0.723517,-0.724459,-0.534795,-0.534626
30.48,30.48,-0.705682,-0.705478,0.040626,0.040466,-0.489606,-0.490753
30.64,30.64,-0.626965,-0.622531,0.123027,0.125975,-0.556609,-0.551839
30.34,30.34,-0.721811,-0.721415,0.073398,0.073579,-0.482363,-0.482362
30.39,30.4,-0.624491,-0.627976,0.125037,0.127191,-0.557066,-0.555179
30.63,30.64,-0.70765,-0.707065,0.039128,0.038159,-0.490141,-0.489751
30.69,30.69,-0.696725,-0.69877,0.039187,0.038871,-0.491548,-0.489981
30.33,30.33,-0.712624,-0.711408,0.043105,0.042054,-0.49064,-0.489039
29.07,29.07,0.415896,0.418129,-0.630561,-0.629608,-0.561596,-0.563835
30.3,30.28,-0.690822,-0.689046,0.048691,0.048804,-0.49189,-0.489474
29.04,29.04,0.393082,0.392767,-0.604067,-0.605115,-0.531943,-0.532012
30.1,30.08,-0.704511,-0.705466,0.087451,0.087815,-0.484057,-0.482318
30.39,30.38,-0.706022,-0.70596,0.087421,0.087599,-0.482067,-0.483632
30.73,30.72,-0.707126,-0.706851,0.03615,0.036375,-0.491172,-0.491092
30.45,30.45,-0.614081,-0.613005,0.133097,0.132007,-0.56039,-0.561966
30.54,30.52,-0.620571,-0.620334,0.128014,0.129252,-0.554494,-0.556226
30.34,30.34,-0.694634,-0.695853,0.08795,0.087305,-0.48096,-0.480778
30.21,30.21,-0.702719,-0.703144,0.045137,0.045805,-0.490531,-0.491814
29.6,29.6,-0.70702,-0.706341,0.087411,0.087397,-0.481575,-0.483933
29.13,29.13,0.399295,0.399378,-0.618827,-0.619329,-0.547082,-0.545094
30.39,30.39,-0.705161,-0.705007,0.040652,0.041676,-0.491605,-0.491296
28.85,28.84,-0.245702,-0.233247,-0.591142,-0.590575,-0.566896,-0.572367
30.49,30.49,-0.707678,-0.707205,0.037596,0.037109,-0.487153,-0.488763
30.21,30.22,-0.69284,-0.693043,0.049651,0.04946,-0.489392,-0.489772
29.5,29.5,-0.706022,-0.706564,0.087421,0.087507,-0.482067,-0.483177
28.27,28.28,-0.41365,-0.420146,-0.501372,-0.439438,-0.536284,-0.572774
30.42,30.42,-0.705696,-0.705379,0.042116,0.041299,-0.489089,-0.490748
30.48,30.48,-0.619566,-0.620929,0.130036,0.129225,-0.556466,-0.556206
30.14,30.14,-0.702237,-0.703455,0.047633,0.045889,-0.490499,-0.492332
30.54,30.55,-0.630899,-0.614162,0.127055,0.130522,-0.561106,-0.557029
30.58,30.58,-0.695261,-0.69498,0.041175,0.041411,-0.490511,-0.489665
30.48,30.47,-0.620051,-0.620349,0.12804,0.129497,-0.556493,-0.555883
30.48,30.48,-0.705189,-0.704967,0.040123,0.040879,-0.489107,-0.489291
29.92,29.93,-0.71734,-0.7183,0.08295,0.082176,-0.487224,-0.485864
30.58,30.58,-0.718574,-0.718799,0.037568,0.035624,-0.48825,-0.488023
25.59,25.41,-0.019631,-0.095867,0.995013,0.979548,-0.034067,-0.004727
30.61,30.61,-0.70764,-0.707198,0.040643,0.038275,-0.491627,-0.489896
24.08,24.08,-0.444046,-0.44385,0.123686,0.124367,-0.553009,-0.55564
30.34,30.34,-0.714564,-0.715989,0.039631,0.037944,-0.4927,-0.492611
30.48,30.47,-0.605744,-0.61427,0.132035,0.130324,-0.552316,-0.554633
30.37,30.38,-0.705158,-0.705212,0.041157,0.041524,-0.4921,-0.490729
28.8,28.8,-0.133572,-0.132238,-0.727098,-0.725263,-0.758297,-0.757418
29.66,29.67,-0.719877,-0.720361,0.085891,0.083028,-0.483707,-0.483859
29.86,29.86,-0.726301,-0.725203,0.081877,0.081928,-0.483808,-0.485281
30.36,30.36,-0.719036,-0.719932,0.0381,0.037863,-0.491253,-0.490437
30.39,30.39,-0.606753,-0.62625,0.132014,0.128215,-0.550822,-0.554826
30.51,30.51,-0.715561,-0.715102,0.035109,0.035424,-0.490255,-0.491811
30.24,30.24,-0.690834,-0.690271,0.048679,0.0491,-0.490888,-0.491685
30.64,30.65,-0.706674,-0.706851,0.038616,0.037789,-0.488636,-0.488381
29.93,29.93,-0.717417,-0.717402,0.085882,0.085305,-0.482183,-0.483166
30.6,30.6,-0.707639,-0.706931,0.037134,0.037002,-0.490164,-0.48805
30.36,30.34,-0.643335,-0.62171,0.126967,0.129435,-0.557709,-0.553606
29.53,29.54,-0.706986,-0.707624,0.087946,0.086928,-0.484573,-0.483504
29.5,29.5,-0.705994,-0.705755,0.084441,0.08535,-0.483102,-0.48355
30.52,30.51,-0.72647,-0.725028,0.033062,0.033616,-0.489372,-0.490279
30.48,30.48,-0.705195,-0.70571,0.040117,0.040722,-0.488606,-0.490532
30.4,30.4,-0.721795,-0.721838,0.07943,0.080089,-0.486301,-0.485958
28.43,28.43,0.136579,0.1366,-0.933691,-0.934196,-0.578976,-0.578812
28.55,28.55,-0.205494,-0.206456,0.647686,0.647532,-0.583069,-0.582172
30.22,30.22,-0.70903,-0.708862,0.086875,0.08709,-0.479094,-0.480773
29.84,29.84,-0.706022,-0.70559,0.087421,0.08805,-0.482067,-0.483243
29.69,29.69,-0.707488,-0.706133,0.086935,0.087267,-0.483588,-0.483457
28.39,28.39,0.137547,0.13697,-0.933711,-0.933018,-0.576965,-0.577984
22.75,22.75,-0.459069,-0.458892,0.087872,0.087599,-0.566068,-0.565353
30.48,30.47,-0.709142,-0.708024,0.036612,0.03719,-0.48868,-0.488739
30.57,30.57,-0.721014,-0.720799,0.036092,0.034781,-0.490792,-0.489097
28.71,28.7,0.142685,0.142617,-0.663709,-0.663813,-0.546814,-0.545624
30.64,30.66,-0.707191,-0.706841,0.039094,0.038301,-0.487132,-0.489051
30.66,30.65,-0.708153,-0.70764,0.037114,0.037305,-0.488666,-0.489025
30.12,30.11,-0.702682,-0.703055,0.04718,0.046881,-0.494515,-0.49385
30.14,30.13,-0.706978,-0.705261,0.08645,0.087571,-0.48459,-0.483125
30.36,30.36,-0.634985,-0.615454,0.127924,0.130075,-0.551615,-0.552533
30.7,30.7,-0.703676,-0.70039,0.037647,0.038701,-0.490123,-0.490879
30.57,30.57,-0.708156,-0.706998,0.037612,0.037143,-0.48866,-0.48866
30.13,30.13,-0.697575,-0.700996,0.088474,0.088029,-0.483985,-0.48419
29.02,29.02,0.683595,0.681972,-0.485641,-0.486658,-0.498025,-0.499002
30.4,30.4,-0.705184,-0.705487,0.039126,0.040763,-0.489118,-0.489778
29.86,29.86,-0.714377,-0.71112,0.083952,0.084967,-0.486686,-0.48544
29.74,29.75,-0.70552,-0.70593,0.088432,0.088261,-0.483053,-0.483509
30.48,30.48,-0.705186,-0.70531,0.039624,0.040767,-0.489112,-0.489642
29.48,29.47,-0.706506,-0.706436,0.087431,0.087757,-0.483073,-0.483619
30.3,30.3,-0.691816,-0.692193,0.048183,0.047093,-0.491404,-0.492141
30.33,30.34,-0.70009,-0.701094,0.088428,0.087895,-0.481002,-0.480952
29.71,29.7,-0.705528,-0.705824,0.088925,0.087672,-0.482546,-0.48339
30.46,30.47,-0.623078,-0.622702,0.127476,0.125802,-0.552017,-0.552439
29.66,29.66,-0.685734,-0.688645,0.093475,0.093092,-0.481321,-0.481907
29.2,29.2,0.402777,0.402702,-0.619805,-0.619003,-0.547564,-0.547065
30.46,30.46,-0.704705,-0.706556,0.040113,0.040174,-0.488101,-0.490896
28.64,28.66,0.14169,0.142792,-0.663214,-0.664011,-0.546818,-0.545279
30.31,30.3,-0.714384,-0.713908,0.072915,0.074239,-0.481302,-0.483447
30.51,30.51,-0.707165,-0.707054,0.036613,0.036425,-0.488162,-0.488644
30.48,30.48,-0.705194,-0.705084,0.041121,0.040506,-0.489095,-0.489372
30.52,30.53,-0.626494,-0.621661,0.132029,0.13006,-0.558507,-0.558732
30.45,30.46,-0.619086,-0.620106,0.129522,0.129474,-0.554965,-0.555891
30.51,30.51,-0.617583,-0.618099,0.131047,0.130552,-0.556938,-0.557433
30.09,30.09,-0.708433,-0.71102,0.084972,0.084714,-0.486623,-0.48462
30.3,30.3,-0.713386,-0.714383,0.072925,0.074364,-0.481794,-0.483184
29.07,29.07,0.396715,0.395891,-0.611415,-0.609894,-0.542012,-0.541416
28.5,28.51,0.317217,0.194336,-0.53369,-0.572578,-0.644502,-0.593327
29.65,29.65,-0.686729,-0.689726,0.092967,0.092401,-0.480834,-0.482054
30.7,30.7,-0.707677,-0.707186,0.039603,0.037469,-0.488132,-0.488448
30.43,30.43,-0.613062,-0.613606,0.133629,0.132154,-0.56288,-0.561519
30.6,30.6,-0.705184,-0.706582,0.039126,0.038493,-0.489118,-0.489237
30.6,30.6,-0.71951,-0.720663,0.034109,0.03515,-0.491303,-0.488626
30.48,30.48,-0.708165,-0.707933,0.037102,0.037187,-0.487664,-0.488047
30.66,30.67,-0.719511,-0.718939,0.032102,0.032412,-0.490324,-0.490611
30.33,30.33,-0.702268,-0.702081,0.045596,0.045234,-0.487016,-0.488831
22.36,22.35,-0.455606,-0.455831,0.084868,0.086451,-0.564068,-0.563837
30.6,30.61,-0.687853,-0.689577,0.044184,0.044679,-0.489411,-0.489255
28.44,28.44,-0.208749,-0.220806,-0.772237,-0.771876,-0.467951,-0.453531
30.1,30.1,-0.702188,-0.701444,0.048684,0.048076,-0.494994,-0.494769
30.54,30.54,-0.626459,-0.612122,0.129055,0.130974,-0.560043,-0.557828
30.37,30.38,-0.71885,-0.718013,0.080415,0.080994,-0.484261,-0.486081
30.69,30.7,-0.71359,-0.713273,0.035105,0.034499,-0.489236,-0.491445
30.16,30.16,-0.704176,-0.70314,0.045162,0.04631,-0.493048,-0.491924
30.34,30.34,-0.714576,-0.716123,0.038616,0.037477,-0.491209,-0.491977
30.39,30.38,-0.631954,-0.624772,0.126487,0.128288,-0.555612,-0.554151
30.49,30.49,-0.619549,-0.620273,0.129051,0.129344,-0.557478,-0.555924
30.48,30.49,-0.618563,-0.618469,0.129049,0.129666,-0.556969,-0.555599
30.37,30.37,-0.70568,-0.705919,0.042633,0.042396,-0.490585,-0.490029
29.57,29.57,-0.691687,-0.69251,0.091945,0.092629,-0.480388,-0.481089
29.53,29.53,-0.694611,-0.691403,0.09048,0.09121,-0.483936,-0.483054
29.56,29.56,-0.723347,-0.721898,0.083372,0.083639,-0.482764,-0.48337
30.49,30.49,-0.706193,-0.705687,0.039104,0.040009,-0.487624,-0.488486
30.58,30.58,-0.707192,-0.706792,0.037088,0.037759,-0.486153,-0.488797
29.16,29.16,0.399757,0.399378,-0.619359,-0.618937,-0.544079,-0.544508
30.66,30.66,-0.615175,-0.615769,0.128479,0.128001,-0.549933,-0.549774
30.1,30.09,-0.702696,-0.701734,0.04867,0.048674,-0.493997,-0.494394
30.52,30.51,-0.623554,-0.62372,0.124987,0.125354,-0.552551,-0.552923
29.79,29.8,-0.706508,-0.705846,0.08793,0.08789,-0.483067,-0.482871
30.37,30.38,-0.620133,-0.622604,0.131969,0.12937,-0.55144,-0.553459
29.59,29.58,-0.70502,-0.704916,0.088939,0.087345,-0.483543,-0.483696
30.49,30.49,-0.620098,-0.619738,0.131002,0.129652,-0.553955,-0.555244
30.6,30.6,-0.704215,-0.703802,0.041112,0.041567,-0.488085,-0.487575
30.45,30.45,-0.636894,-0.620954,0.125483,0.12913,-0.556668,-0.55492
30.68,30.68,-0.708173,-0.706817,0.039601,0.0383,-0.488137,-0.489402
30.52,30.53,-0.619578,-0.619334,0.130024,0.129766,-0.555464,-0.556286
30.42,30.42,-0.704209,-0.704989,0.041118,0.041007,-0.488586,-0.490012
26.57,26.53,8.788563,9.353098,4.897806,5.173357,-5.270742,-6.009301
30.61,30.61,-0.705198,-0.706131,0.039613,0.038966,-0.488111,-0.488557
30.51,30.52,-0.707672,-0.70705,0.037602,0.037698,-0.487654,-0.488339
30.64,30.65,-0.706671,-0.706554,0.03912,0.039049,-0.489131,-0.489361
30.39,30.37,-0.693792,-0.694266,0.044672,0.044602,-0.490459,-0.491891
30.39,30.41,-0.621559,-0.621776,0.129518,0.129197,-0.555487,-0.554992
30.33,30.32,-0.704024,-0.705353,0.086941,0.087905,-0.483057,-0.482687
29.09,29.09,0.384596,0.383478,-0.601148,-0.600342,-0.528477,-0.528693
28.92,28.92,0.456397,0.462241,-0.531836,-0.528504,-0.755469,-0.751879
30.6,30.62,-0.70618,-0.707013,0.04012,0.038823,-0.489115,-0.488576
30.51,30.51,-0.705192,-0.70558,0.040622,0.040695,-0.489101,-0.487776
30.19,30.19,-0.694806,-0.695146,0.047655,0.04889,-0.489933,-0.490283
28.64,28.64,-0.077002,-0.076995,-0.724252,-0.724486,-0.517853,-0.517841
30.6,30.6,-0.706164,-0.705877,0.037127,0.037444,-0.489149,-0.487616
30.49,30.49,-0.706678,-0.707468,0.037108,0.037158,-0.487651,-0.487983
29.74,29.74,-0.705482,-0.705707,0.085963,0.087559,-0.485084,-0.48354
30.49,30.51,-0.620538,-0.619687,0.128548,0.129488,-0.557492,-0.556112
28.65,28.65,-0.072108,-0.073261,-0.749881,-0.750685,-0.542143,-0.540759
28.64,28.65,-0.075982,-0.075237,-0.722716,-0.723826,-0.520832,-0.521264
30.7,30.7,-0.707146,-0.707722,0.037634,0.037251,-0.490154,-0.48832
30.6,30.6,-0.70666,-0.706751,0.038129,0.038944,-0.489643,-0.489429
29.86,29.86,-0.711912,-0.710823,0.085452,0.085329,-0.486147,-0.485112
30.72,30.72,-0.691321,-0.690672,0.042669,0.042665,-0.488957,-0.48806
30.45,30.45,-0.622055,-0.620653,0.128513,0.129389,-0.555002,-0.555681
30.58,30.58,-0.707675,-0.706808,0.038101,0.037562,-0.487648,-0.488564
30.33,30.32,-0.706489,-0.706133,0.084439,0.086441,-0.483106,-0.482715
30.58,30.58,-0.706204,-0.708089,0.041099,0.039838,-0.487602,-0.487432
28.57,28.57,-0.358706,-0.350768,0.514199,0.513796,-0.606447,-0.584169
30.6,30.6,-0.707136,-0.706311,0.040152,0.038998,-0.492128,-0.490086
30.25,30.25,-0.68736,-0.686909,0.049197,0.049835,-0.491354,-0.490416
30.64,30.64,-0.707659,-0.707735,0.035109,0.037348,-0.487682,-0.48891
30.51,30.52,-0.618542,-0.618457,0.128568,0.129633,-0.558477,-0.557001
30.43,30.46,-0.631445,-0.622245,0.127504,0.128942,-0.557098,-0.555104
30.54,30.56,-0.602741,-0.624306,0.133578,0.128844,-0.555278,-0.560101
29.2,29.2,0.401266,0.401469,-0.618832,-0.619142,-0.546063,-0.546736
30.63,30.63,-0.708634,-0.707673,0.037629,0.037055,-0.490167,-0.488617
30.63,30.63,-0.706686,-0.706526,0.038604,0.038741,-0.487634,-0.488242
28.56,28.48,-0.319994,-0.311382,-0.439421,-0.498212,-0.640454,-0.608829
30.7,30.7,-0.698743,-0.696057,0.041151,0.040417,-0.48954,-0.489936
29.51,29.52,-0.70699,-0.707193,0.087441,0.087269,-0.484078,-0.483942
30.57,30.59,-0.70763,-0.707524,0.037644,0.0371,-0.491159,-0.489432
30.63,30.63,-0.707663,-0.706831,0.038113,0.03767,-0.48865,-0.488397
29.83,29.84,-0.705015,-0.705666,0.087941,0.087396,-0.483555,-0.483597
30.37,30.37,-0.712076,-0.710968,0.039148,0.039124,-0.493185,-0.492539
30.48,30.48,-0.70518,-0.705768,0.03963,0.040052,-0.489613,-0.488792
30.48,30.48,-0.704671,-0.705838,0.041651,0.040016,-0.491589,-0.490741
30.49,30.5,-0.70766,-0.707388,0.037614,0.037736,-0.488656,-0.488301
30.43,30.44,-0.708151,-0.707951,0.036615,0.036482,-0.488671,-0.488681
30.43,30.43,-0.706171,-0.704994,0.04063,0.041264,-0.490111,-0.489768
30.37,30.37,-0.621604,-0.62156,0.128972,0.128745,-0.551486,-0.553768
30.21,30.21,-0.704191,-0.703863,0.045649,0.045309,-0.492041,-0.492773
29.79,29.79,-0.706515,-0.706345,0.08692,0.087715,-0.482077,-0.483794
30.55,30.55,-0.630943,-0.627274,0.128515,0.129161,-0.558084,-0.557549
30.54,30.54,-0.622567,-0.623634,0.125988,0.125703,-0.552531,-0.552818
30.36,30.36,-0.719502,-0.719387,0.036122,0.03632,-0.492782,-0.492188
30.09,30.09,-0.701723,-0.702591,0.048656,0.048296,-0.492486,-0.493529
29.88,29.87,-0.726257,-0.724823,0.083926,0.082089,-0.488293,-0.484785
30.09,30.09,-0.702221,-0.702646,0.049153,0.047924,-0.492485,-0.493309
28.61,28.61,-0.070652,-0.071586,-0.751912,-0.75083,-0.538647,-0.538533
30.68,30.68,-0.690358,-0.691896,0.044649,0.042471,-0.487424,-0.488043
29.53,29.53,-0.706005,-0.707138,0.090948,0.089061,-0.485032,-0.48072
30.46,30.46,-0.707164,-0.707043,0.037616,0.037143,-0.488651,-0.488235
23.19,23.19,-1.258167,0.746699,-3.661987,-1.283609,-5.314722,-3.644972
30.3,30.32,-0.705037,-0.704974,0.087419,0.087452,-0.481557,-0.482243
30.04,30.04,-0.701194,-0.701851,0.048189,0.04845,-0.494991,-0.49281
29.68,29.68,-0.694144,-0.69733,0.092458,0.091792,-0.482407,-0.481546
29.53,29.53,-0.704537,-0.705616,0.087925,0.088179,-0.482048,-0.48233
30.52,30.51,-0.624047,-0.623494,0.124486,0.125975,-0.55256,-0.552148
29.74,29.75,-0.692167,-0.696128,0.09246,0.088302,-0.481889,-0.484615
30.31,30.3,-0.718806,-0.716755,0.073439,0.07309,-0.484841,-0.48375
30.28,30.28,-0.713382,-0.713108,0.073429,0.074836,-0.482289,-0.481389
28.5,28.5,-0.127785,-0.127568,0.68044,0.679066,-0.58603,-0.584942
29.03,29.03,0.388036,0.389406,-0.601165,-0.600998,-0.525943,-0.525313
29.93,29.93,-0.710003,-0.708942,0.087893,0.08739,-0.481094,-0.482468
30.72,30.72,-0.707128,-0.706623,0.037652,0.036436,-0.491656,-0.491104
30.7,30.71,-0.705683,-0.706876,0.037616,0.037634,-0.488137,-0.488774
30.58,30.58,-0.70766,-0.707544,0.038618,0.037281,-0.489145,-0.488303
30.49,30.5,-0.70766,-0.707116,0.037614,0.037099,-0.488656,-0.4879
30.37,30.37,-0.687904,-0.688276,0.049147,0.048568,-0.487352,-0.488298
28.94,28.94,0.29728,0.29728,-0.639151,-0.639857,-0.5487,-0.548442
30.42,30.42,-0.622575,-0.622142,0.129491,0.128917,-0.553493,-0.554592
30.36,30.35,-0.612682,-0.632097,0.131511,0.127466,-0.552382,-0.555732
29.75,29.74,-0.705033,-0.706161,0.088927,0.087891,-0.482542,-0.48349
29.24,29.24,0.39827,0.399478,-0.618362,-0.619126,-0.544581,-0.546168
30.64,30.65,-0.706687,-0.706493,0.0376,0.038835,-0.487145,-0.488536
30.6,30.6,-0.69877,-0.699606,0.042629,0.043044,-0.488021,-0.487127
28.48,28.49,-0.618556,-0.62786,-0.415967,-0.422761,-0.318213,-0.2893
29.2,29.22,0.39977,0.399637,-0.618344,-0.619291,-0.54557,-0.544836
30.22,30.23,-0.72199,-0.717372,0.037609,0.039925,-0.492787,-0.493126
29.81,29.81,-0.705022,-0.706298,0.086932,0.087381,-0.482564,-0.483873
28.44,28.44,0.134622,0.13604,-0.93618,-0.934148,-0.580024,-0.578025
29.69,29.68,-0.719878,-0.719508,0.084888,0.083804,-0.483217,-0.484258
30.51,30.51,-0.726431,-0.723217,0.031596,0.033976,-0.491892,-0.49057
30.52,30.52,-0.632368,-0.631952,0.127068,0.128388,-0.562621,-0.561536
30.49,30.5,-0.69331,-0.691517,0.042655,0.043924,-0.488474,-0.48929
30.7,30.7,-0.706678,-0.70678,0.038111,0.037962,-0.488141,-0.48904
30.1,30.1,-0.701723,-0.701766,0.048656,0.048421,-0.492486,-0.493706
28.47,28.45,-0.344955,-0.341792,0.365155,0.357122,-0.693666,-0.696199
30.64,30.64,-0.707657,-0.70727,0.038119,0.038773,-0.489151,-0.489085
30.54,30.54,-0.707186,-0.706678,0.037094,0.037494,-0.486654,-0.488233
30.13,30.12,-0.690624,-0.689204,0.090014,0.092053,-0.48541,-0.483236
29.2,29.2,0.400787,0.400525,-0.620822,-0.619683,-0.546591,-0.544722
29.16,29.16,0.400773,0.399582,-0.619332,-0.619527,-0.546073,-0.544704
30.49,30.49,-0.622063,-0.621041,0.131012,0.130009,-0.555474,-0.556303
30.48,30.48,-0.707681,-0.706961,0.039099,0.037347,-0.487637,-0.488142
30.21,30.22,-0.691843,-0.690139,0.049661,0.049931,-0.489884,-0.489832
29.12,29.13,0.399288,0.400008,-0.619836,-0.619572,-0.546092,-0.545832
30.72,30.71,-0.704195,-0.706365,0.038625,0.038052,-0.488614,-0.488519
30.16,30.15,-0.703214,-0.703756,0.047143,0.046271,-0.491514,-0.491785
25.15,25.14,-0.663023,-0.670628,0.730592,0.721716,0.351039,0.34383
30.3,30.32,-0.706137,-0.703835,0.041165,0.042179,-0.49311,-0.491641
28.85,28.85,0.082696,0.080088,-0.649468,-0.657381,-0.799116,-0.782985
30.48,30.48,-0.69527,-0.694395,0.041668,0.042175,-0.490005,-0.489591
30.43,30.44,-0.62058,-0.620614,0.128506,0.129094,-0.553987,-0.555974
30.57,30.55,-0.714109,-0.712577,0.037086,0.038691,-0.488217,-0.488065
30.63,30.63,-0.606256,-0.618334,0.128507,0.126108,-0.549355,-0.552077
30.66,30.65,-0.705178,-0.706843,0.038128,0.038685,-0.489129,-0.489052
30.24,30.24,-0.690859,-0.691316,0.05116,0.049413,-0.489859,-0.489878
30.72,30.71,-0.706185,-0.706334,0.037608,0.038359,-0.487641,-0.489557
30.51,30.51,-0.696302,-0.696739,0.04363,0.044289,-0.487487,-0.487709
29.56,29.55,-0.707476,-0.706372,0.086946,0.087432,-0.484589,-0.483497
29.51,29.53,-0.706013,-0.706023,0.087932,0.087971,-0.483063,-0.483879
29.5,29.51,-0.714955,-0.712186,0.08788,0.087105,-0.481638,-0.48269
30.61,30.61,-0.70618,-0.706131,0.036611,0.037517,-0.487653,-0.487526
30.34,30.35,-0.718003,-0.716774,0.037143,0.036922,-0.49426,-0.492053
29.18,29.18,0.401264,0.401601,-0.617329,-0.618906,-0.546547,-0.544674
30.37,30.37,-0.688346,-0.687921,0.047192,0.048458,-0.490884,-0.488537
25.89,25.88,-0.07182,-0.071312,0.957597,0.946568,0.033676,0.017076
30.07,30.07,-0.703691,-0.702735,0.047158,0.04655,-0.493021,-0.49313
30.39,30.38,-0.604746,-0.614326,0.133048,0.129641,-0.553298,-0.552973
30.22,30.22,-0.711432,-0.711794,0.083934,0.084413,-0.484157,-0.484776
30.63,30.65,-0.707674,-0.707435,0.040108,0.038821,-0.488627,-0.489812
29.5,29.5,-0.720882,-0.722207,0.083868,0.083791,-0.481735,-0.485329
30.46,30.46,-0.602775,-0.61979,0.13204,0.129409,-0.551789,-0.554521
30.51,30.48,-0.620586,-0.621092,0.1285,0.129144,-0.553487,-0.554926
30.66,30.65,-0.706166,-0.706636,0.03863,0.038884,-0.489633,-0.489003
30.31,30.31,-0.687862,-0.688312,0.049189,0.049599,-0.490857,-0.489028
30.58,30.58,-0.708146,-0.706944,0.039126,0.037775,-0.490145,-0.488938
30.09,30.1,-0.702217,-0.701423,0.050661,0.049256,-0.493469,-0.493759
29.21,29.21,0.399754,0.399248,-0.619864,-0.61922,-0.543584,-0.545504
30.63,30.63,-0.706659,-0.70676,0.039132,0.038333,-0.490133,-0.488815
30.45,30.45,-0.605252,-0.611536,0.131532,0.130653,-0.551816,-0.554125
28.61,28.61,-0.074568,-0.07474,-0.754385,-0.753435,-0.541714,-0.541069
30.45,30.45,-0.622055,-0.620613,0.129516,0.129209,-0.555491,-0.556439
30.61,30.61,-0.707179,-0.706356,0.039106,0.03923,-0.488134,-0.488596
30.63,30.63,-0.706653,-0.707367,0.038135,0.036428,-0.490144,-0.488581
30.7,30.7,-0.706188,-0.706957,0.038107,0.037276,-0.487636,-0.488864
30.52,30.52,-0.619563,-0.619326,0.130541,0.129829,-0.556961,-0.556586
29.5,29.52,-0.709457,-0.694039,0.085437,0.091061,-0.484123,-0.482708
30.12,30.12,-0.705015,-0.705962,0.087941,0.087452,-0.483555,-0.482552
30.49,30.5,-0.717004,-0.718158,0.033643,0.033866,-0.49329,-0.491439
22.43,22.43,-0.459591,-0.459969,0.088345,0.088257,-0.564063,-0.563131
29.98,29.99,-0.70403,-0.705367,0.086935,0.087629,-0.482556,-0.483857
30.34,30.36,-0.688871,-0.687241,0.049167,0.048937,-0.489363,-0.488771
29.2,29.2,0.399787,0.400323,-0.620333,-0.619493,-0.546093,-0.546099
30.21,30.21,-0.689682,-0.690252,0.092475,0.09118,-0.482368,-0.481046
29.21,29.21,0.399289,0.399087,-0.618833,-0.619217,-0.546582,-0.54535
30.43,30.43,-0.706669,-0.705955,0.043134,0.040789,-0.491089,-0.490819
30.42,30.44,-0.608718,-0.619998,0.132024,0.129378,-0.552342,-0.554143
29.92,29.92,-0.714386,-0.715236,0.084445,0.084163,-0.48618,-0.485419
30.51,30.51,-0.706649,-0.706774,0.036134,0.037285,-0.489665,-0.488381
30.58,30.58,-0.694818,-0.694271,0.044134,0.044228,-0.487468,-0.487638
30.4,30.4,-0.704206,-0.705435,0.041623,0.041418,-0.489081,-0.489876
25.63,25.63,-1.661483,-1.670865,-1.216648,-1.184147,0.824694,0.831702
29.51,29.51,-0.725802,-0.724764,0.082384,0.082986,-0.484299,-0.485089
29.57,29.56,-0.707503,-0.707147,0.087421,0.08687,-0.48258,-0.483881
30.43,30.43,-0.639351,-0.634765,0.127,0.127119,-0.559176,-0.556761
30.48,30.48,-0.705685,-0.705741,0.039118,0.040575,-0.488622,-0.489973
30.72,30.72,-0.706687,-0.706899,0.0376,0.037871,-0.487145,-0.487729
30.1,30.12,-0.705012,-0.705444,0.087443,0.087717,-0.48356,-0.483691
30.46,30.45,-0.63936,-0.618937,0.126489,0.129307,-0.558181,-0.554505
29.68,29.68,-0.712896,-0.712827,0.083952,0.084594,-0.486173,-0.483936
30.4,30.39,-0.63394,-0.626031,0.125975,0.128102,-0.555134,-0.554896
28.94,28.94,0.295785,0.297222,-0.640166,-0.639731,-0.547722,-0.548617
30.6,30.6,-0.707654,-0.706704,0.03762,0.039728,-0.489156,-0.490717
30.48,30.48,-0.705154,-0.703879,0.038152,0.038629,-0.491132,-0.491807
30.68,30.68,-0.712584,-0.713392,0.034621,0.034282,-0.490235,-0.490486
28.52,28.52,-0.117931,-0.11858,0.68493,0.684812,-0.582888,-0.582865
30.14,30.14,-0.703683,-0.703485,0.045662,0.04644,-0.493038,-0.4917
28.21,28.31,-0.502216,-0.477235,-0.390203,-0.42618,-0.559837,-0.551021
29.69,29.69,-0.708466,-0.708697,0.084437,0.085658,-0.483624,-0.484815
29.86,29.86,-0.713882,-0.710065,0.082951,0.085908,-0.486192,-0.484488
30.64,30.64,-0.706187,-0.706725,0.03911,0.038614,-0.488125,-0.489382
30.72,30.72,-0.689337,-0.690115,0.043679,0.043778,-0.489429,-0.488313
30.43,30.45,-0.621547,-0.620958,0.12953,0.12931,-0.556489,-0.55584
30.64,30.64,-0.706162,-0.706635,0.040138,0.038811,-0.490618,-0.489931
30.52,30.52,-0.694328,-0.693512,0.04413,0.044662,-0.486964,-0.487817
30.31,30.3,-0.697244,-0.698639,0.045681,0.043918,-0.492481,-0.492363
29.66,29.67,-0.704005,-0.707185,0.087963,0.085703,-0.485048,-0.484335
30.45,30.45,-0.705194,-0.706109,0.041121,0.040558,-0.489095,-0.490722
30.52,30.51,-0.620063,-0.620361,0.128028,0.128853,-0.555491,-0.556236
28.41,28.56,-0.146758,-0.155079,-0.200917,-0.370971,-0.801538,-0.64906
30.72,30.72,-0.70617,-0.706628,0.038125,0.037965,-0.489138,-0.489259
30.52,30.52,-0.618565,-0.620395,0.127042,0.129286,-0.55599,-0.556106
30.24,30.24,-0.690807,-0.692082,0.047201,0.048043,-0.492408,-0.491503
30.1,30.09,-0.70549,-0.705827,0.087459,0.087062,-0.485067,-0.483702
30.4,30.38,-0.635359,-0.620708,0.124533,0.129827,-0.560171,-0.553042
30.4,30.4,-0.623058,-0.621991,0.129501,0.129361,-0.554498,-0.554571
30.55,30.57,-0.624536,-0.623598,0.125494,0.124991,-0.553555,-0.552135
30.64,30.66,-0.717053,-0.718524,0.032592,0.033149,-0.488794,-0.49124
30.4,30.4,-0.706514,-0.705662,0.087924,0.087335,-0.482566,-0.48267
29.5,29.5,-0.706977,-0.706083,0.087453,0.087239,-0.48508,-0.483532
30.58,30.58,-0.608697,-0.623414,0.127031,0.125224,-0.551897,-0.552757
29.79,29.79,-0.707509,-0.705907,0.087415,0.087247,-0.48208,-0.4833
29.0,29.0,0.643059,0.643157,-0.471123,-0.472122,-0.47367,-0.473109
30.6,30.6,-0.691825,-0.691167,0.044163,0.043577,-0.488945,-0.489391
30.7,30.7,-0.689836,-0.690606,0.044176,0.043916,-0.489428,-0.487945
30.45,30.47,-0.637377,-0.614153,0.126497,0.130111,-0.558163,-0.55472
30.37,30.37,-0.706173,-0.705772,0.042132,0.041637,-0.490595,-0.489906
30.12,30.12,-0.700724,-0.700446,0.049669,0.048949,-0.493468,-0.493198
29.12,29.07,0.352824,0.405464,-0.625389,-0.592752,-0.555574,-0.551281
30.49,30.49,-0.620547,-0.620138,0.128038,0.129034,-0.556497,-0.555876
30.66,30.66,-0.706675,-0.706824,0.037612,0.03749,-0.488146,-0.489652
30.39,30.38,-0.610192,-0.620887,0.130528,0.129167,-0.552872,-0.553877
30.18,30.18,-0.703693,-0.704064,0.045152,0.045607,-0.492042,-0.49186
30.64,30.65,-0.708152,-0.707067,0.03912,0.038367,-0.489645,-0.489644
29.5,29.5,-0.706,-0.706629,0.088947,0.087581,-0.484554,-0.482772
25.57,25.57,-5.733181,-5.408005,-5.05073,-4.646323,4.622693,4.106957
28.27,28.24,0.21472,0.21666,0.546252,0.54757,-0.558028,-0.55749
30.12,30.12,-0.688717,-0.689434,0.093957,0.092909,-0.48084,-0.481835
30.12,30.13,-0.70652,-0.705726,0.088921,0.087911,-0.482555,-0.483777
30.63,30.63,-0.706202,-0.706879,0.039597,0.039124,-0.487118,-0.489548
30.24,30.25,-0.704537,-0.704564,0.087925,0.086168,-0.482048,-0.484412
30.14,30.14,-0.704176,-0.703199,0.046165,0.046039,-0.493537,-0.491867
30.39,30.39,-0.706174,-0.705682,0.041129,0.040936,-0.490106,-0.490895
28.27,28.15,-0.401638,-0.41592,-0.34028,-0.342132,-0.65707,-0.642645
29.5,29.5,-0.701535,-0.703091,0.084956,0.084544,-0.483057,-0.482079
30.16,30.16,-0.703187,-0.703863,0.045664,0.045455,-0.493034,-0.492411
28.89,28.91,0.559257,0.587359,-0.556715,-0.532387,-0.517441,-0.511577
30.52,30.52,-0.597287,-0.602901,0.134602,0.132522,-0.555719,-0.558772
30.46,30.47,-0.705176,-0.705366,0.041138,0.040019,-0.490598,-0.48962
29.8,29.8,-0.706022,-0.706082,0.088424,0.088498,-0.482556,-0.484539
24.16,24.14,-0.190975,-0.181843,0.90934,0.902271,0.026585,-0.011508
30.49,30.5,-0.618575,-0.619824,0.13004,0.12989,-0.556457,-0.55681
30.69,30.69,-0.71505,-0.714615,0.034624,0.033913,-0.491258,-0.490832
30.73,30.73,-0.689858,-0.690672,0.04265,0.043092,-0.486941,-0.487845
30.54,30.54,-0.706681,-0.707191,0.037606,0.03759,-0.487645,-0.4877
30.55,30.55,-0.619046,-0.618369,0.130062,0.129577,-0.558464,-0.556856
29.68,29.68,-0.689674,-0.690449,0.091983,0.092118,-0.482875,-0.482374
29.13,29.13,0.398757,0.399272,-0.617867,-0.61923,-0.544071,-0.545865
30.33,30.33,-0.70601,-0.706048,0.087433,0.086823,-0.483068,-0.482555
30.1,30.12,-0.705001,-0.705623,0.086451,0.087248,-0.484072,-0.483378
29.51,29.52,-0.726282,-0.724623,0.082898,0.081754,-0.4858,-0.485969
30.52,30.52,-0.694809,-0.693427,0.043641,0.044462,-0.487975,-0.487808
30.61,30.61,-0.707654,-0.707593,0.038624,0.03855,-0.489646,-0.489271
29.81,29.8,-0.706025,-0.706653,0.087919,0.087141,-0.482061,-0.483498
30.36,30.36,-0.622565,-0.622477,0.130001,0.128692,-0.554489,-0.554207
29.68,29.68,-0.712492,-0.709839,0.087373,0.087658,-0.48012,-0.481867
30.51,30.52,-0.621047,-0.619605,0.130037,0.130027,-0.556979,-0.556521
30.72,30.71,-0.692319,-0.690602,0.041656,0.042877,-0.487976,-0.488237
30.04,30.03,-0.706016,-0.705816,0.087427,0.087534,-0.482568,-0.484403
30.63,30.63,-0.707672,-0.707608,0.037602,0.036714,-0.487654,-0.488876
30.4,30.42,-0.621077,-0.62243,0.13101,0.129512,-0.554965,-0.554393
29.66,29.66,-0.706995,-0.705732,0.087435,0.087926,-0.483578,-0.483301
28.92,28.92,-0.278871,-0.267032,-0.893564,-0.907216,-0.438379,-0.313226
30.72,30.72,-0.697312,-0.695083,0.043608,0.043674,-0.485993,-0.48705
30.37,30.38,-0.636434,-0.623185,0.126452,0.128785,-0.554148,-0.554352
23.63,23.63,6.559209,6.820769,3.076555,3.053585,-2.953604,-4.114566
30.4,30.41,-0.614692,-0.619953,0.130975,0.130367,-0.549901,-0.552929
28.74,28.75,0.143167,0.142753,-0.665725,-0.664733,-0.544829,-0.545833
30.66,30.66,-0.708147,-0.707387,0.038123,0.039111,-0.489656,-0.49063
30.39,30.38,-0.61612,-0.616865,0.129022,0.129691,-0.553943,-0.553371
30.46,30.46,-0.705682,-0.706009,0.040626,0.039447,-0.489606,-0.489522
30.49,30.49,-0.707166,-0.706964,0.035609,0.036812,-0.487672,-0.488919
30.37,30.37,-0.705663,-0.705553,0.041647,0.042026,-0.491598,-0.49022
30.27,30.27,-0.706512,-0.705979,0.086422,0.087073,-0.482082,-0.483007
30.54,30.54,-0.619554,-0.618835,0.131052,0.129866,-0.557957,-0.557012
29.23,29.23,0.39975,0.399444,-0.620369,-0.619267,-0.543089,-0.545689
30.48,30.48,-0.619585,-0.620574,0.130018,0.129841,-0.554964,-0.555094
30.69,30.69,-0.70616,-0.706578,0.038635,0.037665,-0.490134,-0.488365
30.63,30.63,-0.706161,-0.706263,0.036629,0.037795,-0.489155,-0.487825
30.39,30.39,-0.622061,-0.622262,0.128507,0.12906,-0.554501,-0.554542
30.34,30.33,-0.706506,-0.705281,0.087431,0.087797,-0.483073,-0.482026
30.63,30.63,-0.708657,-0.706952,0.038608,0.039135,-0.488653,-0.49007
30.66,30.65,-0.707155,-0.706578,0.03913,0.039039,-0.490137,-0.488946
30.61,30.61,-0.706666,-0.70691,0.038123,0.038301,-0.489142,-0.489478
30.24,30.25,-0.706025,-0.705479,0.086916,0.08715,-0.481572,-0.482566
30.46,30.46,-0.705666,-0.705794,0.041142,0.040105,-0.491103,-0.489438
30.69,30.69,-0.707129,-0.707156,0.036649,0.038152,-0.491166,-0.489617
30.43,30.43,-0.707165,-0.705542,0.041125,0.0403,-0.490114,-0.491111
29.92,29.93,-0.701558,-0.701631,0.090448,0.089111,-0.483496,-0.48225
30.52,30.53,-0.618053,-0.619282,0.128564,0.129738,-0.557972,-0.556466
28.98,28.64,0.332202,-0.035142,-0.477367,-0.458652,-0.678294,-0.727354
30.45,30.45,-0.706171,-0.705957,0.041634,0.040025,-0.490601,-0.489941
28.52,28.53,0.146561,0.14713,-0.939104,-0.9386,-0.581956,-0.581295
30.34,30.34,-0.693824,-0.693521,0.047148,0.047747,-0.488928,-0.488067
30.42,30.41,-0.705155,-0.705432,0.041661,0.041642,-0.492595,-0.490614
30.45,30.45,-0.621567,-0.620464,0.130011,0.129586,-0.554981,-0.555797
30.52,30.51,-0.61856,-0.620124,0.129553,0.12933,-0.557464,-0.556804
30.46,30.48,-0.707669,-0.70791,0.038107,0.037225,-0.488149,-0.489123
28.44,28.43,0.135608,0.1366,-0.935179,-0.934411,-0.580003,-0.578759
30.73,30.72,-0.70617,-0.706519,0.037122,0.038462,-0.488648,-0.489082
30.48,30.47,-0.609214,-0.613485,0.133026,0.131573,-0.552835,-0.554492
30.7,30.71,-0.708164,-0.70727,0.039109,0.037625,-0.488643,-0.489379
28.14,28.14,0.220656,0.220476,0.548768,0.549484,-0.557948,-0.55694
29.53,29.53,-0.706007,-0.706513,0.087938,0.088026,-0.483563,-0.483572
30.54,30.53,-0.715074,-0.713788,0.035604,0.035836,-0.489745,-0.49207
30.37,30.37,-0.721536,-0.720857,0.037569,0.037099,-0.489277,-0.490284
30.4,30.4,-0.622545,-0.62271,0.128517,0.129187,-0.555507,-0.554469
29.03,29.03,0.656075,0.656156,-0.479475,-0.479282,-0.480163,-0.481272
30.66,30.66,-0.70665,-0.706266,0.03864,0.039872,-0.490639,-0.489279
30.36,30.36,-0.73319,-0.732607,0.077891,0.07743,-0.486418,-0.485626
30.7,30.7,-0.718503,-0.716972,0.033626,0.033305,-0.492301,-0.491696
23.27,23.23,-0.392382,-0.358464,-1.694305,-1.799721,-0.416879,-0.54659
29.77,29.78,-0.705513,-0.70568,0.088438,0.087326,-0.483554,-0.483638
30.6,30.6,-0.705178,-0.706013,0.039132,0.037692,-0.489619,-0.487929
30.63,30.63,-0.706638,-0.706476,0.038652,0.038556,-0.49164,-0.489386
30.69,30.69,-0.69873,-0.69915,0.038657,0.038901,-0.489568,-0.490125
30.49,30.49,-0.705702,-0.705344,0.041107,0.040778,-0.488098,-0.489727
30.61,30.61,-0.70766,-0.70728,0.038618,0.038156,-0.489145,-0.489192
30.13,30.13,-0.704176,-0.703143,0.045162,0.04625,-0.493048,-0.493247
30.49,30.49,-0.723494,-0.723859,0.034076,0.033686,-0.489835,-0.489843
30.63,30.63,-0.705689,-0.70603,0.038613,0.038884,-0.488126,-0.488737
28.62,28.62,-0.079473,-0.080057,-0.716733,-0.716502,-0.521796,-0.519139
29.16,29.18,0.4003,0.400403,-0.621317,-0.62042,-0.547102,-0.546134
28.56,28.56,-0.29072,-0.291563,-0.594236,-0.59504,-0.614906,-0.615418
29.09,29.09,0.38716,0.386828,-0.604564,-0.603081,-0.534003,-0.530944
29.53,29.53,-0.706016,-0.705692,0.087427,0.087751,-0.482568,-0.482025
30.39,30.4,-0.705033,-0.70547,0.087923,0.087886,-0.482052,-0.482432
29.84,29.83,-0.705988,-0.706666,0.087955,0.087394,-0.485066,-0.48333
30.66,30.64,-0.60526,-0.620685,0.127513,0.125903,-0.549358,-0.551919
30.66,30.66,-0.706662,-0.706126,0.038628,0.038375,-0.489637,-0.489149
29.16,29.16,0.400772,0.40016,-0.620335,-0.619969,-0.545584,-0.545986
30.4,30.4,-0.622049,-0.622044,0.129522,0.12882,-0.555992,-0.553581
29.72,29.72,-0.706488,-0.70653,0.086446,0.087652,-0.484085,-0.484077
29.92,29.92,-0.709945,-0.710586,0.084942,0.084892,-0.484633,-0.485666
30.36,30.36,-0.691312,-0.696741,0.046688,0.044768,-0.491416,-0.490208
28.74,28.76,0.14167,0.143114,-0.662733,-0.664266,-0.54531,-0.545935
29.88,29.88,-0.703068,-0.704606,0.088916,0.088858,-0.481022,-0.482078
28.47,28.47,0.1392,0.140005,-0.663235,-0.663375,-0.545838,-0.546784
28.65,28.65,-0.077394,-0.076874,-0.733177,-0.733332,-0.522465,-0.52354
30.48,30.48,-0.70767,-0.708045,0.037104,0.037033,-0.48766,-0.488535
28.62,28.62,-0.080087,-0.080119,-0.711837,-0.711183,-0.514233,-0.513485
30.54,30.53,-0.605685,-0.607338,0.133597,0.132832,-0.557807,-0.556944
30.63,30.62,-0.706174,-0.706758,0.036617,0.037814,-0.488153,-0.487538
28.91,28.91,0.389258,0.418926,-0.572418,-0.55679,-0.762021,-0.75797
28.52,28.52,0.148541,0.147014,-0.939601,-0.938333,-0.581444,-0.580792
30.64,30.64,-0.708157,-0.707808,0.036609,0.036927,-0.48817,-0.488394
30.37,30.37,-0.623053,-0.622075,0.1275,0.128278,-0.55402,-0.553653
30.63,30.63,-0.70668,-0.706901,0.03861,0.038561,-0.488135,-0.488693
28.56,28.56,-0.067385,-0.068472,-0.723521,-0.724438,-0.53429,-0.534676
29.53,29.55,-0.720327,-0.717239,0.081923,0.083529,-0.485759,-0.485189
30.63,30.64,-0.707178,-0.705945,0.04011,0.039149,-0.488623,-0.489685
30.72,30.72,-0.68883,-0.690341,0.04269,0.043082,-0.489937,-0.487722
30.43,30.44,-0.613546,-0.613756,0.132636,0.132197,-0.563396,-0.562266
28.53,28.53,-0.127304,-0.127909,0.680929,0.680686,-0.585018,-0.585768
29.81,29.81,-0.707002,-0.706592,0.086426,0.08821,-0.482587,-0.483215
30.4,30.41,-0.622557,-0.622754,0.128505,0.128761,-0.554505,-0.55471
28.94,28.94,0.467709,0.467877,-0.552942,-0.546051,-0.73858,-0.737523
24.08,24.09,1.17189,1.061513,1.232331,1.227975,0.02405,0.008611
30.4,30.4,-0.705191,-0.705004,0.041625,0.040622,-0.489591,-0.48943
26.01,26.02,4.914352,4.587598,9.903017,9.764645,-15.957974,-15.941003
29.62,29.6,-0.70552,-0.705731,0.088432,0.087626,-0.483053,-0.483685
29.65,29.64,-0.706488,-0.705963,0.087449,0.087175,-0.484575,-0.482755
29.83,29.83,-0.706009,-0.705686,0.08944,0.087551,-0.484047,-0.482854
30.22,30.22,-0.707509,-0.707265,0.087415,0.088456,-0.48208,-0.48185
30.14,30.14,-0.704023,-0.704747,0.087945,0.087547,-0.483546,-0.483842
30.6,30.6,-0.706176,-0.706523,0.038119,0.039065,-0.488637,-0.489461
30.49,30.49,-0.719029,-0.720883,0.034597,0.035137,-0.490291,-0.490962
29.8,29.8,-0.706509,-0.706171,0.086926,0.087148,-0.482578,-0.483529
30.58,30.58,-0.70814,-0.70716,0.039132,0.038774,-0.490646,-0.489139
29.66,29.66,-0.726797,-0.724214,0.081875,0.082134,-0.483813,-0.485049
30.43,30.45,-0.609707,-0.614673,0.132525,0.130306,-0.552846,-0.553665
30.51,30.51,-0.622458,-0.611103,0.127099,0.131968,-0.562034,-0.557227
29.79,29.8,-0.70649,-0.706087,0.087948,0.087444,-0.484569,-0.48362
30.31,30.32,-0.705025,-0.705352,0.086427,0.087595,-0.482069,-0.481383
29.12,29.12,0.392172,0.391676,-0.611011,-0.610055,-0.535536,-0.535984
28.48,28.5,0.140067,0.140336,-0.934663,-0.935744,-0.579959,-0.580009
30.39,30.39,-0.706167,-0.70576,0.042138,0.041218,-0.491096,-0.490747
30.68,30.68,-0.707161,-0.705825,0.038121,0.03858,-0.489146,-0.48912
30.64,30.64,-0.706681,-0.707269,0.037606,0.038939,-0.487645,-0.489609
30.52,30.52,-0.715608,-0.716576,0.037068,0.036832,-0.487228,-0.488667
30.64,30.64,-0.708176,-0.706983,0.0401,0.038728,-0.488131,-0.488567
30.34,30.33,-0.715437,-0.715936,0.084382,0.084296,-0.481181,-0.482128
28.85,28.85,0.316792,0.315832,-0.662958,-0.66149,-0.511735,-0.510094
30.22,30.21,-0.706143,-0.697028,0.042162,0.045835,-0.493099,-0.492803
30.51,30.51,-0.688362,-0.687493,0.046675,0.046304,-0.489387,-0.487676
30.31,30.3,-0.700695,-0.702298,0.04318,0.042847,-0.49304,-0.492782
30.64,30.64,-0.706174,-0.706807,0.036617,0.038626,-0.488153,-0.489128
29.8,29.8,-0.705506,-0.705845,0.085939,0.087937,-0.483081,-0.483422
30.69,30.68,-0.706196,-0.706547,0.039603,0.037767,-0.487619,-0.488148
30.21,30.22,-0.691649,-0.692444,0.090479,0.090143,-0.482909,-0.482193
28.53,28.53,0.140088,0.139212,-0.935144,-0.935687,-0.581467,-0.580123
30.4,30.4,-0.7052,-0.705474,0.042118,0.041158,-0.489084,-0.490199
29.56,29.56,-0.707503,-0.706886,0.088425,0.087717,-0.48307,-0.482902
30.39,30.41,-0.705182,-0.705609,0.041132,0.041221,-0.490097,-0.490936
28.62,28.62,-0.080572,-0.080029,-0.714837,-0.713418,-0.51377,-0.512568
30.49,30.49,-0.619094,-0.619683,0.131018,0.129617,-0.554948,-0.556071
29.16,29.16,0.403239,0.402091,-0.619335,-0.618686,-0.54505,-0.547557
30.66,30.64,-0.707651,-0.70691,0.038125,0.038511,-0.489651,-0.489145
30.64,30.64,-0.706186,-0.706612,0.040114,0.038784,-0.488615,-0.489375
30.49,30.49,-0.706164,-0.705992,0.038131,0.037448,-0.489639,-0.487546
30.69,30.68,-0.697227,-0.698661,0.038176,0.039173,-0.490562,-0.490117
30.58,30.58,-0.706671,-0.707369,0.038117,0.037765,-0.488642,-0.488226
30.58,30.58,-0.696815,-0.696037,0.044613,0.043844,-0.486479,-0.487362
29.51,29.53,-0.714432,-0.716062,0.087407,0.085949,-0.483643,-0.482341
28.56,28.56,-0.111006,-0.109797,0.686944,0.687821,-0.582304,-0.58308
30.72,30.71,-0.692799,-0.691052,0.04217,0.043408,-0.489477,-0.488571
30.7,30.7,-0.707182,-0.707144,0.037598,0.037907,-0.487149,-0.489204
30.34,30.34,-0.688884,-0.691803,0.048152,0.047911,-0.487872,-0.489523
30.51,30.5,-0.690331,-0.691332,0.044174,0.043955,-0.489433,-0.489804
30.45,30.47,-0.623047,-0.622289,0.127506,0.127148,-0.554521,-0.553542
30.64,30.66,-0.708168,-0.707758,0.037601,0.037234,-0.487658,-0.48818
28.7,28.7,-0.079307,-0.077737,-0.73161,-0.732319,-0.528976,-0.531379
30.52,30.52,-0.624038,-0.623886,0.124997,0.125366,-0.553556,-0.553125
29.84,29.86,-0.724306,-0.724415,0.081897,0.081881,-0.484792,-0.485239
30.57,30.56,-0.61758,-0.616619,0.130548,0.130486,-0.556943,-0.557637
30.54,30.54,-0.708634,-0.708057,0.037629,0.037998,-0.490167,-0.491259
30.1,30.13,-0.705006,-0.704959,0.087449,0.088003,-0.484061,-0.483273
30.39,30.39,-0.70569,-0.705219,0.041119,0.041978,-0.4891,-0.490749
30.42,30.42,-0.623068,-0.622701,0.12899,0.128715,-0.553503,-0.554554
29.0,29.0,0.303707,0.304009,-0.638141,-0.638402,-0.547631,-0.546619
30.24,30.24,-0.720017,-0.720946,0.040614,0.038954,-0.493237,-0.492332
30.58,30.58,-0.618063,-0.618412,0.131562,0.129713,-0.558439,-0.55705
28.41,28.42,0.215196,0.214101,0.548742,0.550363,-0.557495,-0.558663
30.72,30.72,-0.707663,-0.707448,0.038113,0.037444,-0.48865,-0.488916
28.61,28.61,-0.673499,-0.679574,-0.460171,-0.457931,-0.183954,-0.175837
30.19,30.19,-0.703698,-0.703172,0.046149,0.045656,-0.492031,-0.491877
30.07,30.07,-0.703703,-0.703405,0.04815,0.047455,-0.492509,-0.493501
30.46,30.45,-0.706178,-0.70552,0.039621,0.039907,-0.489121,-0.490329
30.13,30.13,-0.703687,-0.703327,0.044154,0.0464,-0.492053,-0.493282
30.37,30.37,-0.713074,-0.71094,0.038135,0.038992,-0.492203,-0.492335
28.55,28.55,-0.114439,-0.113948,0.685465,0.686135,-0.584855,-0.582674
29.24,29.24,0.400292,0.399402,-0.619821,-0.618732,-0.547085,-0.545362
30.48,30.47,-0.705712,-0.705742,0.039593,0.039928,-0.486613,-0.488808
29.23,29.23,0.399273,0.40018,-0.620353,-0.619583,-0.544595,-0.546151
30.36,30.36,-0.715403,-0.71452,0.082411,0.083116,-0.483207,-0.483101
28.43,28.42,0.136069,0.136107,-0.933206,-0.933914,-0.577974,-0.578387
30.18,30.19,-0.704215,-0.701519,0.046628,0.047023,-0.490527,-0.490965
30.48,30.47,-0.621054,-0.621366,0.129027,0.129107,-0.555989,-0.555696
30.52,30.52,-0.714123,-0.715139,0.038576,0.037027,-0.487699,-0.488667
30.19,30.19,-0.702196,-0.703141,0.045668,0.045676,-0.493025,-0.491535
30.37,30.38,-0.612201,-0.616864,0.131999,0.130499,-0.55137,-0.552585
29.54,29.54,-0.706502,-0.706378,0.087936,0.087515,-0.483568,-0.48299
30.46,30.46,-0.70518,-0.705012,0.03963,0.040227,-0.489613,-0.488588
30.6,30.6,-0.707155,-0.707322,0.038127,0.037281,-0.489647,-0.489002
30.49,30.48,-0.62307,-0.622474,0.12598,0.124939,-0.552034,-0.553198
30.48,30.48,-0.620057,-0.620998,0.129037,0.12916,-0.556481,-0.55498
30.49,30.49,-0.699785,-0.699355,0.043605,0.043133,-0.486516,-0.487774
30.51,30.51,-0.723467,-0.723999,0.034605,0.033457,-0.492333,-0.490813
30.72,30.72,-0.7057,-0.706525,0.039605,0.03804,-0.487614,-0.488401
29.04,29.04,0.67308,0.673074,-0.482273,-0.482886,-0.491066,-0.491534
30.63,30.63,-0.706164,-0.706884,0.038131,0.038342,-0.489639,-0.490459
29.84,29.84,-0.705,-0.70599,0.087455,0.087423,-0.484562,-0.483905
29.2,29.2,0.400251,0.399563,-0.616852,-0.618799,-0.545048,-0.544701
30.07,30.07,-0.703697,-0.702532,0.047153,0.046937,-0.49252,-0.492893
30.64,30.65,-0.707173,-0.706568,0.038109,0.038769,-0.488145,-0.488873
30.3,30.3,-0.715559,-0.715728,0.03812,0.038304,-0.491724,-0.49302
30.72,30.72,-0.715534,-0.715997,0.034635,0.033608,-0.492264,-0.490867
30.6,30.6,-0.707663,-0.707535,0.038113,0.03713,-0.48865,-0.489366
30.7,30.71,-0.706668,-0.706507,0.038622,0.038128,-0.489136,-0.488309
30.43,30.43,-0.706667,-0.705617,0.040628,0.040561,-0.490116,-0.490408
30.48,30.48,-0.620048,-0.620464,0.128544,0.128974,-0.556988,-0.55597
30.51,30.51,-0.717541,-0.718105,0.034603,0.034537,-0.490278,-0.491225
28.91,28.91,0.152336,0.173405,-0.776286,-0.733471,-0.598094,-0.60591
30.07,30.07,-0.705005,-0.705255,0.089455,0.0883,-0.48504,-0.483568
30.4,30.41,-0.705673,-0.706041,0.040133,0.041224,-0.490113,-0.490504
30.64,30.64,-0.708137,-0.707127,0.038634,0.038953,-0.490652,-0.490299
30.18,30.18,-0.704185,-0.704046,0.045655,0.045254,-0.492541,-0.492745
23.98,24.0,-0.444544,-0.421926,0.136218,0.158075,-0.558382,-0.548987
30.7,30.7,-0.691288,-0.691608,0.041196,0.04351,-0.490977,-0.488505
30.36,30.37,-0.634919,-0.61784,0.126987,0.130747,-0.556633,-0.553187
28.53,28.54,-0.206001,-0.207485,0.649679,0.647901,-0.58305,-0.582508
30.68,30.68,-0.719505,-0.718003,0.032108,0.032896,-0.490824,-0.490697
29.16,29.16,0.398773,0.39922,-0.61735,-0.619053,-0.545568,-0.544476
30.07,30.08,-0.703188,-0.702376,0.050176,0.048865,-0.494986,-0.493506
30.57,30.57,-0.692332,-0.692924,0.045152,0.045345,-0.488437,-0.487163
30.42,30.42,-0.705669,-0.705462,0.040638,0.041049,-0.490608,-0.490676
29.51,29.52,-0.692638,-0.693718,0.089977,0.089938,-0.482923,-0.4838
30.3,30.3,-0.71804,-0.719344,0.039612,0.039372,-0.492229,-0.490931
30.63,30.63,-0.707183,-0.706809,0.036595,0.037782,-0.48666,-0.488171
28.55,28.56,-0.328965,-0.326526,0.498761,0.507242,-0.598851,-0.591912
28.94,28.94,0.297781,0.297424,-0.640146,-0.639882,-0.548706,-0.547995
28.61,28.6,-0.079958,-0.079644,-0.724245,-0.723334,-0.519381,-0.519554
30.64,30.64,-0.707655,-0.707581,0.036617,0.037193,-0.488667,-0.48887
30.64,30.63,-0.705676,-0.706447,0.039629,0.039292,-0.489617,-0.488832
30.45,30.44,-0.621535,-0.620742,0.128539,0.129064,-0.557,-0.555605
28.62,28.62,-0.073997,-0.073796,-0.759322,-0.757709,-0.545772,-0.54462
29.21,29.21,0.402272,0.401912,-0.619314,-0.618237,-0.547062,-0.547223
30.07,30.07,-0.702195,-0.702645,0.047675,0.046968,-0.494004,-0.492989
29.18,29.18,0.390171,0.392031,-0.60903,-0.610516,-0.535029,-0.536468
30.43,30.44,-0.641843,-0.627783,0.125975,0.128073,-0.557707,-0.555923
30.43,30.44,-0.621539,-0.62287,0.128034,0.128589,-0.556505,-0.554928
30.14,30.15,-0.704209,-0.703464,0.046634,0.046055,-0.491028,-0.492471
30.46,30.45,-0.707628,-0.707992,0.037146,0.036761,-0.491165,-0.488708
23.73,23.73,2.257005,2.253438,1.784313,1.768343,-0.072469,-0.079603
30.46,30.46,-0.707133,-0.706838,0.039653,0.039588,-0.492134,-0.489898
30.45,30.45,-0.705681,-0.705829,0.041629,0.040917,-0.490096,-0.491067
30.39,30.39,-0.704668,-0.705842,0.041152,0.041486,-0.491595,-0.49065
29.5,29.5,-0.705527,-0.706429,0.086419,0.087354,-0.481573,-0.483258
29.56,29.55,-0.718843,-0.720335,0.082428,0.083174,-0.485741,-0.486892
30.43,30.44,-0.706144,-0.705524,0.041159,0.041448,-0.492609,-0.490322
29.83,29.82,-0.70601,-0.705975,0.087433,0.088095,-0.483068,-0.483767
30.46,30.45,-0.612587,-0.613093,0.133108,0.131677,-0.560878,-0.5615
30.24,30.22,-0.724291,-0.721754,0.08141,0.083043,-0.4858,-0.484296
29.53,29.54,-0.725807,-0.723079,0.083381,0.082344,-0.484288,-0.485137
28.67,28.67,0.143163,0.142773,-0.662721,-0.664421,-0.545797,-0.545985
28.77,28.77,-0.232938,-0.234706,-0.41826,-0.415352,-0.714089,-0.713411
30.66,30.67,-0.72049,-0.71954,0.03211,0.032379,-0.491334,-0.490937
30.63,30.65,-0.706653,-0.706695,0.039138,0.03901,-0.490633,-0.489112
29.21,29.21,0.398745,0.399277,-0.618882,-0.619321,-0.54258,-0.5454
30.18,30.18,-0.704201,-0.701697,0.045138,0.046717,-0.491045,-0.49134
28.59,28.61,-0.142539,-0.141092,-0.694069,-0.694747,-0.728449,-0.729707
30.36,30.36,-0.723985,-0.723743,0.036586,0.036045,-0.491313,-0.491027
30.45,30.46,-0.616158,-0.619517,0.131492,0.129295,-0.551912,-0.554906
30.49,30.48,-0.620081,-0.621074,0.129013,0.129398,-0.554478,-0.555329
30.39,30.39,-0.705511,-0.705682,0.08794,0.087279,-0.483559,-0.482606
29.69,29.67,-0.708935,-0.70897,0.084964,0.084733,-0.486127,-0.483936
30.33,30.33,-0.720057,-0.719859,0.03907,0.038102,-0.489248,-0.491245
30.64,30.63,-0.707633,-0.707435,0.03714,0.038666,-0.490664,-0.488932
28.52,28.5,-0.135249,-0.125212,0.679884,0.681133,-0.583596,-0.583485
30.24,30.24,-0.692298,-0.691222,0.04669,0.047623,-0.491926,-0.491134
28.95,28.95,0.296258,0.296902,-0.639184,-0.639223,-0.546204,-0.547817
30.51,30.49,-0.704683,-0.705456,0.041639,0.04063,-0.490588,-0.489829
29.81,29.81,-0.705012,-0.706726,0.087443,0.08803,-0.48356,-0.483173
30.63,30.63,-0.706176,-0.70684,0.038119,0.038337,-0.488637,-0.488786
29.91,29.92,-0.697597,-0.698254,0.09146,0.090067,-0.48345,-0.481869
30.43,30.42,-0.622576,-0.622942,0.127484,0.126786,-0.552514,-0.55265
29.5,29.5,-0.708023,-0.706622,0.088399,0.088968,-0.481071,-0.481959
30.42,30.43,-0.706496,-0.705941,0.087942,0.087167,-0.484068,-0.482525
30.61,30.61,-0.706671,-0.707447,0.03912,0.03921,-0.489131,-0.489787
30.66,30.66,-0.707143,-0.706503,0.038139,0.038357,-0.490649,-0.489929
30.22,30.23,-0.698626,-0.698125,0.090417,0.089516,-0.479965,-0.480762
30.42,30.41,-0.70553,-0.705704,0.085915,0.087393,-0.481078,-0.482154
30.31,30.32,-0.707006,-0.706432,0.085921,0.086323,-0.482092,-0.482168
30.31,30.31,-0.700092,-0.698564,0.086422,0.087932,-0.480023,-0.480664
30.68,30.68,-0.707185,-0.707233,0.0391,0.038639,-0.487633,-0.489993
30.18,30.17,-0.703199,-0.703167,0.046656,0.046367,-0.492522,-0.491723
29.88,29.87,-0.699106,-0.705061,0.090932,0.088481,-0.481466,-0.482011
28.94,28.94,0.467695,0.466703,-0.550449,-0.54589,-0.738552,-0.738063
29.83,29.84,-0.705995,-0.706489,0.086946,0.087639,-0.484076,-0.483771
30.69,30.69,-0.698711,-0.699305,0.039679,0.03893,-0.49156,-0.490076
30.49,30.5,-0.628427,-0.609788,0.130567,0.131226,-0.562046,-0.559863
29.77,29.76,-0.706004,-0.706144,0.087439,0.087793,-0.483569,-0.483621
30.51,30.51,-0.708163,-0.707404,0.036603,0.037163,-0.48767,-0.488328
28.95,28.95,0.662576,0.660864,-0.491931,-0.490212,-0.479245,-0.477889
30.66,30.66,-0.716037,-0.716604,0.033623,0.033238,-0.491278,-0.490947
30.31,30.31,-0.70502,-0.705735,0.088939,0.087426,-0.483543,-0.48243
30.46,30.45,-0.620065,-0.620428,0.12953,0.129272,-0.555975,-0.555776
30.46,30.46,-0.705197,-0.705695,0.041619,0.040021,-0.48909,-0.488622
30.36,30.35,-0.692339,-0.689204,0.048655,0.048374,-0.489399,-0.488178
28.68,28.66,-0.594245,-0.604485,-0.438962,-0.415117,-0.431962,-0.399438
29.71,29.7,-0.706521,-0.705955,0.086914,0.086972,-0.481576,-0.484105
30.14,30.14,-0.705176,-0.704034,0.046654,0.045694,-0.49304,-0.491583
30.24,30.23,-0.700704,-0.702255,0.043673,0.043933,-0.492533,-0.493491
28.61,28.61,-0.077346,-0.077994,-0.724104,-0.722176,-0.530376,-0.532965
30.46,30.46,-0.609202,-0.620146,0.132034,0.129654,-0.553348,-0.555132
30.55,30.56,-0.706158,-0.707282,0.037133,0.037371,-0.48965,-0.488655
22.15,22.78,-0.505435,-0.485206,0.112526,0.560483,-0.515101,-0.398527
30.45,30.45,-0.620582,-0.62114,0.129005,0.12909,-0.553982,-0.555869
29.51,29.51,-0.706494,-0.706468,0.087443,0.087279,-0.484074,-0.483269
28.7,28.7,-0.077772,-0.077889,-0.733564,-0.732253,-0.53199,-0.531505
30.46,30.46,-0.611705,-0.625445,0.132001,0.129063,-0.551366,-0.554975
29.21,29.21,0.401275,0.401855,-0.619324,-0.618239,-0.54657,-0.546633
30.31,30.31,-0.724734,-0.725644,0.068424,0.069531,-0.484448,-0.48555
30.45,30.44,-0.706142,-0.705995,0.038654,0.039906,-0.491636,-0.489953
30.46,30.48,-0.704687,-0.705442,0.040131,0.040112,-0.489603,-0.489505
30.45,30.46,-0.611687,-0.62842,0.131016,0.128099,-0.552379,-0.555813
30.33,30.33,-0.695757,-0.696646,0.044683,0.044307,-0.491978,-0.49169
29.54,29.56,-0.690694,-0.693085,0.093955,0.091714,-0.481359,-0.481981
29.23,29.22,0.403751,0.402532,-0.618816,-0.619111,-0.546542,-0.546472
30.49,30.49,-0.715124,-0.715018,0.038062,0.038966,-0.486712,-0.488509
30.64,30.64,-0.70667,-0.706982,0.036615,0.03719,-0.488158,-0.488374
30.48,30.46,-0.706166,-0.706208,0.039633,0.040452,-0.490123,-0.49064
29.75,29.75,-0.707016,-0.705372,0.087916,0.087619,-0.48207,-0.483426
30.52,30.51,-0.706683,-0.706694,0.039108,0.037097,-0.488129,-0.488418
30.43,30.43,-0.621579,-0.621613,0.129999,0.129333,-0.553979,-0.554578
29.48,29.49,-0.718879,-0.718159,0.083395,0.086036,-0.483226,-0.483626
30.07,30.07,-0.703193,-0.703179,0.046662,0.048165,-0.493022,-0.493225
30.4,30.4,-0.705198,-0.705341,0.040616,0.041257,-0.4886,-0.490152
29.16,29.16,0.402234,0.401901,-0.617848,-0.617691,-0.544541,-0.546561
29.63,29.64,-0.70603,-0.705852,0.088917,0.087408,-0.48205,-0.483032
29.71,29.7,-0.707001,-0.705988,0.088433,0.087184,-0.483567,-0.483912
28.76,28.77,-0.259047,-0.258905,-0.479351,-0.480823,-0.660413,-0.65915
30.37,30.38,-0.630518,-0.621482,0.130452,0.129872,-0.55305,-0.553368
28.92,28.93,0.082697,0.218688,-0.408744,-0.438872,-0.741292,-0.676686
28.65,28.65,-0.555685,-0.555048,-0.407866,-0.416243,-0.517926,-0.510728
30.58,30.58,-0.707164,-0.706872,0.037616,0.037763,-0.488651,-0.488732
29.79,29.79,-0.706479,-0.705894,0.086956,0.087731,-0.485081,-0.483389
29.86,29.84,-0.706017,-0.70563,0.086423,0.087703,-0.482078,-0.483408
30.07,30.1,-0.705029,-0.705188,0.085922,0.087636,-0.481574,-0.482673
25.98,25.98,3.162809,4.042945,9.071594,8.139041,-15.982607,-15.985525
30.57,30.57,-0.695307,-0.694257,0.045141,0.044843,-0.488463,-0.48735
30.33,30.32,-0.709975,-0.708219,0.084912,0.084995,-0.48213,-0.482619
30.51,30.51,-0.722482,-0.721974,0.033599,0.035073,-0.491334,-0.489675
28.64,28.64,-0.077519,-0.077289,-0.724777,-0.724434,-0.51586,-0.517772
30.42,30.43,-0.627008,-0.621489,0.126493,0.12974,-0.554567,-0.554427
30.64,30.64,-0.706169,-0.706537,0.039128,0.038348,-0.489627,-0.488768
30.72,30.71,-0.705659,-0.707407,0.03764,0.03761,-0.490141,-0.489069
30.54,30.54,-0.711162,-0.710276,0.040077,0.039562,-0.487155,-0.488446
30.58,30.6,-0.705204,-0.706174,0.039607,0.039369,-0.48761,-0.488908
30.48,30.47,-0.706661,-0.705421,0.040634,0.040965,-0.490616,-0.489555
30.7,30.71,-0.70667,-0.707046,0.036615,0.037937,-0.488158,-0.488722
30.72,30.72,-0.717028,-0.716118,0.033619,0.03362,-0.491287,-0.491479
30.49,30.48,-0.707203,-0.707296,0.038079,0.037308,-0.485641,-0.487895
29.8,29.81,-0.706009,-0.705936,0.088436,0.087819,-0.483558,-0.483609
30.36,30.37,-0.689359,-0.68743,0.047669,0.048187,-0.489384,-0.489983
24.13,24.14,1.077914,1.03528,1.303409,1.296379,0.014522,0.017263
30.39,30.4,-0.705531,-0.705527,0.089423,0.087572,-0.482541,-0.482051
30.58,30.58,-0.705672,-0.707138,0.036624,0.037668,-0.48865,-0.488405
30.68,30.68,-0.719502,-0.719312,0.03161,0.032851,-0.49083,-0.490719
30.68,30.68,-0.719024,-0.719152,0.032597,0.032642,-0.489813,-0.49072
30.33,30.33,-0.702092,-0.701622,0.0874,0.08765,-0.479028,-0.480663
29.2,29.2,0.40227,0.402184,-0.618816,-0.618541,-0.547056,-0.547084
22.99,22.78,-0.550287,-0.593857,0.112489,0.155138,0.648549,0.462988
30.58,30.58,-0.707642,-0.707129,0.037632,0.037227,-0.490158,-0.488585
30.48,30.48,-0.706688,-0.705201,0.041109,0.040467,-0.488608,-0.489474
30.22,30.22,-0.705992,-0.71251,0.086447,0.084775,-0.484081,-0.484387
29.54,29.53,-0.686253,-0.69138,0.094453,0.092142,-0.479812,-0.480889
29.74,29.73,-0.705998,-0.706321,0.086442,0.087588,-0.48358,-0.483665
30.27,30.27,-0.700732,-0.699558,0.046653,0.047344,-0.491498,-0.490093
29.83,29.84,-0.706006,-0.705745,0.088941,0.087988,-0.484053,-0.482654
30.36,30.36,-0.709124,-0.713651,0.042145,0.039921,-0.492624,-0.491201
30.48,30.45,-0.62901,-0.622398,0.129977,0.128897,-0.554545,-0.555907
30.45,30.45,-0.705696,-0.706347,0.041113,0.04005,-0.488599,-0.490019
29.79,29.79,-0.70552,-0.705799,0.087429,0.087291,-0.482563,-0.483183
30.43,30.44,-0.615627,-0.615479,0.131529,0.131278,-0.554912,-0.552614
29.2,29.2,0.401758,0.40121,-0.619334,-0.619831,-0.545564,-0.5463
29.6,29.6,-0.707002,-0.706347,0.087429,0.08721,-0.483077,-0.48376
28.53,28.55,-0.10903,-0.111344,0.686946,0.686276,-0.581786,-0.582425
30.48,30.48,-0.704722,-0.70535,0.042102,0.040787,-0.487577,-0.489161
30.58,30.58,-0.704679,-0.706433,0.037632,0.03874,-0.48913,-0.489744
30.49,30.48,-0.705195,-0.705613,0.040117,0.039903,-0.488606,-0.489619
30.34,30.34,-0.714874,-0.714945,0.08094,0.082048,-0.485222,-0.483633
30.09,30.09,-0.704187,-0.703369,0.047157,0.046759,-0.493025,-0.492877
28.65,28.65,-0.080117,-0.080443,-0.711867,-0.709149,-0.511729,-0.510144
30.18,30.17,-0.703179,-0.704013,0.045171,0.045553,-0.49354,-0.49193
30.64,30.64,-0.70715,-0.706947,0.03713,0.03698,-0.489658,-0.488742
29.0,29.0,0.641062,0.642419,-0.470644,-0.472064,-0.47268,-0.472739
30.72,30.72,-0.709113,-0.708976,0.034635,0.035621,-0.490205,-0.490493
28.47,28.47,0.332802,0.236923,-0.87288,-0.879442,-0.554044,-0.553789
30.19,30.19,-0.704687,-0.703819,0.044643,0.045023,-0.491555,-0.491754
30.72,30.72,-0.707111,-0.707769,0.035663,0.035869,-0.492179,-0.491221
29.18,29.18,0.408833,0.411585,-0.627198,-0.628747,-0.553105,-0.555277
30.68,30.68,-0.701695,-0.702342,0.038153,0.038299,-0.4901,-0.490851
30.6,30.59,-0.707658,-0.707602,0.037116,0.037277,-0.488661,-0.48923
29.74,29.75,-0.706992,-0.706292,0.08794,0.087327,-0.484073,-0.483888
30.52,30.52,-0.619091,-0.618358,0.131522,0.129789,-0.555443,-0.557049
30.57,30.57,-0.72399,-0.724881,0.033071,0.032558,-0.48935,-0.489263
28.76,28.76,0.141699,0.143042,-0.663707,-0.664539,-0.547324,-0.545653
29.69,29.68,-0.706529,-0.706268,0.08841,0.087601,-0.481559,-0.48389
30.63,30.63,-0.706692,-0.706134,0.039601,0.038197,-0.487623,-0.488461
28.32,28.31,0.216194,0.215884,0.549755,0.548266,-0.558476,-0.557524
30.19,30.19,-0.703707,-0.704319,0.045638,0.045047,-0.491035,-0.491828
23.52,23.5,-0.402984,-0.392473,0.062493,0.064323,0.790009,0.793392
30.63,30.63,-0.705648,-0.707543,0.035645,0.036911,-0.490163,-0.489058
30.34,30.34,-0.696802,-0.695779,0.047635,0.046467,-0.488949,-0.488958
29.51,29.53,-0.706001,-0.706509,0.087944,0.087618,-0.484064,-0.483311
30.09,30.07,-0.704977,-0.705745,0.086475,0.087541,-0.486075,-0.483676
28.89,28.89,0.366594,0.36866,-0.557321,-0.558697,-0.78058,-0.777838
30.52,30.51,-0.705647,-0.706518,0.037652,0.03709,-0.491142,-0.488591
30.43,30.43,-0.706171,-0.705388,0.041634,0.04136,-0.490601,-0.489986
30.3,30.3,-0.717822,-0.716337,0.07143,0.072777,-0.483352,-0.483304
29.81,29.8,-0.706,-0.705913,0.088947,0.087466,-0.484554,-0.483713
29.54,29.54,-0.706491,-0.706583,0.086944,0.087814,-0.48408,-0.482157
30.69,30.69,-0.695791,-0.695492,0.043145,0.042662,-0.48849,-0.487226
28.92,28.92,-0.370061,-0.346604,-0.937918,-0.927352,-0.177213,-0.223496
30.42,30.42,-0.706171,-0.705898,0.04063,0.041644,-0.490111,-0.490558
30.66,30.64,-0.621552,-0.629985,0.125012,0.124149,-0.554035,-0.553392
28.67,28.67,-0.072554,-0.073368,-0.757857,-0.756677,-0.542738,-0.542391
30.33,30.33,-0.686888,-0.688134,0.050178,0.049334,-0.489836,-0.488899
30.24,30.24,-0.722494,-0.722591,0.039103,0.038989,-0.492775,-0.492471
30.42,30.42,-0.622046,-0.621909,0.129024,0.129153,-0.555998,-0.553801
28.55,28.54,0.143679,0.143053,-0.664204,-0.664227,-0.546811,-0.546301
29.5,29.5,-0.706001,-0.706783,0.08694,0.087415,-0.483575,-0.483115
30.49,30.48,-0.707162,-0.707379,0.037118,0.036782,-0.488657,-0.489048
29.11,29.11,0.42193,0.421615,-0.635971,-0.634816,-0.566113,-0.566448
30.39,30.39,-0.703199,-0.705114,0.04114,0.042085,-0.49008,-0.490031
30.42,30.41,-0.623062,-0.621961,0.127993,0.129461,-0.553514,-0.554184
30.72,30.72,-0.707149,-0.707515,0.038133,0.037596,-0.490148,-0.489201
30.21,30.21,-0.686707,-0.689062,0.09349,0.092474,-0.482832,-0.481226
30.25,30.25,-0.685408,-0.685615,0.052683,0.050843,-0.490295,-0.490413
28.35,28.33,0.14205,0.142711,-0.934656,-0.933473,-0.579942,-0.578941
30.54,30.53,-0.625048,-0.623565,0.127481,0.125096,-0.553036,-0.552479
30.55,30.55,-0.699756,-0.700007,0.041628,0.042451,-0.488041,-0.486456
22.66,22.67,-0.4566,-0.456637,0.086367,0.08505,-0.564561,-0.564576
26.98,26.97,8.473864,8.446609,4.458217,4.599406,-6.072347,-5.739889
30.68,30.68,-0.717999,-0.718324,0.032132,0.033101,-0.492314,-0.490913
28.68,28.63,-0.462178,-0.329339,0.931701,0.698675,-0.557538,-0.453864
30.7,30.7,-0.706173,-0.70732,0.03762,0.03799,-0.488643,-0.488653
30.42,30.43,-0.705182,-0.705469,0.041132,0.041127,-0.490097,-0.489764
28.85,28.69,-0.076248,-0.145562,-0.527497,-0.552829,-0.789098,-0.70925
29.6,29.59,-0.705992,-0.706381,0.087451,0.087608,-0.484571,-0.48322
30.33,30.33,-0.695324,-0.695168,0.04713,0.047584,-0.48794,-0.488274
29.18,29.19,0.400764,0.400599,-0.618839,-0.619258,-0.545567,-0.545242
22.75,22.75,-0.459078,-0.458438,0.087361,0.088147,-0.565072,-0.564682
30.46,30.46,-0.706183,-0.705577,0.040618,0.039558,-0.48911,-0.489532
30.34,30.34,-0.704537,-0.705606,0.087925,0.087241,-0.482048,-0.482736
30.49,30.5,-0.700204,-0.700099,0.039667,0.039558,-0.491072,-0.491518
29.59,29.59,-0.701046,-0.702812,0.087457,0.087409,-0.483526,-0.484678
30.64,30.65,-0.719035,-0.717631,0.033588,0.033314,-0.489301,-0.491335
29.12,29.12,0.399772,0.400066,-0.619846,-0.619854,-0.545086,-0.546041
30.37,30.37,-0.622073,-0.623384,0.129498,0.128779,-0.553989,-0.553934
26.23,26.25,8.926171,8.7514,2.817279,3.110168,-5.973306,-5.907929
28.67,28.67,-0.071043,-0.07193,-0.757827,-0.759109,-0.544728,-0.542897
30.55,30.53,-0.620026,-0.618829,0.129067,0.129561,-0.558985,-0.55697
30.48,30.47,-0.632963,-0.628085,0.127469,0.128649,-0.554608,-0.555393
30.57,30.57,-0.717585,-0.714708,0.03807,0.037426,-0.488236,-0.487181
30.6,30.59,-0.707132,-0.707607,0.036144,0.037332,-0.490671,-0.489264
29.21,29.21,0.399769,0.399411,-0.619348,-0.618899,-0.54508,-0.544758
30.49,30.49,-0.705671,-0.705883,0.038631,0.040041,-0.489629,-0.489525
28.94,28.94,0.301254,0.299535,-0.639629,-0.640958,-0.549171,-0.547038
29.21,29.21,0.399265,0.399688,-0.618857,-0.619194,-0.544579,-0.545831
30.37,30.36,-0.708006,-0.709415,0.085407,0.084738,-0.481105,-0.483234
30.55,30.55,-0.628957,-0.619189,0.128024,0.130058,-0.558073,-0.557729
30.4,30.41,-0.622056,-0.62236,0.126506,0.129132,-0.554023,-0.554276
30.42,30.42,-0.706987,-0.705922,0.086942,0.087156,-0.484084,-0.482014
29.89,29.91,-0.710443,-0.710098,0.084436,0.084676,-0.484143,-0.484512
30.48,30.48,-0.70618,-0.705706,0.041123,0.039874,-0.489605,-0.487626
30.46,30.47,-0.707182,-0.706795,0.038602,0.037235,-0.487638,-0.488317
28.59,28.59,-0.065372,-0.064766,-0.724487,-0.724683,-0.536287,-0.535132
28.7,28.7,-0.258083,-0.257868,-0.479877,-0.48014,-0.657905,-0.659174
28.64,28.64,-0.07647,-0.077591,-0.726221,-0.725748,-0.519874,-0.518476
30.57,30.57,-0.622564,-0.623247,0.127496,0.12466,-0.553515,-0.552697
30.34,30.34,-0.718542,-0.717714,0.039604,0.039894,-0.491733,-0.489784
28.7,28.72,-0.232001,-0.234588,-0.430345,-0.430809,-0.7042,-0.703337
29.2,29.2,0.399282,0.399503,-0.619842,-0.619061,-0.545591,-0.54535
30.45,30.45,-0.620538,-0.619042,0.128548,0.129376,-0.557492,-0.554855
30.45,30.45,-0.706152,-0.7059,0.041652,0.039752,-0.492103,-0.490449
29.68,29.66,-0.705998,-0.705896,0.087445,0.087163,-0.48407,-0.483777
28.95,28.95,0.302215,0.301183,-0.640658,-0.639887,-0.546169,-0.547642
30.1,30.1,-0.701713,-0.701663,0.049167,0.048655,-0.493482,-0.493683
30.33,30.33,-0.707479,-0.706465,0.087445,0.085972,-0.484583,-0.482883
30.25,30.26,-0.705524,-0.705295,0.085921,0.087552,-0.481579,-0.481919
30.36,30.36,-0.686375,-0.688899,0.048191,0.047735,-0.490355,-0.489299
30.22,30.22,-0.709602,-0.711234,0.041158,0.041392,-0.493641,-0.493312
28.52,28.52,0.148057,0.147287,-0.939591,-0.938371,-0.582449,-0.581241
30.42,30.42,-0.705683,-0.706024,0.042128,0.041497,-0.49009,-0.490766
30.36,30.36,-0.691856,-0.690954,0.046638,0.048051,-0.487414,-0.488848
30.4,30.4,-0.705686,-0.704702,0.042627,0.041956,-0.490084,-0.489573
28.18,28.2,0.217674,0.21887,0.55226,0.55214,-0.558936,-0.558967
28.67,28.67,-0.076824,-0.076905,-0.731096,-0.730557,-0.529449,-0.532424
30.61,30.6,-0.708159,-0.707699,0.037108,0.0372,-0.488165,-0.488575
30.33,30.33,-0.691319,-0.693282,0.046682,0.045657,-0.490915,-0.491299
29.2,29.2,0.421435,0.422975,-0.63497,-0.637217,-0.566607,-0.566715
30.13,30.13,-0.705538,-0.705647,0.087411,0.087936,-0.481061,-0.483365
30.1,30.11,-0.705551,-0.705541,0.090908,0.089068,-0.481522,-0.482019
28.62,28.62,-0.135066,-0.136435,-0.689493,-0.69,-0.733341,-0.732713
28.24,28.21,0.216711,0.216904,0.549276,0.549974,-0.55998,-0.558257
30.16,30.16,-0.70418,-0.704756,0.043654,0.045039,-0.492063,-0.492589
30.7,30.7,-0.69037,-0.69095,0.045641,0.043708,-0.486912,-0.486478
30.43,30.44,-0.622546,-0.622749,0.12651,0.126987,-0.554528,-0.553127
30.61,30.61,-0.709637,-0.707582,0.037613,0.038842,-0.489174,-0.489522
29.91,29.9,-0.724298,-0.723158,0.083909,0.083157,-0.486272,-0.484753
29.06,29.06,0.414809,0.415,-0.628654,-0.62817,-0.554572,-0.557465
30.58,30.58,-0.708159,-0.706916,0.038111,0.037367,-0.488654,-0.489834
25.2,25.19,-0.728302,-0.747485,0.639743,0.65258,0.335919,0.343667
29.03,29.03,0.49771,0.482743,-0.362484,-0.393896,-0.638491,-0.621601
30.46,30.47,-0.707634,-0.707487,0.036136,0.037173,-0.490175,-0.488844
30.24,30.24,-0.704531,-0.705825,0.087931,0.087797,-0.482549,-0.482141
28.7,28.7,0.143177,0.1423,-0.665215,-0.664686,-0.545825,-0.545762
30.4,30.4,-0.705185,-0.705493,0.041631,0.041389,-0.490092,-0.489962
30.39,30.39,-0.692313,-0.692456,0.046174,0.045347,-0.490429,-0.491817
30.48,30.48,-0.705179,-0.705148,0.041637,0.040621,-0.490592,-0.489887
29.16,29.16,0.399265,0.399277,-0.617853,-0.618699,-0.545068,-0.545278
30.49,30.48,-0.619076,-0.620356,0.130032,0.129119,-0.55596,-0.555952
30.52,30.52,-0.620549,-0.619338,0.12954,0.130153,-0.556981,-0.556152
30.12,30.12,-0.686235,-0.688759,0.094471,0.092775,-0.481314,-0.482567
30.7,30.7,-0.69829,-0.700187,0.041111,0.04128,-0.48603,-0.48623
30.12,30.12,-0.693172,-0.695086,0.091441,0.091603,-0.480407,-0.480847
30.49,30.49,-0.708165,-0.707158,0.037102,0.036955,-0.487664,-0.488448
30.49,30.49,-0.68887,-0.689593,0.045658,0.045196,-0.4879,-0.487837
30.22,30.21,-0.710992,-0.708944,0.086387,0.087453,-0.480619,-0.480278
30.43,30.43,-0.706154,-0.705615,0.038641,0.040347,-0.490634,-0.491282
30.27,30.27,-0.705544,-0.70534,0.087405,0.087512,-0.48056,-0.48233
30.49,30.49,-0.619564,-0.619432,0.129538,0.130233,-0.556471,-0.555796
30.66,30.67,-0.719493,-0.719304,0.031117,0.032628,-0.491336,-0.490461
30.51,30.51,-0.694811,-0.695882,0.045143,0.043615,-0.488459,-0.487744
30.22,30.22,-0.716397,-0.71535,0.082906,0.084073,-0.48321,-0.48458
30.68,30.66,-0.631518,-0.628106,0.126429,0.125756,-0.5506,-0.551219
30.4,30.39,-0.611617,-0.627537,0.128077,0.12871,-0.55692,-0.554056
29.89,29.91,-0.71935,-0.718584,0.083417,0.083243,-0.485233,-0.484162
30.45,30.47,-0.70567,-0.705581,0.039634,0.040317,-0.490118,-0.489609
30.68,30.68,-0.693299,-0.6933,0.041664,0.042314,-0.488986,-0.489595
30.49,30.48,-0.705194,-0.706021,0.041121,0.040427,-0.489095,-0.489716
29.2,29.2,0.391172,0.392791,-0.608515,-0.607925,-0.536017,-0.537704
28.89,28.89,0.581471,0.545671,-0.608359,-0.61826,-0.445707,-0.456844
30.69,30.69,-0.688378,-0.689727,0.045155,0.043836,-0.487401,-0.487994
30.68,30.68,-0.718026,-0.717669,0.032606,0.03319,-0.490305,-0.490992
30.7,30.7,-0.708135,-0.70814,0.037132,0.03623,-0.490168,-0.490639
30.36,30.35,-0.687878,-0.687907,0.047669,0.047889,-0.488871,-0.490652
29.2,29.2,0.399778,0.398943,-0.61984,-0.618596,-0.545587,-0.543937
28.48,28.45,-0.262431,-0.284246,-0.596633,-0.581576,-0.697834,-0.651436
30.6,30.59,-0.706687,-0.706976,0.0376,0.037677,-0.487145,-0.489115
30.09,30.09,-0.709449,-0.711379,0.084944,0.08456,-0.484629,-0.484379
30.6,30.6,-0.701246,-0.701496,0.042121,0.04254,-0.488048,-0.486843
30.39,30.39,-0.706022,-0.705416,0.087421,0.08765,-0.482067,-0.482234
29.51,29.51,-0.696134,-0.694803,0.091442,0.091474,-0.481434,-0.481247
28.67,28.68,0.143195,0.142926,-0.665197,-0.664903,-0.547328,-0.5461
30.24,30.24,-0.705151,-0.710031,0.043169,0.042077,-0.49358,-0.493865
30.36,30.36,-0.733712,-0.733363,0.078364,0.07738,-0.484413,-0.48625
30.55,30.54,-0.690871,-0.690715,0.046636,0.04532,-0.486905,-0.487705
30.7,30.7,-0.707654,-0.707779,0.03762,0.037669,-0.489156,-0.488651
30.43,30.43,-0.707142,-0.706328,0.040146,0.040415,-0.491628,-0.490972
29.03,29.03,0.658571,0.660815,-0.479448,-0.480997,-0.481643,-0.483996
30.14,30.13,-0.703067,-0.704804,0.08992,0.089078,-0.481512,-0.481797
30.64,30.64,-0.708179,-0.707172,0.038592,0.037433,-0.487146,-0.488749
30.36,30.36,-0.715057,-0.71664,0.038127,0.03788,-0.49222,-0.492022
30.48,30.47,-0.621075,-0.620893,0.129508,0.129351,-0.554481,-0.555533
28.57,28.57,-0.058435,-0.058272,-0.725969,-0.725001,-0.535242,-0.536091
30.34,30.34,-0.699107,-0.699618,0.088925,0.088672,-0.480487,-0.48122
30.34,30.33,-0.715394,-0.712644,0.081918,0.083266,-0.483713,-0.482913
30.3,30.3,-0.698228,-0.698764,0.043177,0.043846,-0.492017,-0.491823
30.46,30.46,-0.707157,-0.70655,0.039629,0.039779,-0.490131,-0.489979
29.2,29.2,0.40224,0.401365,-0.618846,-0.618485,-0.544553,-0.54662
29.56,29.55,-0.707,-0.706393,0.089436,0.088188,-0.484056,-0.482492
28.55,28.55,0.142667,0.143372,-0.663727,-0.663136,-0.545312,-0.546045
30.51,30.52,-0.629407,-0.603212,0.128569,0.132457,-0.562077,-0.558866
28.89,28.9,-0.233734,-0.231256,-0.658705,-0.66144,-0.501943,-0.499763
30.33,30.32,-0.729712,-0.729966,0.069889,0.070584,-0.483473,-0.481589
30.66,30.65,-0.707143,-0.70743,0.038139,0.03839,-0.490649,-0.488755
30.37,30.38,-0.611215,-0.617154,0.133,0.130661,-0.551351,-0.552866
28.61,28.56,-0.382292,-0.317518,-0.447509,-0.510555,-0.651606,-0.662956
30.45,30.45,-0.626984,-0.616738,0.126518,0.129473,-0.55657,-0.554769
29.65,29.64,-0.705515,-0.705869,0.086431,0.087591,-0.482574,-0.483326
29.68,29.68,-0.706007,-0.706,0.086934,0.087728,-0.483074,-0.483986
28.98,28.95,0.382081,0.339677,-0.578643,-0.641866,-0.576329,-0.576792
30.68,30.68,-0.694267,-0.69464,0.040681,0.041445,-0.490508,-0.489917
29.88,29.87,-0.720811,-0.71025,0.081933,0.08578,-0.486765,-0.484717
30.13,30.13,-0.703695,-0.703134,0.046654,0.046572,-0.492526,-0.492161
30.64,30.64,-0.707669,-0.707548,0.038107,0.037207,-0.488149,-0.488734
30.39,30.39,-0.7052,-0.705049,0.042118,0.042612,-0.489084,-0.490715
30.42,30.42,-0.70566,-0.705617,0.041149,0.041127,-0.491604,-0.490226
30.73,30.73,-0.691326,-0.690602,0.043666,0.043183,-0.488946,-0.488364
30.37,30.37,-0.721017,-0.721105,0.036591,0.037188,-0.490787,-0.490711
30.58,30.58,-0.70717,-0.707082,0.03761,0.037464,-0.48815,-0.489243
30.49,30.49,-0.707181,-0.707062,0.036096,0.037425,-0.486665,-0.488026
30.66,30.65,-0.70764,-0.707562,0.03613,0.036937,-0.489674,-0.489133
30.49,30.49,-0.707162,-0.707101,0.037118,0.036954,-0.488657,-0.488718
30.19,30.19,-0.704696,-0.704694,0.045136,0.044747,-0.491049,-0.491885
30.48,30.49,-0.618586,-0.618878,0.131031,0.129717,-0.555945,-0.556689
30.28,30.28,-0.685415,-0.686771,0.05067,0.04989,-0.488816,-0.489482
30.43,30.43,-0.705173,-0.705499,0.04064,0.040911,-0.490603,-0.490017
25.01,25.03,-0.95393,-0.946371,0.821876,0.819272,0.298457,0.303902
30.6,30.6,-0.707152,-0.707368,0.037628,0.037384,-0.489653,-0.489337
30.3,30.32,-0.707602,-0.703344,0.039176,0.041805,-0.494147,-0.491496
30.27,30.28,-0.706505,-0.705865,0.088434,0.087229,-0.483562,-0.483034
29.0,29.0,0.671607,0.671973,-0.483769,-0.485207,-0.491597,-0.491314
30.36,30.36,-0.723354,-0.721475,0.081359,0.08273,-0.481284,-0.482675
30.22,30.23,-0.687723,-0.688127,0.092458,0.092466,-0.480348,-0.480652
30.45,30.45,-0.613066,-0.612986,0.132121,0.132428,-0.561895,-0.561676
28.61,28.61,-0.079597,-0.079613,-0.711841,-0.710729,-0.513728,-0.513706
30.21,30.22,-0.691643,-0.691537,0.089482,0.090166,-0.48292,-0.48215
30.37,30.37,-0.692791,-0.693487,0.04619,0.045323,-0.491935,-0.491029
30.4,30.41,-0.704683,-0.705609,0.041639,0.040584,-0.490588,-0.489821
30.66,30.66,-0.70766,-0.707037,0.037614,0.038007,-0.488656,-0.488741
29.2,29.2,0.401293,0.401883,-0.619306,-0.619002,-0.548072,-0.54618
29.77,29.77,-0.706977,-0.706419,0.087453,0.087032,-0.48508,-0.483467
29.51,29.53,-0.705998,-0.706895,0.087445,0.087401,-0.48407,-0.484073
28.86,28.86,0.317264,0.317565,-0.661977,-0.663176,-0.510217,-0.511645
30.69,30.69,-0.71554,-0.714673,0.034629,0.034015,-0.491763,-0.491086
30.28,30.28,-0.722987,-0.721738,0.038602,0.03806,-0.492785,-0.492079
30.31,30.31,-0.689834,-0.690438,0.047186,0.047009,-0.490897,-0.490834
30.36,30.36,-0.721505,-0.720633,0.03409,0.036534,-0.490319,-0.492167
29.75,29.75,-0.705517,-0.706258,0.087934,0.087537,-0.483058,-0.483515
30.7,30.7,-0.716529,-0.716733,0.034126,0.033318,-0.491778,-0.491398
30.61,30.61,-0.707161,-0.706721,0.039124,0.038734,-0.489636,-0.489777
30.36,30.36,-0.607187,-0.6098,0.130569,0.130665,-0.55535,-0.552943
30.68,30.69,-0.690364,-0.690503,0.044643,0.043158,-0.486923,-0.488719
30.7,30.7,-0.714557,-0.716027,0.035125,0.033804,-0.491248,-0.491752
30.73,30.73,-0.691825,-0.691457,0.043159,0.042967,-0.488455,-0.488069
30.42,30.42,-0.706162,-0.70614,0.040138,0.041193,-0.490618,-0.49003
30.45,30.45,-0.622553,-0.622545,0.130013,0.128788,-0.55549,-0.554793
30.36,30.37,-0.695135,-0.696498,0.089949,0.088073,-0.481442,-0.481856
30.3,30.3,-0.685896,-0.68622,0.050181,0.049477,-0.489827,-0.489432
30.14,30.14,-0.704181,-0.703609,0.047163,0.045813,-0.493526,-0.492284
30.39,30.39,-0.706203,-0.705436,0.043106,0.041366,-0.488581,-0.490948
29.21,29.2,0.402759,0.402387,-0.61882,-0.618561,-0.546551,-0.544999
30.36,30.36,-0.705049,-0.70543,0.087407,0.087781,-0.480556,-0.482373
28.61,28.51,-0.50442,-0.508689,-0.515767,-0.506254,-0.445575,-0.408865
30.09,30.08,-0.702192,-0.703477,0.047176,0.046905,-0.494009,-0.491775
30.13,30.13,-0.705986,-0.705995,0.087457,0.087548,-0.485071,-0.483903
29.54,29.54,-0.706484,-0.706256,0.087954,0.087509,-0.48507,-0.48324
30.7,30.7,-0.70617,-0.706853,0.037122,0.037527,-0.488648,-0.487738
30.48,30.48,-0.705687,-0.706922,0.036108,0.037517,-0.487153,-0.486917
28.67,28.67,-0.073092,-0.072816,-0.751381,-0.75368,-0.542169,-0.542583
28.91,28.91,0.323094,0.322941,-0.68866,-0.687952,-0.529502,-0.528648
30.61,30.61,-0.707151,-0.706765,0.039635,0.038308,-0.490632,-0.489201
30.49,30.49,-0.706649,-0.707107,0.036134,0.037409,-0.489665,-0.487967
30.52,30.52,-0.619557,-0.618626,0.130547,0.129492,-0.557462,-0.556899
29.23,29.23,0.400298,0.400056,-0.619814,-0.619703,-0.547585,-0.546525
28.64,28.64,-0.079538,-0.079956,-0.714792,-0.713983,-0.517267,-0.51626
28.94,28.94,0.296291,0.296803,-0.639653,-0.63984,-0.548714,-0.547975
30.63,30.62,-0.70766,-0.706574,0.038618,0.039079,-0.489145,-0.48855
28.92,28.92,-0.393435,-0.390896,-0.822574,-0.8257,0.350313,0.345091
29.2,29.2,0.401788,0.401639,-0.619304,-0.619165,-0.548068,-0.54644
28.2,28.2,0.220146,0.219386,0.55126,0.552122,-0.557924,-0.558542
29.8,29.8,-0.706484,-0.706062,0.087954,0.08764,-0.48507,-0.483738
30.57,30.58,-0.704708,-0.706231,0.0361,0.037592,-0.486143,-0.487521
30.46,30.47,-0.621569,-0.620813,0.128004,0.129152,-0.554002,-0.555465
30.64,30.64,-0.704684,-0.706105,0.039632,0.039063,-0.489609,-0.489572
30.37,30.35,-0.713576,-0.714244,0.038127,0.038973,-0.491707,-0.492199
28.52,28.52,0.143662,0.142979,-0.662215,-0.664328,-0.546288,-0.545807
30.1,30.12,-0.704508,-0.705474,0.086952,0.087967,-0.484062,-0.483348
30.52,30.5,-0.706184,-0.706765,0.038612,0.03727,-0.488131,-0.488326
30.28,30.29,-0.714364,-0.713976,0.07494,0.074245,-0.483783,-0.483147
30.43,30.44,-0.63939,-0.62712,0.126459,0.12824,-0.555677,-0.555941
30.54,30.54,-0.706188,-0.706817,0.038107,0.037683,-0.487636,-0.487466
28.98,28.98,0.674628,0.675102,-0.48672,-0.486053,-0.494108,-0.494622
30.21,30.22,-0.692305,-0.701473,0.045681,0.044552,-0.490935,-0.49245
28.62,28.63,-0.078777,-0.077345,-0.731074,-0.731781,-0.53197,-0.532036
30.7,30.7,-0.716532,-0.716334,0.033621,0.033622,-0.491282,-0.490419
30.49,30.49,-0.620093,-0.619675,0.129001,0.129365,-0.553477,-0.555828
29.77,29.77,-0.70552,-0.705405,0.088432,0.087751,-0.483053,-0.483585
28.89,28.89,0.587356,0.557772,-0.605392,-0.612838,-0.441615,-0.452119
29.21,29.21,0.399288,0.399663,-0.619836,-0.619199,-0.546092,-0.544985
28.53,28.53,0.012585,-0.026764,-0.424226,-0.427019,-0.636392,-0.651616
30.51,30.49,-0.620048,-0.620441,0.128544,0.129273,-0.556988,-0.556336
30.51,30.49,-0.603715,-0.610617,0.132589,0.131704,-0.556299,-0.558372
30.63,30.63,-0.706665,-0.707088,0.039126,0.038301,-0.489632,-0.489174
30.48,30.48,-0.706197,-0.706358,0.037596,0.037268,-0.486639,-0.487987
28.67,28.67,-0.073156,-0.073052,-0.748437,-0.747423,-0.538129,-0.537786
29.21,29.21,0.399273,0.399383,-0.619349,-0.618892,-0.545085,-0.544528
29.62,29.64,-0.706505,-0.705908,0.088434,0.086929,-0.483562,-0.483489
30.73,30.72,-0.689828,-0.691073,0.041677,0.043232,-0.488956,-0.488403
25.53,25.53,-3.771987,-4.379881,-7.180863,-6.373362,4.360653,4.35011
30.39,30.39,-0.638423,-0.613967,0.126439,0.130386,-0.553665,-0.552201
29.5,29.5,-0.706496,-0.706313,0.087942,0.087727,-0.484068,-0.483548
30.49,30.49,-0.71755,-0.715988,0.036099,0.037113,-0.490261,-0.489009
30.37,30.37,-0.705529,-0.705915,0.087921,0.087334,-0.482057,-0.482698
30.49,30.49,-0.619564,-0.619911,0.129538,0.130099,-0.556471,-0.55467
28.61,28.61,-0.077814,-0.077405,-0.717059,-0.717956,-0.53581,-0.532757
30.58,30.6,-0.725478,-0.72449,0.033065,0.032699,-0.489363,-0.49012
30.58,30.58,-0.707173,-0.706991,0.039112,0.038755,-0.488635,-0.489533
30.49,30.49,-0.707171,-0.706513,0.036607,0.037822,-0.487661,-0.487672
30.68,30.68,-0.704163,-0.702115,0.037153,0.038464,-0.490634,-0.490807
30.58,30.57,-0.706663,-0.706664,0.037624,0.037477,-0.489148,-0.488533
29.16,29.16,0.399749,0.39986,-0.617863,-0.61937,-0.544062,-0.54523
29.56,29.56,-0.691152,-0.690629,0.091484,0.090973,-0.483394,-0.483005
30.4,30.4,-0.706153,-0.705568,0.040648,0.041799,-0.491614,-0.490473
30.49,30.49,-0.709677,-0.711068,0.038076,0.03931,-0.486164,-0.488501
30.51,30.51,-0.706209,-0.706983,0.037584,0.036627,-0.485638,-0.48803
30.43,30.43,-0.705179,-0.705797,0.040634,0.040739,-0.490103,-0.490758
28.67,28.66,-0.076791,-0.077105,-0.730562,-0.730856,-0.532448,-0.532169
30.49,30.49,-0.707181,-0.706209,0.036096,0.037273,-0.486665,-0.487545
30.4,30.4,-0.620571,-0.621888,0.128014,0.12936,-0.554494,-0.554405
29.66,29.68,-0.705998,-0.706282,0.086442,0.086901,-0.48358,-0.482921
28.91,28.91,0.311958,0.297793,-0.656348,-0.641288,-0.565797,-0.54921
30.04,30.04,-0.703201,-0.702066,0.048158,0.048768,-0.493006,-0.493209
30.25,30.25,-0.704538,-0.70547,0.086922,0.087564,-0.481559,-0.482626
30.49,30.48,-0.621561,-0.621038,0.13102,0.128974,-0.555971,-0.555293
28.67,28.67,-0.072098,-0.072625,-0.752879,-0.752723,-0.541676,-0.544063
30.49,30.49,-0.70617,-0.707024,0.037122,0.037168,-0.488648,-0.488219
28.53,28.52,0.146552,0.147263,-0.939614,-0.938812,-0.58096,-0.581536
29.2,29.2,0.402231,0.399693,-0.617349,-0.619675,-0.544536,-0.54522
28.65,28.65,-0.078772,-0.078708,-0.732071,-0.731841,-0.531981,-0.531613
29.21,29.2,0.400785,0.399732,-0.61932,-0.619496,-0.547075,-0.546064
30.63,30.64,-0.706647,-0.706935,0.039144,0.038531,-0.491134,-0.489586
30.49,30.49,-0.707176,-0.70734,0.038608,0.037137,-0.488139,-0.488703
30.48,30.48,-0.706176,-0.70683,0.038119,0.037259,-0.488637,-0.487876
29.48,29.47,-0.705511,-0.706213,0.08794,0.087939,-0.483559,-0.482919
30.42,30.4,-0.72379,-0.723509,0.080414,0.079812,-0.485806,-0.485791
30.69,30.69,-0.699214,-0.699475,0.037664,0.038964,-0.490084,-0.490407
29.79,29.77,-0.706007,-0.706307,0.086934,0.087472,-0.483074,-0.483125
29.16,29.16,0.399787,0.39986,-0.61933,-0.619737,-0.546583,-0.545475
30.34,30.34,-0.701761,-0.700839,0.04561,0.045263,-0.488013,-0.488249
28.36,28.36,0.141522,0.142008,-0.934189,-0.934357,-0.577436,-0.578646
28.64,28.66,0.142165,0.14279,-0.662731,-0.664393,-0.545305,-0.545815
30.68,30.66,-0.605767,-0.613461,0.128502,0.127294,-0.54885,-0.552096
30.69,30.68,-0.707164,-0.706941,0.037616,0.038385,-0.488651,-0.489457
29.07,29.07,0.392666,0.392786,-0.6075,-0.607004,-0.536994,-0.538455
29.07,29.07,0.407306,0.407607,-0.624235,-0.624451,-0.551081,-0.552108
28.65,28.65,-0.079273,-0.078367,-0.731076,-0.731851,-0.531975,-0.53154
30.34,30.34,-0.716558,-0.715175,0.037106,0.038545,-0.490742,-0.492542
30.09,30.08,-0.704525,-0.705337,0.087937,0.087841,-0.483049,-0.483173
30.09,30.1,-0.705019,-0.705303,0.087437,0.08779,-0.483059,-0.482642
30.51,30.51,-0.715555,-0.705925,0.035115,0.039246,-0.490756,-0.489779
30.37,30.37,-0.607225,-0.635876,0.131032,0.127917,-0.55234,-0.554192
30.64,30.63,-0.705174,-0.706374,0.039636,0.03888,-0.490114,-0.489346
28.76,28.76,0.142176,0.142766,-0.664726,-0.664358,-0.545328,-0.545464
30.58,30.58,-0.706674,-0.707545,0.038616,0.03693,-0.488636,-0.488492
30.55,30.55,-0.619564,-0.619063,0.129538,0.12975,-0.556471,-0.55656
29.63,29.65,-0.722314,-0.716211,0.081411,0.08486,-0.485282,-0.483086
30.36,30.36,-0.720001,-0.718414,0.036619,0.036611,-0.492781,-0.492853
30.7,30.7,-0.706161,-0.707096,0.037632,0.038062,-0.489644,-0.48839
27.11,27.11,0.246336,0.245959,-0.649738,-0.650271,-0.5137,-0.513048
30.51,30.49,-0.706165,-0.705484,0.040636,0.04044,-0.490612,-0.489421
30.09,30.1,-0.702214,-0.701796,0.050162,0.048641,-0.493475,-0.493749
30.04,30.04,-0.702212,-0.701547,0.049664,0.04913,-0.493481,-0.495344
30.49,30.49,-0.709127,-0.707873,0.036125,0.036902,-0.489687,-0.487939
29.21,29.21,0.399767,0.399962,-0.617846,-0.619975,-0.545564,-0.546408
25.32,25.34,-0.073031,0.738179,-8.099411,-8.092984,4.111403,4.179379
29.77,29.76,-0.705526,-0.706406,0.088426,0.087607,-0.482552,-0.483571
28.94,28.94,0.282075,0.282879,-0.621985,-0.622282,-0.529103,-0.529826
29.72,29.71,-0.704517,-0.706095,0.087445,0.087422,-0.483556,-0.48344
29.63,29.6,-0.705024,-0.705562,0.088434,0.088449,-0.483048,-0.483248
30.7,30.7,-0.724947,-0.723944,0.031096,0.031634,-0.491384,-0.491354
29.07,29.07,0.405753,0.404364,-0.617787,-0.617277,-0.548517,-0.549094
28.23,28.23,0.21914,0.218524,0.551743,0.551197,-0.556926,-0.557794
30.51,30.5,-0.621547,-0.619549,0.12953,0.129909,-0.556489,-0.556622
28.64,28.64,-0.071019,-0.071172,-0.75981,-0.76007,-0.545752,-0.545746
30.52,30.52,-0.719991,-0.717541,0.03362,0.034803,-0.492314,-0.492425
30.63,30.63,-0.62551,-0.625772,0.123501,0.124605,-0.554087,-0.553506
30.73,30.73,-0.690843,-0.690867,0.043656,0.042809,-0.48794,-0.488431
29.51,29.52,-0.705491,-0.695184,0.085452,0.089833,-0.484088,-0.483453
30.64,30.64,-0.705656,-0.706288,0.038144,0.039058,-0.490636,-0.489208
29.2,29.2,0.399267,0.399193,-0.619355,-0.618629,-0.544584,-0.545764
30.46,30.46,-0.705669,-0.706449,0.040638,0.039932,-0.490608,-0.489796
30.07,30.08,-0.702188,-0.701995,0.048684,0.0486,-0.494994,-0.493701
30.54,30.53,-0.620567,-0.620362,0.130525,0.128927,-0.555968,-0.55615
30.7,30.71,-0.688841,-0.690072,0.043681,0.043215,-0.489425,-0.488349
25.59,25.61,-1.694519,-1.753293,-0.996966,-1.143107,0.753767,0.838599
30.39,30.38,-0.619617,-0.621098,0.130487,0.129902,-0.552454,-0.55319
29.54,29.54,-0.70701,-0.706871,0.087922,0.087336,-0.48257,-0.483137
30.69,30.69,-0.707646,-0.708241,0.036124,0.036473,-0.489173,-0.490186
28.76,28.76,0.141682,0.142741,-0.662721,-0.664224,-0.546311,-0.546259
28.65,28.65,-0.07537,-0.074508,-0.730622,-0.731924,-0.526927,-0.527515
30.42,30.42,-0.622553,-0.622541,0.130013,0.129288,-0.55549,-0.554526
30.61,30.61,-0.708168,-0.707375,0.038604,0.038195,-0.488148,-0.489944
30.07,30.07,-0.704166,-0.703526,0.046676,0.047005,-0.494533,-0.493933
30.64,30.64,-0.706147,-0.706779,0.039651,0.038895,-0.491625,-0.489119
30.52,30.53,-0.708641,-0.707611,0.036619,0.037008,-0.489177,-0.487981
30.48,30.48,-0.70716,-0.706198,0.040128,0.039952,-0.490125,-0.488852
30.48,30.48,-0.706661,-0.708061,0.036122,0.037283,-0.488664,-0.487771
30.12,30.12,-0.7065,-0.706141,0.086434,0.08766,-0.483084,-0.483367
29.8,29.8,-0.707515,-0.706325,0.088413,0.08785,-0.482069,-0.483818
30.7,30.71,-0.707648,-0.70772,0.03863,0.037684,-0.490147,-0.488685
29.79,29.8,-0.706512,-0.706057,0.087425,0.087641,-0.482572,-0.483362
30.52,30.51,-0.618073,-0.618461,0.130048,0.129734,-0.556953,-0.557957
28.65,28.65,-0.078281,-0.078046,-0.731072,-0.732122,-0.531966,-0.531675
30.48,30.48,-0.706669,-0.706621,0.037618,0.037261,-0.488647,-0.487939
29.68,29.69,-0.707014,-0.706351,0.087417,0.087909,-0.482075,-0.483812
30.49,30.49,-0.689373,-0.68972,0.044647,0.044906,-0.486915,-0.488647
30.52,30.52,-0.618056,-0.617913,0.128059,0.130065,-0.557477,-0.557473
28.61,28.61,-0.072845,-0.072415,-0.723547,-0.724529,-0.533837,-0.532467
30.49,30.49,-0.705679,-0.704916,0.040127,0.040786,-0.489612,-0.488957
30.46,30.48,-0.614094,-0.614152,0.132081,0.132042,-0.558899,-0.560608
30.42,30.42,-0.705206,-0.70507,0.041109,0.041116,-0.488094,-0.489931
30.54,30.54,-0.710124,-0.710528,0.038122,0.036874,-0.490174,-0.491905
30.54,30.54,-0.621039,-0.620144,0.129544,0.12956,-0.557486,-0.555239
28.48,28.48,0.143175,0.142187,-0.663713,-0.66261,-0.546309,-0.546696
30.19,30.19,-0.703178,-0.703511,0.046175,0.045552,-0.494029,-0.492902
29.12,29.12,0.398751,0.398539,-0.617873,-0.619097,-0.54357,-0.544723
30.51,30.51,-0.706659,-0.705305,0.039132,0.040647,-0.490133,-0.489187
30.49,30.51,-0.712647,-0.707735,0.039573,0.040011,-0.487174,-0.488043
30.25,30.25,-0.69038,-0.690753,0.049642,0.049142,-0.487868,-0.488293
30.49,30.5,-0.705687,-0.705858,0.041623,0.040793,-0.489595,-0.490287
30.61,30.61,-0.707646,-0.707563,0.036124,0.037021,-0.489173,-0.489849
30.49,30.49,-0.707168,-0.706546,0.037112,0.036544,-0.488156,-0.487651
30.64,30.64,-0.707176,-0.707265,0.038608,0.038627,-0.488139,-0.489808
30.4,30.4,-0.706168,-0.706405,0.040132,0.04122,-0.490117,-0.490682
30.46,30.47,-0.707176,-0.70698,0.038608,0.037297,-0.488139,-0.488182
30.4,30.4,-0.703185,-0.704873,0.040653,0.041903,-0.491087,-0.490161
30.7,30.7,-0.704664,-0.702039,0.038148,0.038,-0.490627,-0.489905
30.45,30.46,-0.639871,-0.629364,0.126974,0.128028,-0.557178,-0.555597
28.62,28.62,-0.079584,-0.080101,-0.715338,-0.713325,-0.513267,-0.512432
30.28,30.28,-0.705642,-0.709729,0.040163,0.040618,-0.492616,-0.492777
30.36,30.36,-0.722988,-0.723963,0.036596,0.035826,-0.491806,-0.491607
30.16,30.16,-0.704201,-0.703486,0.045138,0.045698,-0.491045,-0.492184
30.33,30.32,-0.721512,-0.723227,0.037592,0.036157,-0.49128,-0.491913
28.62,28.63,-0.077766,-0.077036,-0.732554,-0.731849,-0.53298,-0.531699
30.48,30.48,-0.706176,-0.707495,0.037116,0.037426,-0.488147,-0.487855
30.6,30.6,-0.704735,-0.703358,0.041087,0.041481,-0.486086,-0.487748
28.53,28.53,-0.128296,-0.127776,0.680925,0.680375,-0.585027,-0.585555
30.7,30.7,-0.692343,-0.69154,0.042635,0.042928,-0.486462,-0.488611
29.57,29.57,-0.71787,-0.715607,0.082413,0.085256,-0.48423,-0.483933
28.62,28.62,-0.076825,-0.077256,-0.736612,-0.738295,-0.527007,-0.529539
29.13,29.13,0.42141,0.420698,-0.630481,-0.632844,-0.566556,-0.566089
28.43,28.42,0.135563,0.1359,-0.934722,-0.933452,-0.576492,-0.578709
30.16,30.16,-0.704187,-0.703644,0.047157,0.04624,-0.493025,-0.492064
30.49,30.49,-0.707147,-0.707369,0.036631,0.036305,-0.489664,-0.489179
30.45,30.45,-0.706205,-0.705791,0.039092,0.040043,-0.486623,-0.488031
29.8,29.78,-0.707485,-0.70601,0.087439,0.08814,-0.484083,-0.483391
29.75,29.75,-0.706511,-0.705967,0.089432,0.087953,-0.483551,-0.483578
30.12,30.11,-0.705503,-0.705124,0.086443,0.08745,-0.483576,-0.48294
30.49,30.49,-0.690351,-0.691672,0.045659,0.044027,-0.488414,-0.489601
29.09,29.1,0.392177,0.393843,-0.612008,-0.61294,-0.535547,-0.537611
30.7,30.7,-0.707179,-0.70638,0.038103,0.037421,-0.487644,-0.488281
30.39,30.39,-0.705189,-0.705341,0.040123,0.041899,-0.489107,-0.49002
30.64,30.65,-0.705695,-0.70704,0.038607,0.038575,-0.487626,-0.48874
30.51,30.5,-0.690872,-0.689355,0.044629,0.045798,-0.485926,-0.4889
30.58,30.58,-0.624044,-0.623902,0.123987,0.12546,-0.552566,-0.552228
30.31,30.31,-0.724487,-0.723496,0.037581,0.036426,-0.491306,-0.491947
29.83,29.83,-0.706001,-0.705744,0.08694,0.087482,-0.483575,-0.484563
30.48,30.49,-0.613099,-0.613915,0.13259,0.131635,-0.559386,-0.56034
30.54,30.56,-0.620069,-0.619104,0.129025,0.129287,-0.55548,-0.557046
30.31,30.31,-0.723475,-0.724381,0.036101,0.035833,-0.492316,-0.491922
30.7,30.7,-0.621087,-0.625748,0.124984,0.125964,-0.551527,-0.551932
30.33,30.33,-0.719018,-0.72063,0.038118,0.038804,-0.492756,-0.490503
30.49,30.49,-0.620567,-0.619538,0.130525,0.129629,-0.555968,-0.55661
30.31,30.31,-0.686886,-0.687963,0.047673,0.049582,-0.488862,-0.490428
30.37,30.38,-0.706652,-0.705996,0.040142,0.041004,-0.491122,-0.490441
30.6,30.62,-0.705679,-0.706337,0.039124,0.038336,-0.489122,-0.488956
29.95,29.95,-0.689685,-0.690916,0.092974,0.092542,-0.482363,-0.480816
30.42,30.42,-0.706174,-0.705733,0.041129,0.040759,-0.490106,-0.490707
29.91,29.92,-0.708445,-0.70931,0.08496,0.085145,-0.485622,-0.485136
30.58,30.57,-0.611583,-0.618305,0.129615,0.130238,-0.560408,-0.55795
30.22,30.22,-0.690642,-0.694756,0.089996,0.089887,-0.483907,-0.481936
28.53,28.53,0.143195,0.143193,-0.665197,-0.664296,-0.547328,-0.546351
29.56,29.55,-0.723313,-0.720213,0.083907,0.084768,-0.485763,-0.484173
28.55,28.54,0.147559,0.147157,-0.939094,-0.938283,-0.582448,-0.581536
28.67,28.67,-0.078768,-0.077465,-0.730563,-0.730695,-0.532966,-0.532406
30.46,30.45,-0.62057,-0.622777,0.129017,0.128773,-0.554983,-0.554905
30.31,30.31,-0.688869,-0.688789,0.048668,0.048598,-0.489369,-0.490536
29.54,29.54,-0.706999,-0.705785,0.086931,0.087325,-0.483083,-0.483198
30.49,30.49,-0.707179,-0.706985,0.038103,0.037006,-0.487644,-0.487615
30.51,30.51,-0.707664,-0.707389,0.036106,0.037097,-0.487671,-0.488273
30.46,30.47,-0.68983,-0.690418,0.044182,0.044653,-0.489929,-0.488602
30.6,30.61,-0.691314,-0.69123,0.043678,0.043754,-0.489948,-0.48919
30.64,30.68,-0.718526,-0.718728,0.0321,0.032746,-0.489814,-0.490946
29.74,29.75,-0.705018,-0.705385,0.08844,0.087836,-0.483549,-0.483244
29.72,29.71,-0.685707,-0.688034,0.093001,0.092534,-0.48333,-0.481813
30.46,30.46,-0.706672,-0.706952,0.037114,0.03714,-0.488152,-0.487944
30.39,30.39,-0.705672,-0.705241,0.04214,0.042041,-0.491091,-0.490578
30.64,30.65,-0.707678,-0.706661,0.0386,0.038784,-0.487643,-0.48934
30.05,30.07,-0.703703,-0.703443,0.047147,0.047085,-0.492019,-0.493045
29.15,29.15,0.400773,0.402528,-0.618329,-0.618348,-0.546563,-0.546062
30.24,30.24,-0.705037,-0.70584,0.087419,0.087461,-0.481557,-0.4824
30.45,30.45,-0.607192,-0.612462,0.131567,0.130098,-0.555339,-0.55477
29.62,29.62,-0.705984,-0.706155,0.085955,0.087827,-0.484587,-0.483962
28.68,28.67,-0.075325,-0.076318,-0.730076,-0.730192,-0.530927,-0.531954
30.63,30.66,-0.707671,-0.706897,0.039609,0.038856,-0.488633,-0.489181
28.5,28.5,0.08052,0.080483,-0.874745,-0.874637,-0.520694,-0.522201
30.52,30.51,-0.621544,-0.618618,0.129032,0.12954,-0.556494,-0.556378
29.2,29.2,0.400256,0.399837,-0.618853,-0.619695,-0.54457,-0.545184
30.43,30.42,-0.70615,-0.706019,0.041153,0.041331,-0.492109,-0.490307
30.51,30.52,-0.626436,-0.623634,0.128075,0.128472,-0.561556,-0.561342
30.49,30.49,-0.704675,-0.705529,0.040143,0.04059,-0.490604,-0.489475
30.39,30.39,-0.706152,-0.705628,0.041652,0.041708,-0.492103,-0.490405
30.58,30.58,-0.706651,-0.707141,0.036633,0.03769,-0.48966,-0.489417
22.24,22.24,-0.455146,-0.455724,0.09035,0.090255,-0.563501,-0.562856
30.49,30.48,-0.704207,-0.70529,0.039616,0.039729,-0.488102,-0.488751
30.4,30.39,-0.606198,-0.628796,0.131072,0.12829,-0.555336,-0.553911
28.24,28.24,0.214688,0.215528,0.547725,0.547099,-0.556008,-0.557596
30.57,30.56,-0.618142,-0.629337,0.125969,0.123844,-0.549487,-0.553565
30.33,30.33,-0.691812,-0.691266,0.046182,0.047448,-0.490925,-0.490671
30.69,30.69,-0.706666,-0.706844,0.03712,0.037741,-0.488653,-0.487735
30.14,30.14,-0.70268,-0.703117,0.045678,0.046208,-0.494031,-0.49218
28.53,28.52,0.138096,0.13888,-0.934659,-0.935457,-0.580977,-0.579868
30.51,30.51,-0.610145,-0.611604,0.133082,0.131727,-0.557852,-0.557193
30.63,30.63,-0.706661,-0.705619,0.039631,0.038538,-0.490127,-0.488903
30.13,30.13,-0.705009,-0.704935,0.087947,0.087776,-0.484055,-0.483491
29.48,29.48,-0.706529,-0.703132,0.08841,0.088388,-0.481559,-0.483213
30.52,30.52,-0.596759,-0.631616,0.132128,0.128849,-0.557245,-0.561633
30.36,30.35,-0.621557,-0.622795,0.128016,0.129041,-0.555003,-0.553079
30.51,30.51,-0.696234,-0.694601,0.04119,0.042562,-0.492022,-0.490294
30.49,30.51,-0.618569,-0.61943,0.130046,0.129618,-0.556958,-0.55692
29.56,29.56,-0.706001,-0.705903,0.087944,0.087466,-0.484064,-0.482912
30.52,30.52,-0.696307,-0.697308,0.04563,0.044163,-0.487965,-0.48734
29.74,29.74,-0.70552,-0.705826,0.088432,0.08754,-0.483053,-0.483166
29.63,29.63,-0.705018,-0.705573,0.08844,0.087961,-0.483549,-0.483339
30.37,30.38,-0.704984,-0.704255,0.084462,0.084386,-0.484596,-0.48461
30.33,30.33,-0.714627,-0.71239,0.04007,0.041052,-0.487686,-0.489404
30.58,30.58,-0.707155,-0.706727,0.038127,0.037971,-0.489647,-0.488949
30.52,30.53,-0.62355,-0.623999,0.125491,0.125096,-0.553046,-0.552243
28.61,28.61,-0.07435,-0.074102,-0.723571,-0.723569,-0.532347,-0.532802
28.88,28.88,0.285125,0.290464,-0.626913,-0.631208,-0.533139,-0.539307
30.64,30.65,-0.712093,-0.711532,0.036624,0.035814,-0.490709,-0.49161
30.68,30.68,-0.707166,-0.706683,0.040122,0.038391,-0.489625,-0.488598
30.13,30.13,-0.703703,-0.703499,0.047147,0.046492,-0.492019,-0.492681
29.15,29.15,0.415864,0.412595,-0.629089,-0.629113,-0.559577,-0.558228
28.91,28.91,0.325096,0.324906,-0.692143,-0.691289,-0.529524,-0.530127
29.21,29.21,0.399259,0.399469,-0.617859,-0.61869,-0.544567,-0.545562
29.74,29.74,-0.705509,-0.705528,0.086437,0.087591,-0.483075,-0.482827
30.61,30.61,-0.706639,-0.706898,0.036645,0.036448,-0.490661,-0.489694
29.65,29.66,-0.697628,-0.701734,0.09143,0.089864,-0.480947,-0.481416
30.48,30.48,-0.620073,-0.620862,0.127517,0.128987,-0.554495,-0.555507
30.19,30.21,-0.703193,-0.70276,0.046662,0.045567,-0.493022,-0.492249
30.39,30.39,-0.705042,-0.705835,0.088416,0.087335,-0.481546,-0.481941
29.54,29.53,-0.706034,-0.706308,0.088412,0.087727,-0.481555,-0.482762
28.76,28.76,0.1432,0.143161,-0.667198,-0.664729,-0.546849,-0.545575
29.84,29.84,-0.706013,-0.706149,0.087932,0.087537,-0.483063,-0.483479
29.81,29.78,-0.7065,-0.705753,0.087437,0.087268,-0.483573,-0.483348
30.61,30.62,-0.707164,-0.706821,0.037616,0.037418,-0.488651,-0.488245
30.57,30.57,-0.695313,-0.694359,0.044132,0.044936,-0.487473,-0.486373
30.45,30.44,-0.621081,-0.621867,0.130505,0.128829,-0.55447,-0.554671
28.36,28.34,-0.568857,-0.560796,-0.412192,-0.40883,-0.451974,-0.461953
30.63,30.63,-0.70616,-0.707278,0.038635,0.038719,-0.490134,-0.48874
30.57,30.57,-0.707156,-0.707512,0.037124,0.038026,-0.489158,-0.488825
30.49,30.48,-0.708655,-0.707401,0.037106,0.036875,-0.488169,-0.488066
30.33,30.33,-0.705535,-0.706593,0.086912,0.086309,-0.481067,-0.482726
30.34,30.35,-0.622106,-0.623049,0.129967,0.128714,-0.55148,-0.552894
30.51,30.51,-0.719531,-0.718301,0.03459,0.034218,-0.489795,-0.491291
30.7,30.69,-0.708145,-0.707486,0.035618,0.037871,-0.488683,-0.489192
30.61,30.61,-0.705671,-0.706659,0.038631,0.03837,-0.489629,-0.489755
29.81,29.8,-0.706497,-0.706235,0.086938,0.087741,-0.483579,-0.483437
30.37,30.38,-0.706183,-0.70522,0.041622,0.041751,-0.489599,-0.490922
30.7,30.71,-0.715059,-0.715593,0.035117,0.033702,-0.490752,-0.491874
30.21,30.21,-0.722834,-0.72135,0.081385,0.082481,-0.483283,-0.484314
28.56,28.56,0.143157,0.142472,-0.662727,-0.663237,-0.545296,-0.545814
30.69,30.69,-0.705677,-0.706354,0.038625,0.037446,-0.489128,-0.488751
26.6,26.87,-0.010435,0.0026,0.677737,0.706223,-0.530445,-0.502371
30.13,30.13,-0.703198,-0.703542,0.047659,0.046378,-0.493011,-0.492743
29.21,29.21,0.399766,0.399362,-0.619852,-0.618758,-0.544585,-0.545288
28.56,28.54,-0.283692,-0.301281,-0.770089,-0.761381,-0.463068,-0.442636
30.36,30.34,-0.706541,-0.705441,0.088398,0.087634,-0.480558,-0.48222
29.69,29.69,-0.720858,-0.720943,0.084896,0.083595,-0.484228,-0.483943
29.77,29.76,-0.706494,-0.706929,0.087443,0.087422,-0.484074,-0.483703
28.97,28.97,0.474521,0.47225,-0.556052,-0.556909,-0.726535,-0.726985
30.49,30.48,-0.621037,-0.620395,0.128042,0.129186,-0.557002,-0.555661
30.63,30.63,-0.705679,-0.705892,0.040127,0.039384,-0.489612,-0.48842
30.18,30.18,-0.703725,-0.703449,0.046624,0.045926,-0.490022,-0.491655
30.72,30.72,-0.689331,-0.690302,0.043685,0.043022,-0.48993,-0.487692
30.45,30.43,-0.622061,-0.622344,0.12951,0.129092,-0.554991,-0.554296
30.43,30.41,-0.603785,-0.611867,0.132019,0.130663,-0.550296,-0.552159
28.64,28.65,-0.075301,-0.074939,-0.731055,-0.730813,-0.532441,-0.53258
30.24,30.25,-0.702545,-0.703703,0.088443,0.086315,-0.483027,-0.483952
29.81,29.8,-0.7065,-0.706156,0.087437,0.08746,-0.483573,-0.482904
30.69,30.68,-0.719012,-0.718856,0.032609,0.032556,-0.490814,-0.490989
29.57,29.57,-0.690198,-0.690771,0.094961,0.092664,-0.481844,-0.4818
30.66,30.65,-0.70669,-0.706607,0.038099,0.038919,-0.487139,-0.488967
30.55,30.56,-0.706642,-0.706903,0.037143,0.036969,-0.490656,-0.489092
30.3,30.29,-0.691828,-0.690497,0.048171,0.048158,-0.490402,-0.4898
29.53,29.53,-0.707013,-0.705878,0.08842,0.087833,-0.482565,-0.483097
30.46,30.46,-0.704696,-0.706596,0.03962,0.039823,-0.488607,-0.489884
30.66,30.66,-0.707161,-0.70776,0.038121,0.037598,-0.489146,-0.488587
30.61,30.61,-0.707639,-0.707553,0.038137,0.037934,-0.490653,-0.488631
29.21,29.21,0.401259,0.401503,-0.619841,-0.61868,-0.545073,-0.54609
29.81,29.8,-0.706517,-0.706093,0.088422,0.088556,-0.482561,-0.484454
30.7,30.69,-0.696276,-0.694838,0.042151,0.040938,-0.489006,-0.490134
30.52,30.52,-0.706687,-0.707163,0.0376,0.037577,-0.487145,-0.488311
30.51,30.51,-0.707658,-0.707554,0.037116,0.037045,-0.488661,-0.48818
30.48,30.48,-0.620556,-0.620317,0.12853,0.129354,-0.55599,-0.55639
30.51,30.51,-0.620059,-0.619835,0.130539,0.129272,-0.556965,-0.556442
30.6,30.6,-0.707651,-0.706709,0.038125,0.037191,-0.489651,-0.487956
30.55,30.55,-0.606641,-0.627716,0.128114,0.129746,-0.558379,-0.557727
30.48,30.48,-0.690348,-0.689358,0.046163,0.045769,-0.488909,-0.489426
30.54,30.54,-0.604167,-0.622121,0.130124,0.130416,-0.558835,-0.558186
29.92,29.92,-0.694178,-0.694184,0.092927,0.092108,-0.479898,-0.481079
30.72,30.72,-0.691332,-0.690607,0.04366,0.043264,-0.488445,-0.488013
29.0,29.0,0.671095,0.671937,-0.486294,-0.485344,-0.489125,-0.4907
30.45,30.45,-0.62107,-0.620776,0.12851,0.129475,-0.554492,-0.555401
29.53,29.53,-0.705998,-0.707174,0.086442,0.087715,-0.48358,-0.482885
30.45,30.44,-0.620096,-0.621065,0.128496,0.129387,-0.552981,-0.554818
30.68,30.69,-0.60574,-0.633686,0.128028,0.123998,-0.550858,-0.552775
30.33,30.33,-0.693606,-0.695549,0.088993,0.088055,-0.484445,-0.481232
29.81,29.81,-0.705493,-0.706446,0.086954,0.087271,-0.484572,-0.483434
30.6,30.61,-0.707175,-0.706709,0.039611,0.039483,-0.488629,-0.489007
30.54,30.55,-0.695254,-0.693582,0.042185,0.042906,-0.491502,-0.489891
29.92,29.92,-0.700101,-0.70003,0.091427,0.090014,-0.481469,-0.48173
30.61,30.61,-0.707138,-0.707552,0.037142,0.038551,-0.49066,-0.490197
30.7,30.7,-0.706173,-0.706902,0.03762,0.037767,-0.488643,-0.489073
30.66,30.64,-0.707181,-0.706571,0.040609,0.038309,-0.488618,-0.489269
29.77,29.75,-0.707982,-0.706238,0.085431,0.087588,-0.483108,-0.483564
30.6,30.59,-0.708658,-0.707588,0.037605,0.037397,-0.488163,-0.488377
30.49,30.5,-0.704179,-0.705286,0.040145,0.040892,-0.4906,-0.490036
30.64,30.64,-0.708651,-0.706823,0.038614,0.038495,-0.489154,-0.488183
30.72,30.71,-0.706657,-0.706765,0.036627,0.038132,-0.489159,-0.489103
30.3,30.3,-0.704712,-0.705978,0.044619,0.044638,-0.489552,-0.488987
30.72,30.72,-0.691339,-0.691185,0.042651,0.042797,-0.487455,-0.488789
29.23,29.23,0.400767,0.399833,-0.619338,-0.618716,-0.545573,-0.544076
30.46,30.44,-0.621592,-0.622519,0.129987,0.128959,-0.552978,-0.554936
30.46,30.46,-0.600777,-0.624273,0.131561,0.128568,-0.552779,-0.555717
28.5,28.5,0.13858,0.138721,-0.934669,-0.934451,-0.579972,-0.579833
29.95,29.95,-0.695182,-0.695108,0.090905,0.091631,-0.477926,-0.481058
29.63,29.64,-0.705514,-0.705668,0.087435,0.08779,-0.483064,-0.483587
30.7,30.7,-0.717542,-0.716491,0.0336,0.033553,-0.489789,-0.491012
30.46,30.48,-0.690352,-0.690514,0.044655,0.044356,-0.487925,-0.489197
30.58,30.59,-0.709144,-0.707425,0.038114,0.037266,-0.489164,-0.488672
30.51,30.51,-0.717518,-0.716296,0.033624,0.03508,-0.491792,-0.490578
26.93,26.91,9.289431,9.530145,6.215305,6.287641,-6.427529,-7.040679
30.58,30.57,-0.706161,-0.706713,0.036629,0.037498,-0.489155,-0.488999
29.12,29.13,0.400784,0.400119,-0.620323,-0.620331,-0.546585,-0.545304
30.51,30.51,-0.689369,-0.689,0.046155,0.045486,-0.487899,-0.489356
28.24,28.22,0.215727,0.216616,0.551285,0.552088,-0.561468,-0.558682
29.77,29.8,-0.707002,-0.706395,0.087429,0.087508,-0.483077,-0.483642
22.33,22.33,-0.45414,-0.454624,0.085355,0.085945,-0.562547,-0.564533
30.66,30.65,-0.613216,-0.617792,0.128463,0.127411,-0.547913,-0.551131
30.6,30.6,-0.706668,-0.706725,0.039625,0.039687,-0.489626,-0.488574
30.6,30.6,-0.706659,-0.70695,0.039132,0.039308,-0.490133,-0.489081
28.7,28.81,-0.289075,0.053068,-0.604629,-0.63819,-0.705168,-0.700452
30.14,30.15,-0.703692,-0.703434,0.046155,0.045986,-0.492531,-0.492055
30.72,30.72,-0.70911,-0.709002,0.034136,0.03568,-0.490211,-0.490808
30.57,30.58,-0.605244,-0.616048,0.12803,0.126143,-0.550854,-0.551751
30.25,30.25,-0.705045,-0.705192,0.087911,0.087883,-0.481051,-0.482876
30.21,30.21,-0.723312,-0.721778,0.081401,0.083375,-0.484789,-0.483301
30.49,30.49,-0.70618,-0.705684,0.04012,0.040668,-0.489115,-0.490222
28.61,28.61,-0.073589,-0.074987,-0.754393,-0.753747,-0.540704,-0.5414
28.55,28.55,0.142679,0.143189,-0.663715,-0.664119,-0.546314,-0.546098
30.22,30.22,-0.709611,-0.712782,0.041651,0.041169,-0.493135,-0.493128
30.43,30.43,-0.707165,-0.705434,0.042129,0.041825,-0.490604,-0.490532
30.33,30.33,-0.71305,-0.711637,0.039162,0.039749,-0.494696,-0.492012
30.52,30.52,-0.61755,-0.617735,0.129575,0.130445,-0.558958,-0.558388
29.86,29.87,-0.708457,-0.70662,0.084948,0.086201,-0.48462,-0.484555
30.51,30.5,-0.705666,-0.70533,0.041142,0.040441,-0.491103,-0.489906
30.46,30.45,-0.620594,-0.615221,0.129997,0.12969,-0.55347,-0.554453
30.7,30.7,-0.690867,-0.690726,0.042629,0.042677,-0.485448,-0.488166
30.51,30.51,-0.617548,-0.61086,0.132585,0.131312,-0.560426,-0.559867
30.52,30.54,-0.599748,-0.616174,0.133608,0.130064,-0.556754,-0.558555
30.58,30.59,-0.707179,-0.707139,0.038103,0.037221,-0.487644,-0.488525
29.6,29.59,-0.694646,-0.694945,0.09245,0.091912,-0.481911,-0.48201
30.22,30.21,-0.700149,-0.698396,0.091379,0.090004,-0.477463,-0.479542
30.7,30.7,-0.692313,-0.690259,0.041662,0.042589,-0.488477,-0.487782
29.68,29.67,-0.717355,-0.719058,0.082433,0.082676,-0.485728,-0.485299
29.71,29.73,-0.691191,-0.692522,0.09295,0.093048,-0.480873,-0.481956
28.67,28.67,0.141676,0.142675,-0.661724,-0.663698,-0.5463,-0.545151
30.51,30.51,-0.72054,-0.719347,0.035571,0.035373,-0.488791,-0.489774
29.66,29.66,-0.695169,-0.692115,0.092923,0.093019,-0.479906,-0.481532
29.66,29.67,-0.714885,-0.713136,0.083938,0.084316,-0.485689,-0.484543
28.52,28.51,0.15629,0.157764,-0.883081,-0.881629,-0.550183,-0.548901
30.69,30.7,-0.706176,-0.70674,0.038119,0.037972,-0.488637,-0.488223
30.7,30.69,-0.713582,-0.714349,0.033608,0.034143,-0.489253,-0.491217
30.48,30.47,-0.70815,-0.708003,0.037618,0.037136,-0.489161,-0.489175
30.49,30.48,-0.615049,-0.614206,0.13111,0.131726,-0.561423,-0.560903
30.28,30.28,-0.713904,-0.713496,0.074906,0.075269,-0.480774,-0.482299
30.66,30.66,-0.706669,-0.705696,0.037618,0.039337,-0.488647,-0.48903
30.49,30.46,-0.706676,-0.706139,0.040118,0.03998,-0.48912,-0.490799
30.6,30.58,-0.706654,-0.707852,0.037132,0.037184,-0.489654,-0.488176
30.7,30.72,-0.707164,-0.707755,0.037616,0.037563,-0.488651,-0.488597
29.18,29.18,0.399253,0.399075,-0.618869,-0.618508,-0.543577,-0.544195
30.39,30.39,-0.704214,-0.704863,0.042116,0.041808,-0.488575,-0.490968
30.01,30.01,-0.705019,-0.704853,0.087437,0.088131,-0.483059,-0.483496
28.38,28.38,0.141528,0.141604,-0.933179,-0.934292,-0.578427,-0.579235
30.51,30.51,-0.599727,-0.606919,0.133127,0.132354,-0.558262,-0.55936
30.42,30.41,-0.622559,-0.622117,0.130007,0.128977,-0.55499,-0.554216
29.23,29.23,0.401285,0.401947,-0.61781,-0.618325,-0.548055,-0.545611
30.58,30.59,-0.707181,-0.706689,0.039605,0.038766,-0.488128,-0.488694
30.6,30.6,-0.705694,-0.7066,0.039611,0.039157,-0.488115,-0.489716
30.66,30.66,-0.717028,-0.716422,0.033619,0.033357,-0.491287,-0.492081
29.21,29.21,0.39827,0.40009,-0.618362,-0.619362,-0.544581,-0.544988
30.52,30.52,-0.70667,-0.70676,0.035611,0.03724,-0.487668,-0.488322
28.7,28.81,-0.288531,0.05713,-0.599063,-0.638133,-0.711612,-0.698478
30.57,30.57,-0.722998,-0.720788,0.034078,0.034602,-0.489831,-0.489154
28.7,28.67,-0.508645,-0.121184,0.610765,0.462234,-0.428344,-0.197549
30.6,30.6,-0.706674,-0.706747,0.039619,0.038968,-0.489125,-0.488913
30.72,30.72,-0.708654,-0.707517,0.039113,0.03787,-0.489148,-0.489558
30.72,30.72,-0.707657,-0.707711,0.038119,0.037994,-0.489151,-0.489173
28.23,28.22,0.218647,0.218656,0.552246,0.551492,-0.557425,-0.557754
30.63,30.63,-0.708165,-0.70673,0.037102,0.037576,-0.487664,-0.488042
30.54,30.52,-0.617092,-0.613034,0.132046,0.130975,-0.556922,-0.559483
30.46,30.45,-0.60276,-0.610466,0.131554,0.131022,-0.552796,-0.553751
30.66,30.68,-0.718501,-0.719541,0.032124,0.032512,-0.491817,-0.49086
30.37,30.36,-0.708478,-0.708546,0.084425,0.084603,-0.482623,-0.482892
30.49,30.48,-0.705198,-0.705379,0.040616,0.040421,-0.4886,-0.489932
30.58,30.58,-0.707704,-0.708501,0.041081,0.039535,-0.486613,-0.487254
29.13,29.13,0.399289,0.399067,-0.618833,-0.618882,-0.546582,-0.54465
30.61,30.61,-0.707161,-0.706126,0.039124,0.039353,-0.489636,-0.488808
30.49,30.5,-0.623548,-0.623495,0.124993,0.125371,-0.553051,-0.553016
30.64,30.64,-0.609692,-0.616476,0.126523,0.126721,-0.551411,-0.551833
29.88,29.88,-0.688183,-0.692301,0.093496,0.091772,-0.483846,-0.482404
30.7,30.7,-0.690348,-0.691445,0.041651,0.042663,-0.486957,-0.488097
30.36,30.36,-0.686894,-0.68825,0.049169,0.047957,-0.488845,-0.489772
29.23,29.23,0.401254,0.400511,-0.618844,-0.619447,-0.545062,-0.546122
30.36,30.36,-0.730235,-0.730579,0.079386,0.078672,-0.485373,-0.484553
29.56,29.56,-0.719866,-0.720519,0.084899,0.084447,-0.484219,-0.484565
30.45,30.44,-0.621057,-0.621199,0.129526,0.129488,-0.555983,-0.554903
26.99,26.71,-0.020523,0.002619,0.721163,0.71306,-0.494479,-0.477951
30.49,30.48,-0.705706,-0.705227,0.040602,0.039598,-0.487603,-0.488622
22.3,22.3,-0.454634,-0.454564,0.08736,0.088369,-0.56353,-0.563203
30.49,30.49,-0.620044,-0.620031,0.129049,0.129198,-0.557483,-0.55701
30.64,30.64,-0.707161,-0.70627,0.039124,0.039743,-0.489636,-0.48895
30.61,30.61,-0.70666,-0.706143,0.037126,0.037415,-0.489153,-0.488169
30.54,30.53,-0.629446,-0.625417,0.129032,0.129631,-0.559067,-0.559536
29.2,29.2,0.401284,0.400388,-0.619817,-0.619196,-0.547076,-0.545079
30.63,30.62,-0.707149,-0.706788,0.039136,0.038395,-0.490638,-0.489811
30.51,30.51,-0.706656,-0.705255,0.039637,0.040172,-0.490628,-0.489853
30.52,30.52,-0.714604,-0.715068,0.038087,0.037095,-0.488711,-0.488456
29.93,29.93,-0.721316,-0.721528,0.082424,0.082249,-0.486263,-0.486257
30.57,30.57,-0.709657,-0.710496,0.040101,0.039069,-0.488645,-0.487717
30.09,30.1,-0.702712,-0.70241,0.04715,0.047557,-0.492011,-0.4926
30.37,30.39,-0.726454,-0.724377,0.034582,0.035847,-0.491358,-0.492607
30.52,30.52,-0.713635,-0.712936,0.040074,0.038387,-0.487678,-0.487801
28.64,28.64,-0.072349,-0.072867,-0.729061,-0.729427,-0.531391,-0.532256
30.58,30.58,-0.70764,-0.707527,0.03613,0.037102,-0.489674,-0.488345
29.63,29.63,-0.705023,-0.705816,0.089437,0.087655,-0.483538,-0.482413
30.42,30.42,-0.704692,-0.705193,0.042132,0.042079,-0.490081,-0.490452
29.74,29.73,-0.706509,-0.706007,0.086926,0.088008,-0.482578,-0.482756
30.69,30.69,-0.691336,-0.692202,0.042152,0.043268,-0.487461,-0.487666
29.13,29.13,0.399782,0.399552,-0.618332,-0.619518,-0.546571,-0.545505
29.53,29.54,-0.7233,-0.722544,0.081413,0.082647,-0.485791,-0.486086
30.36,30.36,-0.622073,-0.62162,0.128495,0.127375,-0.553499,-0.555186
29.04,29.04,0.417861,0.417748,-0.630572,-0.63012,-0.560077,-0.559978
30.64,30.62,-0.691299,-0.69174,0.043191,0.043201,-0.490955,-0.489391
30.36,30.35,-0.723475,-0.72284,0.036101,0.03669,-0.492316,-0.491332
30.49,30.49,-0.619572,-0.619422,0.13003,0.129651,-0.555965,-0.555908
30.63,30.63,-0.705171,-0.705799,0.039138,0.038972,-0.49012,-0.48899
28.61,28.6,0.143171,0.14392,-0.665221,-0.664716,-0.545325,-0.546004
30.25,30.25,-0.705529,-0.705763,0.087921,0.087538,-0.482057,-0.483431
29.71,29.7,-0.690187,-0.691407,0.092966,0.092841,-0.481866,-0.480997
30.49,30.49,-0.706149,-0.707197,0.036641,0.036951,-0.490156,-0.488534
30.31,30.31,-0.70159,-0.701638,0.088411,0.08761,-0.480013,-0.48103
30.45,30.43,-0.706028,-0.705767,0.087415,0.087856,-0.481566,-0.481238
30.36,30.34,-0.636445,-0.633083,0.128447,0.128344,-0.554126,-0.554869
30.68,30.67,-0.706164,-0.706253,0.038131,0.038477,-0.489639,-0.489395
28.61,28.61,-0.073012,-0.073356,-0.759325,-0.759259,-0.545263,-0.546312
30.46,30.46,-0.603274,-0.616221,0.132537,0.129537,-0.551788,-0.554469
30.3,30.3,-0.705694,-0.706024,0.044123,0.04447,-0.490068,-0.489165
30.43,30.43,-0.621054,-0.621903,0.129027,0.128913,-0.555989,-0.554635
30.33,30.33,-0.690361,-0.691156,0.046151,0.047198,-0.487908,-0.491063
24.32,24.31,-0.164351,-0.170686,0.915799,0.911599,-0.004666,0.008028
30.48,30.48,-0.704687,-0.705322,0.040131,0.040304,-0.489603,-0.489276
29.88,29.87,-0.702069,-0.704894,0.089929,0.088611,-0.482004,-0.481968
28.7,28.7,-0.226861,-0.234006,-0.638266,-0.648487,-0.750588,-0.743624
30.34,30.34,-0.686389,-0.686857,0.049681,0.049096,-0.489837,-0.489006
28.95,28.95,0.282562,0.28384,-0.62149,-0.622054,-0.528592,-0.530666
30.6,30.59,-0.707176,-0.70741,0.037604,0.037241,-0.48765,-0.489509
30.34,30.34,-0.622068,-0.622146,0.127498,0.128206,-0.553511,-0.553544
30.46,30.45,-0.635435,-0.615941,0.128469,0.130032,-0.555619,-0.554506
30.72,30.71,-0.706668,-0.706401,0.038622,0.038085,-0.489136,-0.488825
28.5,28.5,0.333075,0.330396,-0.5201,-0.523332,-0.64972,-0.6502
29.93,29.93,-0.685716,-0.687967,0.09249,0.092793,-0.482334,-0.481313
30.6,30.6,-0.688362,-0.688355,0.045672,0.045369,-0.488898,-0.488165
30.6,30.6,-0.706168,-0.706477,0.040132,0.039578,-0.490117,-0.489374
28.43,28.43,0.216186,0.215467,0.551251,0.551228,-0.55846,-0.557599
29.66,29.66,-0.686713,-0.690025,0.093483,0.092323,-0.482331,-0.482308
30.09,30.09,-0.700719,-0.702351,0.047668,0.04703,-0.492989,-0.49271
30.46,30.46,-0.70767,-0.707856,0.037104,0.036829,-0.48766,-0.488917
30.33,30.34,-0.700087,-0.699725,0.088933,0.088609,-0.481497,-0.480952
29.2,29.21,0.401251,0.401389,-0.619348,-0.617995,-0.544567,-0.546318
29.79,29.78,-0.706493,-0.706189,0.088446,0.087878,-0.484564,-0.483656
30.51,30.51,-0.618049,-0.619048,0.129068,0.129489,-0.558467,-0.556407
25.01,25.01,-0.956444,-0.956835,0.795246,0.810096,0.272088,0.283156
30.49,30.49,-0.612564,-0.61356,0.131125,0.1322,-0.561902,-0.561633
28.61,28.61,-0.081627,-0.080159,-0.70989,-0.710129,-0.510718,-0.512321
29.23,29.23,0.401791,0.402819,-0.619803,-0.618799,-0.548073,-0.5462
29.03,29.03,0.639555,0.641213,-0.472674,-0.472891,-0.470212,-0.471522
30.42,30.42,-0.621574,-0.622237,0.129002,0.129252,-0.55399,-0.554239
30.58,30.59,-0.706654,-0.707511,0.037132,0.03729,-0.489654,-0.487777
30.49,30.49,-0.708644,-0.707442,0.036115,0.036653,-0.488681,-0.488274
29.59,29.57,-0.694609,-0.706299,0.088978,0.087415,-0.483453,-0.483321
30.37,30.37,-0.70569,-0.705368,0.042122,0.041496,-0.489589,-0.49048
28.62,28.62,-0.080564,-0.080617,-0.711821,-0.712216,-0.51574,-0.514853
30.09,30.09,-0.702673,-0.702799,0.046687,0.048185,-0.495021,-0.493908
30.51,30.51,-0.705641,-0.706658,0.037658,0.036556,-0.491643,-0.488218
29.59,29.58,-0.72378,-0.716961,0.081928,0.083656,-0.487292,-0.485285
30.58,30.58,-0.706184,-0.707397,0.038612,0.038739,-0.488131,-0.489171
30.49,30.49,-0.706696,-0.707165,0.03709,0.037776,-0.486149,-0.488239
29.2,29.2,0.400268,0.400406,-0.618841,-0.619714,-0.545571,-0.545946
28.48,28.48,-0.425207,-0.40805,-0.420842,-0.445051,-0.559014,-0.557441
30.68,30.67,-0.708649,-0.707345,0.038116,0.037889,-0.48916,-0.489436
30.07,30.07,-0.703993,-0.70516,0.087975,0.088135,-0.48605,-0.483113
30.72,30.72,-0.711586,-0.712474,0.033628,0.034783,-0.490237,-0.490768
29.59,29.58,-0.691649,-0.696511,0.090479,0.090191,-0.482909,-0.482544
30.57,30.57,-0.690331,-0.691493,0.044174,0.043476,-0.489433,-0.4894
30.36,30.36,-0.690351,-0.689452,0.047665,0.047515,-0.489393,-0.489838
28.56,28.56,-0.114473,-0.114648,0.683928,0.685429,-0.581367,-0.583094
29.23,29.23,0.400747,0.4004,-0.617854,-0.619626,-0.544554,-0.546245
30.22,30.22,-0.718887,-0.717904,0.083888,0.083737,-0.482719,-0.48395
28.92,28.93,0.437047,0.448018,-0.530418,-0.525818,-0.75512,-0.750435
30.63,30.63,-0.707155,-0.706143,0.03913,0.039089,-0.490137,-0.490099
30.31,30.31,-0.709195,-0.709221,0.045084,0.043151,-0.488083,-0.489553
29.77,29.76,-0.707486,-0.7066,0.085433,0.08732,-0.483104,-0.483826
30.51,30.51,-0.703716,-0.70509,0.041619,0.041107,-0.488576,-0.487893
29.6,29.59,-0.688193,-0.691676,0.091982,0.092257,-0.482361,-0.481467
28.48,28.49,-0.352498,-0.358881,-0.708054,-0.710809,-0.458956,-0.447446
30.37,30.37,-0.704706,-0.704067,0.043622,0.044501,-0.489563,-0.488642
30.49,30.49,-0.706657,-0.707352,0.036627,0.037667,-0.489159,-0.488377
28.67,28.67,-0.073154,-0.073227,-0.749939,-0.74881,-0.537645,-0.53902
30.46,30.46,-0.619587,-0.620102,0.130517,0.129342,-0.554958,-0.555742
30.68,30.66,-0.708168,-0.706708,0.038604,0.038641,-0.488148,-0.489512
30.49,30.49,-0.706686,-0.70663,0.038604,0.037322,-0.487634,-0.488465
30.66,30.66,-0.706161,-0.706225,0.037632,0.038761,-0.489644,-0.488951
30.58,30.56,-0.623052,-0.623624,0.123991,0.125141,-0.552557,-0.551327
30.64,30.66,-0.708176,-0.707466,0.039097,0.038404,-0.487642,-0.489116
28.12,28.14,0.222626,0.221095,0.552273,0.55112,-0.558392,-0.557156
30.6,30.6,-0.691323,-0.691488,0.044171,0.043577,-0.489441,-0.489079
29.62,29.62,-0.706007,-0.706387,0.086934,0.087536,-0.483074,-0.484278
29.13,29.13,0.401767,0.402635,-0.614311,-0.615611,-0.548512,-0.547553
30.55,30.56,-0.617084,-0.617442,0.13055,0.130217,-0.556939,-0.558383
30.36,30.36,-0.706642,-0.70528,0.041656,0.04162,-0.492608,-0.490443
26.45,26.47,9.45624,9.455588,5.378761,5.251877,-6.240715,-6.182358
29.72,29.73,-0.706992,-0.706555,0.08794,0.08706,-0.484073,-0.484179
29.93,29.92,-0.705003,-0.704781,0.08695,0.088184,-0.484067,-0.48331
29.91,29.9,-0.697147,-0.697745,0.091919,0.091421,-0.479935,-0.481078
28.59,28.59,-0.076548,-0.076276,-0.71978,-0.719413,-0.516296,-0.517231
30.72,30.72,-0.708177,-0.707938,0.038093,0.037763,-0.487152,-0.488696
30.73,30.73,-0.690332,-0.690736,0.042168,0.043017,-0.488454,-0.488257
30.46,30.46,-0.707174,-0.707285,0.036102,0.036667,-0.487166,-0.487716
30.13,30.13,-0.700585,-0.700359,0.090433,0.090432,-0.481985,-0.480536
28.53,28.54,-0.109021,-0.110603,0.686453,0.686371,-0.582293,-0.582612
30.55,30.55,-0.696786,-0.698931,0.04364,0.043448,-0.488493,-0.486886
30.49,30.49,-0.705674,-0.706323,0.038126,0.037814,-0.489134,-0.486984
30.25,30.25,-0.693826,-0.691685,0.04865,0.049355,-0.489412,-0.489285
30.4,30.4,-0.60922,-0.625204,0.132016,0.128852,-0.551845,-0.553908
29.53,29.53,-0.689155,-0.690477,0.090002,0.0921,-0.483895,-0.48254
30.69,30.69,-0.693779,-0.695594,0.042179,0.040231,-0.490487,-0.490034
30.49,30.5,-0.707652,-0.707823,0.036118,0.036998,-0.488672,-0.488449
25.77,25.8,-0.147996,1.545529,0.926051,1.707416,-1.071779,-0.433
28.92,28.93,0.297799,0.297298,-0.640128,-0.639844,-0.550209,-0.547435
30.33,30.34,-0.695138,-0.695735,0.088441,0.088938,-0.480458,-0.480538
30.01,30.0,-0.706007,-0.705856,0.086934,0.087339,-0.483074,-0.483058
30.52,30.53,-0.623529,-0.62198,0.130526,0.130118,-0.556995,-0.558654
30.7,30.7,-0.704181,-0.70407,0.038138,0.037097,-0.489621,-0.490093
30.52,30.52,-0.723471,-0.725653,0.033097,0.033614,-0.491349,-0.490686
30.43,30.43,-0.704699,-0.706413,0.041122,0.039938,-0.489091,-0.490332
30.27,30.26,-0.705013,-0.705469,0.086439,0.087571,-0.483071,-0.482346
29.07,29.07,0.408795,0.407128,-0.620216,-0.619988,-0.553026,-0.552632
29.96,29.97,-0.705502,-0.704991,0.087447,0.088938,-0.484066,-0.483483
30.64,30.66,-0.706178,-0.706943,0.038618,0.038442,-0.488631,-0.48884
30.6,30.6,-0.70715,-0.707155,0.03713,0.036919,-0.489658,-0.488704
30.52,30.54,-0.601263,-0.617495,0.134076,0.129871,-0.554758,-0.558708
29.12,29.12,0.385627,0.385894,-0.605116,-0.605532,-0.530016,-0.530188
30.51,30.51,-0.705678,-0.706059,0.041131,0.040488,-0.490101,-0.489872
30.64,30.65,-0.70717,-0.707288,0.038614,0.038739,-0.48864,-0.488735
30.39,30.39,-0.626473,-0.623097,0.127036,0.128278,-0.558062,-0.5557
30.7,30.7,-0.715054,-0.716717,0.03412,0.033855,-0.490763,-0.490871
30.57,30.56,-0.617063,-0.617648,0.130069,0.130229,-0.558447,-0.557754
30.64,30.64,-0.707186,-0.707707,0.037094,0.037642,-0.486654,-0.48848
30.69,30.68,-0.707158,-0.707498,0.037622,0.036315,-0.489152,-0.490026
30.4,30.39,-0.606718,-0.618995,0.130043,0.129608,-0.552848,-0.554287
30.16,30.16,-0.704687,-0.703404,0.045647,0.045756,-0.492045,-0.492023
30.43,30.43,-0.706694,-0.706191,0.041103,0.040148,-0.488107,-0.490287
30.52,30.53,-0.625021,-0.6218,0.132521,0.130335,-0.557487,-0.55841
29.2,29.2,0.399292,0.399026,-0.619332,-0.619164,-0.546587,-0.546057
30.45,30.42,-0.621556,-0.622165,0.129019,0.12955,-0.555493,-0.554575
30.28,30.29,-0.686428,-0.688131,0.050144,0.049763,-0.486827,-0.488919
30.39,30.38,-0.622071,-0.6221,0.126993,0.128087,-0.553015,-0.553139
30.16,30.16,-0.701742,-0.702716,0.046631,0.046224,-0.490005,-0.492086
30.14,30.13,-0.688712,-0.690252,0.092959,0.091606,-0.480852,-0.482899
30.34,30.35,-0.723478,-0.724422,0.0366,0.03517,-0.492311,-0.491504
30.7,30.71,-0.706186,-0.707037,0.036605,0.037721,-0.487152,-0.488599
28.59,28.59,-0.075117,-0.075109,-0.752434,-0.752215,-0.538191,-0.539776
30.6,30.6,-0.706659,-0.7071,0.039132,0.038233,-0.490133,-0.488914
30.69,30.69,-0.623539,-0.618386,0.123497,0.126669,-0.553068,-0.55136
30.45,30.44,-0.621583,-0.622515,0.128491,0.1273,-0.552994,-0.552936
29.68,29.67,-0.697114,-0.700384,0.09145,0.0896,-0.482445,-0.481432
29.83,29.84,-0.70599,-0.706153,0.085949,0.087418,-0.484087,-0.483135
30.48,30.48,-0.704711,-0.705204,0.040107,0.039586,-0.4876,-0.488832
30.57,30.55,-0.619537,-0.618925,0.129063,0.12984,-0.55848,-0.556522
28.62,28.62,-0.075008,-0.075742,-0.722731,-0.720155,-0.519321,-0.51762
30.57,30.56,-0.628891,-0.628852,0.127086,0.127388,-0.563092,-0.561154
30.12,30.13,-0.705505,-0.70558,0.086942,0.087684,-0.483571,-0.483908
30.7,30.7,-0.713581,-0.714518,0.035615,0.034102,-0.490232,-0.491184
30.63,30.63,-0.705687,-0.705639,0.041623,0.03905,-0.489595,-0.489143
30.46,30.47,-0.705194,-0.705243,0.041121,0.039858,-0.489095,-0.488669
28.82,28.82,-0.23667,-0.2379,-0.493742,-0.490008,-0.659379,-0.662182
29.59,29.57,-0.693673,-0.692574,0.092436,0.092699,-0.4804,-0.480763
28.65,28.65,-0.080019,-0.080318,-0.715281,-0.714325,-0.518278,-0.516953
30.69,30.69,-0.70815,-0.70698,0.037618,0.037894,-0.489161,-0.48761
30.52,30.51,-0.61905,-0.619494,0.128554,0.129333,-0.557479,-0.556844
30.05,30.05,-0.701705,-0.702542,0.046667,0.04804,-0.493009,-0.494178
30.49,30.49,-0.706168,-0.705773,0.040132,0.040659,-0.490117,-0.489872
30.66,30.65,-0.70671,-0.706807,0.039583,0.037774,-0.486121,-0.488366
30.72,30.71,-0.707672,-0.707088,0.037602,0.037965,-0.487654,-0.488556
30.37,30.37,-0.705184,-0.705499,0.042635,0.041333,-0.490581,-0.490253
30.6,30.59,-0.643825,-0.626158,0.121455,0.124649,-0.555772,-0.552306
30.1,30.08,-0.703187,-0.70329,0.046668,0.046965,-0.493523,-0.492509
30.66,30.65,-0.708144,-0.70716,0.037624,0.038328,-0.489661,-0.488939
28.5,28.51,0.142661,0.142692,-0.662729,-0.664172,-0.545301,-0.545608
29.59,29.57,-0.718869,-0.719142,0.083906,0.084266,-0.484222,-0.483108
29.13,29.06,-0.289646,-0.287588,-0.181458,-0.233291,-0.680344,-0.677247
30.37,30.37,-0.694764,-0.695493,0.043184,0.043868,-0.491486,-0.491339
30.55,30.54,-0.618076,-0.618746,0.130547,0.129836,-0.556948,-0.556551
28.67,28.67,-0.074129,-0.073235,-0.748422,-0.748473,-0.539639,-0.538906
29.5,29.5,-0.705484,-0.706827,0.087465,0.08717,-0.485568,-0.483053
29.86,29.86,-0.72131,-0.717869,0.08243,0.082734,-0.486764,-0.486044
30.18,30.2,-0.704188,-0.703895,0.046154,0.045553,-0.492536,-0.492305
29.53,29.53,-0.706001,-0.706485,0.08694,0.087527,-0.483575,-0.483146
29.88,29.89,-0.708984,-0.709764,0.088425,0.087584,-0.483584,-0.481471
30.36,30.34,-0.704531,-0.705831,0.087931,0.087343,-0.482549,-0.482211
25.39,25.4,3.547712,3.333124,-9.415964,-9.377263,4.92584,4.898008
30.48,30.47,-0.62203,-0.620582,0.12954,0.129638,-0.557494,-0.554741
30.28,30.27,-0.705512,-0.706079,0.085932,0.087002,-0.48258,-0.482914
30.42,30.41,-0.609716,-0.609416,0.132014,0.131842,-0.55185,-0.552806
30.39,30.37,-0.705022,-0.706078,0.086932,0.087479,-0.482564,-0.482753
30.68,30.68,-0.695789,-0.695062,0.042646,0.041382,-0.488496,-0.490191
30.39,30.39,-0.705191,-0.705192,0.041625,0.042161,-0.489591,-0.489725
30.68,30.67,-0.6938,-0.693436,0.04266,0.042302,-0.488979,-0.489381
30.63,30.63,-0.706659,-0.706135,0.039132,0.038736,-0.490133,-0.489356
25.27,25.22,-0.904691,-1.057108,0.561988,0.451647,0.400123,0.464567
30.42,30.42,-0.7042,-0.705574,0.041629,0.041377,-0.489582,-0.489386
30.22,30.22,-0.703693,-0.704811,0.045152,0.045269,-0.492042,-0.492641
30.54,30.53,-0.617069,-0.617671,0.130064,0.130295,-0.557946,-0.557508
30.68,30.68,-0.688375,-0.69058,0.043653,0.043386,-0.486917,-0.487395
30.33,30.33,-0.705508,-0.706102,0.087441,0.087405,-0.483565,-0.482013
30.49,30.49,-0.706669,-0.707572,0.037618,0.036621,-0.488647,-0.488115
28.61,28.6,-0.079503,-0.079745,-0.722278,-0.723231,-0.516851,-0.519453
29.66,29.69,-0.707939,-0.708318,0.086476,0.08555,-0.487103,-0.484888
29.88,29.89,-0.710906,-0.709765,0.083965,0.085395,-0.486656,-0.485688
30.28,30.29,-0.688876,-0.689089,0.051168,0.049688,-0.489842,-0.489189
30.52,30.52,-0.69034,-0.690775,0.044667,0.044416,-0.488926,-0.49016
30.55,30.56,-0.623574,-0.623388,0.125468,0.124804,-0.551043,-0.5518
29.09,29.11,0.415374,0.415766,-0.630088,-0.630758,-0.559592,-0.561014
30.34,30.34,-0.610218,-0.618,0.131003,0.130499,-0.550864,-0.552525
26.96,26.7,8.252705,8.25989,4.356065,4.010737,-4.431542,-4.615988
30.45,30.42,-0.704537,-0.705503,0.087925,0.088013,-0.482048,-0.482201
29.88,29.88,-0.720819,-0.721769,0.084433,0.084563,-0.487238,-0.484185
30.13,30.12,-0.685721,-0.689691,0.094491,0.093179,-0.482812,-0.481164
30.51,30.52,-0.70666,-0.707246,0.037126,0.037705,-0.489153,-0.48813
30.58,30.58,-0.69632,-0.696493,0.043612,0.043606,-0.485985,-0.487639
30.68,30.68,-0.706684,-0.706851,0.037102,0.038406,-0.48715,-0.488665
30.6,30.6,-0.707176,-0.706678,0.038608,0.038942,-0.488139,-0.490054
30.42,30.42,-0.704689,-0.705189,0.041633,0.041046,-0.490087,-0.489923
30.36,30.38,-0.640869,-0.62357,0.125961,0.129408,-0.556196,-0.554003
30.49,30.49,-0.692873,-0.692466,0.045608,0.04477,-0.484931,-0.487801
29.18,29.18,0.400289,0.399436,-0.620325,-0.619064,-0.54659,-0.545536
29.5,29.5,-0.706985,-0.705971,0.08544,0.085121,-0.4836,-0.483234
30.45,30.42,-0.705523,-0.705562,0.086924,0.088014,-0.482068,-0.48142
30.61,30.61,-0.707185,-0.706857,0.0391,0.038942,-0.487633,-0.488844
30.49,30.51,-0.618575,-0.619501,0.129036,0.12942,-0.555967,-0.557038
29.71,29.7,-0.705529,-0.705899,0.087921,0.087701,-0.482057,-0.484186
30.48,30.48,-0.705179,-0.705656,0.040634,0.040707,-0.490103,-0.490096
30.64,30.65,-0.706657,-0.706591,0.03763,0.039578,-0.489648,-0.488569
28.68,28.67,-0.076306,-0.076566,-0.728565,-0.729978,-0.532421,-0.531593
30.51,30.54,-0.619566,-0.619183,0.130036,0.129512,-0.556466,-0.556734
29.8,29.8,-0.705491,-0.70586,0.086455,0.088082,-0.484577,-0.483485
30.66,30.66,-0.715056,-0.713963,0.034618,0.034475,-0.490757,-0.490925
30.42,30.42,-0.704692,-0.705831,0.042132,0.041201,-0.490081,-0.490212
30.4,30.41,-0.62354,-0.622559,0.128009,0.128719,-0.555021,-0.554458
29.21,29.21,0.402261,0.402013,-0.61732,-0.618545,-0.54704,-0.545638
28.86,28.86,0.320309,0.318942,-0.665907,-0.664301,-0.514242,-0.512673
30.68,30.68,-0.696764,-0.694987,0.03965,0.041193,-0.488538,-0.489817
30.49,30.48,-0.705174,-0.704849,0.039636,0.040493,-0.490114,-0.489059
30.46,30.46,-0.622056,-0.621845,0.126506,0.128365,-0.554023,-0.555898
28.48,28.48,-0.503334,-0.52803,-0.458998,-0.493124,-0.437409,-0.377935
30.31,30.31,-0.701088,-0.70159,0.088419,0.087798,-0.48051,-0.480902
30.48,30.47,-0.632469,-0.627015,0.128973,0.128683,-0.555087,-0.555359
30.72,30.7,-0.706666,-0.707101,0.03712,0.037832,-0.488653,-0.488698
29.81,29.81,-0.706995,-0.706176,0.087435,0.087926,-0.483578,-0.48388
30.54,30.54,-0.706671,-0.706424,0.038117,0.037692,-0.488642,-0.487627
28.14,28.16,0.219653,0.220606,0.549756,0.552163,-0.557445,-0.55779
28.61,28.61,-0.078091,-0.078578,-0.71633,-0.716669,-0.513265,-0.512221
30.72,30.71,-0.692331,-0.691204,0.042647,0.043234,-0.487464,-0.488649
30.45,30.45,-0.6379,-0.61035,0.126969,0.130563,-0.556159,-0.554126
30.64,30.64,-0.707185,-0.706724,0.0391,0.038254,-0.487633,-0.48842
28.39,28.4,0.136071,0.13552,-0.933705,-0.933452,-0.577979,-0.578412
30.48,30.48,-0.70616,-0.706087,0.039639,0.040205,-0.490623,-0.48996
28.65,28.65,-0.07208,-0.073016,-0.753865,-0.752814,-0.542689,-0.542034
22.46,22.46,-0.458612,-0.459029,0.088336,0.088866,-0.563053,-0.562846
30.3,30.32,-0.709981,-0.708814,0.083903,0.084962,-0.481139,-0.482575
30.49,30.49,-0.70666,-0.706584,0.038129,0.037861,-0.489643,-0.487186
30.36,30.36,-0.715606,-0.715159,0.041082,0.040227,-0.489186,-0.489713
30.54,30.54,-0.602195,-0.615623,0.131123,0.130544,-0.558306,-0.558048
30.49,30.49,-0.719501,-0.717985,0.033616,0.033902,-0.491809,-0.491858
30.6,30.6,-0.706674,-0.705943,0.038616,0.037357,-0.488636,-0.487837
22.89,22.92,-0.456142,-0.456509,0.087835,0.086785,-0.562036,-0.564034
30.45,30.45,-0.705164,-0.706082,0.041151,0.040134,-0.491599,-0.490682
30.49,30.49,-0.691338,-0.691534,0.044657,0.043831,-0.488434,-0.489477
30.34,30.35,-0.710099,-0.707889,0.039149,0.040425,-0.492666,-0.492292
30.1,30.1,-0.703709,-0.703149,0.047141,0.046521,-0.491519,-0.492873
29.56,29.54,-0.714395,-0.708671,0.083934,0.085534,-0.485184,-0.484881
30.52,30.53,-0.603683,-0.612895,0.130113,0.130641,-0.55783,-0.558194
24.22,24.2,-0.445959,-0.446926,0.115225,0.116309,-0.555125,-0.555202
30.57,30.57,-0.706672,-0.707324,0.037114,0.037369,-0.488152,-0.489692
30.49,30.49,-0.706211,-0.705712,0.04009,0.039964,-0.486611,-0.488467
26.57,26.55,9.764962,9.54518,4.915922,4.942073,-6.185675,-5.910017
30.64,30.64,-0.707673,-0.70693,0.036599,0.036395,-0.487165,-0.488197
30.46,30.46,-0.612663,-0.616283,0.132532,0.130472,-0.554374,-0.553852
30.28,30.29,-0.706533,-0.705747,0.086902,0.087439,-0.480575,-0.482234
28.71,28.71,0.142651,0.142333,-0.664243,-0.664006,-0.543816,-0.545869
29.84,29.86,-0.706994,-0.706255,0.085933,0.0874,-0.483094,-0.483296
30.4,30.4,-0.705669,-0.704894,0.041641,0.041209,-0.491097,-0.490154
30.46,30.46,-0.632458,-0.619792,0.127981,0.128986,-0.555599,-0.555012
30.36,30.36,-0.62306,-0.622472,0.127494,0.128166,-0.55352,-0.554043
30.51,30.51,-0.706675,-0.70676,0.037612,0.036633,-0.488146,-0.488469
29.2,29.2,0.398763,0.398681,-0.618865,-0.618968,-0.544082,-0.545471
30.51,30.49,-0.704206,-0.705096,0.04062,0.040303,-0.488592,-0.490336
30.14,30.16,-0.702719,-0.703979,0.046141,0.045443,-0.49102,-0.491886
30.4,30.41,-0.622073,-0.622541,0.128495,0.129299,-0.553499,-0.554566
30.09,30.07,-0.707013,-0.705738,0.08842,0.087298,-0.482565,-0.483368
26.52,26.52,9.372868,9.422223,5.371338,5.350829,-6.272577,-6.249997
30.28,30.28,-0.690335,-0.68988,0.048182,0.048067,-0.49089,-0.490732
29.54,29.55,-0.700551,-0.698649,0.086456,0.088205,-0.483032,-0.484844
30.3,30.3,-0.723955,-0.711026,0.036616,0.041854,-0.493817,-0.491452
28.61,28.61,-0.072498,-0.073211,-0.760308,-0.76023,-0.546271,-0.547189
30.4,30.4,-0.706676,-0.70633,0.041121,0.041627,-0.489609,-0.490527
30.28,30.28,-0.717559,-0.71735,0.040101,0.039155,-0.491218,-0.490055
30.34,30.34,-0.685416,-0.685972,0.049667,0.048625,-0.488326,-0.489019
30.49,30.49,-0.7057,-0.705737,0.039605,0.039773,-0.487614,-0.488725
30.7,30.7,-0.706678,-0.707518,0.038111,0.037248,-0.488141,-0.488819
30.39,30.4,-0.607695,-0.625569,0.129552,0.129299,-0.553864,-0.553841
29.2,29.2,0.398772,0.398671,-0.619357,-0.618742,-0.544589,-0.543931
30.73,30.73,-0.690846,-0.69042,0.043151,0.043188,-0.487445,-0.488267
30.66,30.65,-0.706693,-0.706766,0.037594,0.037594,-0.486644,-0.488362
28.65,28.65,-0.077284,-0.078081,-0.732066,-0.731961,-0.531968,-0.531779
29.15,29.15,0.410838,0.410635,-0.626668,-0.628168,-0.555085,-0.556491
30.7,30.7,-0.707183,-0.707191,0.036595,0.037535,-0.48666,-0.488097
29.18,29.18,0.398783,0.39957,-0.619345,-0.619018,-0.54559,-0.545174
28.5,28.49,0.140081,0.140596,-0.937157,-0.935711,-0.579987,-0.579731
29.71,29.7,-0.688706,-0.691017,0.091962,0.092173,-0.480863,-0.481737
30.49,30.48,-0.707646,-0.707826,0.037128,0.036609,-0.489663,-0.488047
29.86,29.86,-0.726283,-0.725073,0.080892,0.081614,-0.484821,-0.485233
29.65,29.67,-0.713462,-0.709404,0.086888,0.087663,-0.481637,-0.481718
28.47,28.5,-0.448253,-0.287011,-0.716928,-0.713749,-0.204941,-0.290557
29.18,29.19,0.39928,0.399952,-0.61834,-0.619719,-0.546075,-0.544818
30.72,30.72,-0.705664,-0.706455,0.038637,0.038262,-0.490129,-0.488973
30.46,30.46,-0.620087,-0.620497,0.129007,0.129568,-0.553977,-0.555562
29.54,29.54,-0.705523,-0.706334,0.087927,0.087199,-0.482558,-0.483249
30.34,30.34,-0.706001,-0.706175,0.08694,0.087,-0.483575,-0.482784
29.18,29.19,0.400286,0.400038,-0.619827,-0.619602,-0.546584,-0.546273
30.49,30.49,-0.724955,-0.724156,0.032592,0.033454,-0.491367,-0.489327
30.61,30.62,-0.623067,-0.622976,0.125481,0.125909,-0.55204,-0.551939
30.3,30.31,-0.708621,-0.706337,0.039648,0.041243,-0.492147,-0.492224
28.64,28.64,-0.077521,-0.077834,-0.723274,-0.722073,-0.516344,-0.516373
30.37,30.37,-0.703197,-0.704637,0.040641,0.040131,-0.490085,-0.492508
30.31,30.32,-0.705511,-0.705175,0.086936,0.086992,-0.48307,-0.482205
30.04,30.04,-0.701716,-0.701878,0.048662,0.048122,-0.492987,-0.493325
30.51,30.51,-0.691332,-0.691617,0.044663,0.044179,-0.488935,-0.488527
28.47,28.47,0.139743,0.140076,-0.664189,-0.66385,-0.54935,-0.545847
30.7,30.7,-0.712064,-0.712623,0.034647,0.034632,-0.492234,-0.491522
29.48,29.49,-0.706995,-0.703307,0.088439,0.087615,-0.484067,-0.483233
26.07,26.06,7.675408,3.877001,-0.448433,9.397425,-10.979353,-14.738383
30.22,30.23,-0.713885,-0.715984,0.082446,0.083455,-0.485698,-0.484783
30.58,30.58,-0.707669,-0.707623,0.038107,0.037436,-0.488149,-0.488347
29.2,29.2,0.402771,0.401616,-0.618808,-0.619474,-0.547553,-0.546438
30.48,30.49,-0.614037,-0.613654,0.130633,0.13186,-0.562922,-0.560676
30.54,30.53,-0.620075,-0.61976,0.129019,0.129348,-0.554979,-0.556931
30.51,30.52,-0.70717,-0.707047,0.038614,0.03746,-0.48864,-0.487635
30.31,30.31,-0.69662,-0.69853,0.088441,0.087951,-0.480972,-0.480608
29.54,29.54,-0.707486,-0.706928,0.086436,0.087348,-0.483593,-0.483353
29.48,29.49,-0.707497,-0.706749,0.087427,0.086777,-0.483081,-0.483974
30.51,30.51,-0.705669,-0.706809,0.036126,0.037411,-0.488655,-0.487604
30.43,30.43,-0.601777,-0.628136,0.13205,0.128609,-0.552281,-0.555765
30.51,30.51,-0.695798,-0.696574,0.043139,0.044171,-0.487989,-0.487784
28.74,28.73,0.141186,0.1424,-0.663726,-0.664007,-0.545826,-0.545282
28.91,28.91,0.306916,0.307131,-0.654444,-0.654527,-0.559808,-0.56114
30.33,30.32,-0.716412,-0.716533,0.082389,0.081448,-0.481713,-0.482356
30.58,30.58,-0.712081,-0.713032,0.036636,0.036042,-0.491711,-0.491074
29.02,29.02,0.397638,0.397099,-0.608972,-0.607914,-0.537468,-0.537266
30.64,30.64,-0.707155,-0.707594,0.038127,0.03675,-0.489647,-0.488459
30.66,30.66,-0.610211,-0.615625,0.1275,0.125765,-0.549902,-0.551701
29.84,29.84,-0.703572,-0.706738,0.089407,0.089192,-0.48052,-0.481918
30.63,30.65,-0.708155,-0.707141,0.038616,0.038387,-0.489149,-0.489684
30.24,30.24,-0.715561,-0.718554,0.039622,0.038679,-0.492208,-0.493612
30.66,30.65,-0.707179,-0.706972,0.038103,0.03872,-0.487644,-0.488682
30.6,30.6,-0.721504,-0.721822,0.030581,0.033166,-0.488856,-0.491203
28.56,28.56,-0.11498,-0.114064,0.68592,0.68531,-0.581348,-0.583
30.34,30.34,-0.692856,-0.694601,0.048131,0.047337,-0.487406,-0.488347
30.66,30.65,-0.708655,-0.707113,0.03811,0.038255,-0.488659,-0.489069
29.2,29.2,0.400755,0.400433,-0.618346,-0.619185,-0.54506,-0.545123
30.07,30.07,-0.703194,-0.7033,0.044655,0.046809,-0.492043,-0.492821
30.7,30.7,-0.62013,-0.624868,0.126959,0.12615,-0.549493,-0.551832
30.18,30.17,-0.703199,-0.70351,0.046656,0.045863,-0.492522,-0.491837
30.46,30.46,-0.707678,-0.707312,0.037596,0.03686,-0.487153,-0.488045
22.39,22.39,-0.458579,-0.458476,0.087867,0.086773,-0.565562,-0.564562
30.46,30.46,-0.70763,-0.70748,0.037644,0.03672,-0.491159,-0.488013
29.21,29.21,0.399297,0.399228,-0.620329,-0.61898,-0.546598,-0.545587
30.21,30.22,-0.689704,-0.690158,0.091953,0.091401,-0.480371,-0.481553
30.64,30.64,-0.613685,-0.614746,0.127986,0.127461,-0.549926,-0.550548
28.57,28.58,-0.078984,-0.078893,-0.723256,-0.724874,-0.51836,-0.51981
30.36,30.36,-0.685904,-0.686914,0.047165,0.048637,-0.487858,-0.489858
30.68,30.68,-0.700762,-0.694314,0.042111,0.043085,-0.487042,-0.487621
30.34,30.37,-0.735194,-0.733601,0.077361,0.07759,-0.484438,-0.485513
30.37,30.38,-0.623573,-0.622972,0.127474,0.127713,-0.552022,-0.553892
30.63,30.63,-0.706172,-0.707161,0.038624,0.038237,-0.489132,-0.488849
29.86,29.85,-0.705998,-0.70661,0.086442,0.086863,-0.48358,-0.483606
29.57,29.57,-0.714947,-0.714105,0.086384,0.086877,-0.481655,-0.482173
30.4,30.4,-0.705176,-0.705519,0.041138,0.040876,-0.490598,-0.490423
30.64,30.64,-0.706674,-0.707009,0.038616,0.037467,-0.488636,-0.488677
30.37,30.37,-0.688878,-0.688371,0.048158,0.048377,-0.488373,-0.488997
30.6,30.6,-0.707164,-0.706629,0.03862,0.038767,-0.489141,-0.490011
30.36,30.36,-0.686895,-0.687237,0.048165,0.047617,-0.488356,-0.490188
28.89,28.89,0.331953,0.332296,-0.685682,-0.684722,-0.525384,-0.527108
30.19,30.19,-0.704666,-0.704195,0.045166,0.045133,-0.493553,-0.491901
30.68,30.67,-0.719009,-0.718845,0.033113,0.032828,-0.49131,-0.490755
30.48,30.48,-0.61908,-0.619817,0.129528,0.129717,-0.555465,-0.555705
29.88,29.88,-0.684719,-0.689539,0.092499,0.092485,-0.482826,-0.481495
30.58,30.58,-0.706676,-0.706991,0.036609,0.037848,-0.487657,-0.487961
30.6,30.6,-0.698782,-0.699623,0.042617,0.042896,-0.487019,-0.487675
30.64,30.64,-0.706687,-0.706208,0.0376,0.038953,-0.487145,-0.488363
30.34,30.35,-0.705538,-0.705047,0.087411,0.086916,-0.481061,-0.482089
30.61,30.61,-0.705189,-0.705979,0.03912,0.03908,-0.488617,-0.488469
29.16,29.19,0.399279,0.399796,-0.619344,-0.619411,-0.545586,-0.545637
30.58,30.58,-0.706651,-0.706639,0.036633,0.037347,-0.48966,-0.488895
30.28,30.28,-0.690362,-0.689417,0.048657,0.048743,-0.488881,-0.489132
29.2,29.2,0.400272,0.40058,-0.617333,-0.619749,-0.546556,-0.545894
30.48,30.48,-0.707664,-0.707778,0.03711,0.037149,-0.48816,-0.488552
30.22,30.22,-0.707143,-0.711178,0.043655,0.041544,-0.493091,-0.49305
29.48,29.5,-0.722796,-0.72104,0.083428,0.08282,-0.487267,-0.486316
30.61,30.61,-0.707639,-0.706666,0.03914,0.038599,-0.491143,-0.489693
30.52,30.51,-0.619566,-0.619227,0.130036,0.129463,-0.556466,-0.556374
30.52,30.52,-0.607141,-0.615445,0.131116,0.130287,-0.559351,-0.559477
30.31,30.32,-0.695814,-0.695385,0.046131,0.047458,-0.487955,-0.488713
29.04,29.04,0.388042,0.389337,-0.601159,-0.600983,-0.526444,-0.527793
30.42,30.41,-0.627069,-0.623717,0.130946,0.129479,-0.551512,-0.553718
30.52,30.52,-0.707649,-0.707116,0.035619,0.037004,-0.488678,-0.488292
30.64,30.66,-0.706641,-0.707093,0.038147,0.03794,-0.491145,-0.489378
29.04,29.04,0.404711,0.404788,-0.615333,-0.614624,-0.545493,-0.545975
29.02,29.02,0.395142,0.395599,-0.607996,-0.606914,-0.536477,-0.535414
30.69,30.69,-0.705673,-0.705986,0.03913,0.037258,-0.489623,-0.488785
30.72,30.71,-0.707675,-0.707414,0.038101,0.038255,-0.487648,-0.488781
30.7,30.7,-0.693278,-0.692981,0.041183,0.04157,-0.490494,-0.489791
29.51,29.52,-0.704505,-0.701883,0.086453,0.08753,-0.484068,-0.484444
30.45,30.45,-0.706691,-0.706627,0.040605,0.039797,-0.488112,-0.489363
30.42,30.4,-0.706666,-0.705433,0.041632,0.041379,-0.490605,-0.489956
28.95,28.95,0.298297,0.296882,-0.641629,-0.638932,-0.549721,-0.547939
30.42,30.42,-0.706165,-0.705684,0.04164,0.040959,-0.491102,-0.490754
30.01,30.0,-0.705517,-0.705191,0.08693,0.088249,-0.482569,-0.483087
29.16,29.16,0.399775,0.400088,-0.619342,-0.620158,-0.545581,-0.546053
29.21,29.21,0.401272,0.402234,-0.618826,-0.618837,-0.546564,-0.546957
28.65,28.64,-0.589697,-0.578898,-0.321043,-0.354066,-0.531764,-0.520829
30.34,30.34,-0.698293,-0.698847,0.046122,0.045539,-0.487977,-0.48905
30.58,30.58,-0.707152,-0.706678,0.037628,0.037619,-0.489653,-0.488692
30.66,30.65,-0.707641,-0.70736,0.035127,0.037478,-0.489184,-0.489686
30.37,30.37,-0.621066,-0.622433,0.129015,0.12831,-0.554988,-0.554021
30.48,30.48,-0.708671,-0.707087,0.03659,0.036517,-0.486673,-0.488829
28.53,28.54,-0.110003,-0.110525,0.68696,0.686681,-0.583297,-0.583094
30.66,30.64,-0.705716,-0.706445,0.039088,0.039275,-0.486118,-0.488205
28.48,28.63,-0.454968,-0.268218,0.309652,0.109834,-0.633643,-0.686646
30.64,30.67,-0.707676,-0.707495,0.037098,0.038434,-0.487159,-0.489126
30.7,30.71,-0.708165,-0.706934,0.038105,0.038051,-0.488153,-0.488654
30.69,30.69,-0.704723,-0.704087,0.040095,0.040621,-0.486598,-0.487358
28.95,28.94,0.291207,0.291832,-0.633278,-0.631305,-0.541173,-0.54121
30.4,30.38,-0.604256,-0.62862,0.132041,0.128081,-0.552303,-0.554793
30.18,30.16,-0.70271,-0.703069,0.045648,0.046111,-0.491527,-0.491515
28.74,28.74,0.142687,0.143479,-0.665211,-0.664973,-0.54633,-0.546742
30.46,30.45,-0.621066,-0.620526,0.130018,0.129609,-0.555477,-0.555642
30.7,30.7,-0.726455,-0.725343,0.031572,0.031577,-0.489889,-0.490024
30.66,30.65,-0.705677,-0.705959,0.038625,0.038755,-0.489128,-0.489204
30.12,30.1,-0.703181,-0.703324,0.046674,0.046789,-0.494024,-0.493332
30.37,30.38,-0.632019,-0.626867,0.129431,0.128472,-0.551572,-0.553536
30.58,30.57,-0.706666,-0.707205,0.038123,0.03746,-0.489142,-0.488533
30.49,30.49,-0.698687,-0.699732,0.038699,0.040217,-0.493073,-0.490576
30.45,30.45,-0.707163,-0.706113,0.039623,0.039717,-0.48963,-0.48965
30.51,30.51,-0.707156,-0.706426,0.03612,0.037419,-0.488668,-0.487715
30.51,30.51,-0.625412,-0.614198,0.12761,0.130571,-0.564057,-0.559869
30.4,30.4,-0.705706,-0.705359,0.040602,0.041374,-0.487603,-0.48951
30.33,30.33,-0.716039,-0.718444,0.038634,0.037417,-0.493225,-0.493525
30.45,30.45,-0.706678,-0.705946,0.038111,0.03952,-0.488141,-0.489806
29.81,29.81,-0.706011,-0.706604,0.085426,0.087623,-0.482089,-0.483287
30.61,30.61,-0.64235,-0.622575,0.121449,0.125248,-0.554757,-0.551973
30.36,30.34,-0.706024,-0.707061,0.084411,0.086421,-0.480598,-0.482198
30.66,30.67,-0.717539,-0.718593,0.034104,0.032798,-0.490284,-0.491089
30.45,30.43,-0.706664,-0.705703,0.041133,0.040704,-0.490611,-0.490727
30.14,30.15,-0.703176,-0.703558,0.044673,0.046036,-0.493546,-0.492081
30.09,30.09,-0.703187,-0.702963,0.047671,0.048029,-0.494012,-0.493405
30.33,30.33,-0.693795,-0.694954,0.046174,0.045263,-0.490942,-0.491419
30.72,30.72,-0.70668,-0.706952,0.03861,0.038263,-0.488135,-0.488868
30.6,30.6,-0.706665,-0.706991,0.039126,0.039336,-0.489632,-0.489802
30.4,30.42,-0.706167,-0.705517,0.042138,0.040832,-0.491096,-0.490955
30.73,30.73,-0.691808,-0.690802,0.041171,0.043055,-0.488978,-0.488122
30.64,30.63,-0.707149,-0.706513,0.038133,0.03895,-0.490148,-0.488991
30.36,30.37,-0.603241,-0.629141,0.132068,0.127458,-0.554297,-0.554539
30.42,30.42,-0.70471,-0.70494,0.042114,0.041123,-0.488579,-0.489659
28.68,28.67,0.14169,0.142887,-0.663214,-0.663799,-0.546818,-0.545887
30.63,30.63,-0.706149,-0.707323,0.036641,0.036839,-0.490156,-0.488782
28.61,28.61,-0.077744,-0.076898,-0.741056,-0.739707,-0.531073,-0.531866
30.42,30.42,-0.622067,-0.622064,0.129504,0.128695,-0.55449,-0.553502
30.36,30.36,-0.622572,-0.622748,0.127989,0.128096,-0.553009,-0.55327
30.16,30.17,-0.703221,-0.703721,0.046133,0.045363,-0.490524,-0.492245
30.36,30.36,-0.705188,-0.705722,0.04213,0.041964,-0.490086,-0.490538
30.34,30.34,-0.62258,-0.621747,0.130488,0.129363,-0.553482,-0.553432
28.55,28.55,-0.108514,-0.10884,0.689976,0.687664,-0.584753,-0.584621
30.6,30.6,-0.706151,-0.706003,0.038143,0.038755,-0.49064,-0.488398
30.34,30.34,-0.700707,-0.700854,0.043168,0.042768,-0.492038,-0.492019
30.45,30.48,-0.708174,-0.70665,0.038598,0.037793,-0.487647,-0.486972
30.4,30.41,-0.705526,-0.705596,0.087423,0.087418,-0.482063,-0.481232
29.56,29.56,-0.696128,-0.696753,0.091448,0.090267,-0.481935,-0.481854
29.21,29.21,0.400791,0.399377,-0.619314,-0.619977,-0.547576,-0.545983
30.64,30.65,-0.707161,-0.706817,0.039124,0.038209,-0.489636,-0.488506
29.12,29.12,0.390188,0.391362,-0.60751,-0.606603,-0.537015,-0.536143
30.36,30.33,-0.698216,-0.697629,0.043189,0.043997,-0.493018,-0.492348
30.37,30.37,-0.706203,-0.705875,0.043106,0.041613,-0.488581,-0.490053
30.3,30.29,-0.707025,-0.705783,0.088408,0.087158,-0.481563,-0.481652
30.04,30.04,-0.702706,-0.702164,0.047156,0.048258,-0.492512,-0.49312
28.59,28.59,-0.160985,-0.160703,0.673815,0.672733,-0.584891,-0.583533
28.56,28.52,-0.301808,-0.34141,-0.737341,-0.739093,-0.496413,-0.418845
30.37,30.37,-0.712122,-0.709283,0.038601,0.039507,-0.489184,-0.491839
30.14,30.15,-0.70418,-0.703554,0.044657,0.04598,-0.492553,-0.491566
30.42,30.43,-0.636929,-0.635398,0.128457,0.127168,-0.555132,-0.555649
30.34,30.34,-0.685416,-0.68619,0.048663,0.049116,-0.487836,-0.488865
29.79,29.8,-0.7065,-0.706063,0.087437,0.087765,-0.483573,-0.483786
30.51,30.51,-0.694797,-0.692623,0.043653,0.044676,-0.488976,-0.489172
30.68,30.69,-0.693277,-0.694386,0.042186,0.041723,-0.490983,-0.489681
29.93,29.92,-0.700626,-0.705108,0.091395,0.088298,-0.47897,-0.482535
30.63,30.63,-0.706185,-0.706707,0.037608,0.038548,-0.487641,-0.486713
28.44,28.45,-0.564605,-0.562149,-0.599856,-0.553396,-0.188597,-0.26231
23.58,23.6,-1.841858,2.053862,-3.233068,1.094536,-5.332464,-1.529004
29.48,29.48,-0.705033,-0.705351,0.087923,0.088093,-0.482052,-0.482965
30.66,30.66,-0.708171,-0.707338,0.038099,0.038689,-0.487653,-0.489127
30.55,30.56,-0.723502,-0.723711,0.035572,0.033529,-0.489818,-0.490479
30.4,30.4,-0.62256,-0.622663,0.129004,0.129722,-0.5545,-0.554493
30.72,30.72,-0.706149,-0.706789,0.037644,0.037872,-0.490646,-0.489066
30.46,30.47,-0.620549,-0.620625,0.12954,0.129443,-0.556981,-0.556381
30.09,30.09,-0.701224,-0.702059,0.048159,0.047918,-0.492487,-0.493464
30.39,30.39,-0.706017,-0.706666,0.086423,0.086386,-0.482078,-0.482951
30.54,30.54,-0.632445,-0.629526,0.128997,0.128048,-0.55709,-0.559024
30.48,30.48,-0.704646,-0.702876,0.038166,0.039361,-0.492129,-0.490568
30.36,30.36,-0.713596,-0.714973,0.039611,0.0403,-0.490688,-0.489085
30.63,30.63,-0.705718,-0.70629,0.039587,0.039121,-0.486112,-0.489028
30.52,30.52,-0.621545,-0.620366,0.128028,0.128342,-0.556005,-0.556006
30.16,30.16,-0.703706,-0.703563,0.047645,0.045765,-0.492014,-0.491979
30.64,30.64,-0.707672,-0.707456,0.037602,0.036719,-0.487654,-0.488749
30.64,30.64,-0.705207,-0.706394,0.040105,0.039392,-0.487604,-0.487953
30.7,30.7,-0.692794,-0.693694,0.040169,0.041357,-0.488998,-0.49015
30.63,30.63,-0.706184,-0.706605,0.038612,0.038772,-0.488131,-0.488318
30.42,30.41,-0.622574,-0.62128,0.130494,0.129681,-0.553982,-0.554376
29.16,29.16,0.39928,0.399895,-0.61834,-0.618844,-0.546075,-0.545464
29.8,29.79,-0.706486,-0.706113,0.085947,0.087374,-0.484091,-0.483145
30.22,30.22,-0.71192,-0.71232,0.083439,0.084471,-0.484667,-0.483973
29.71,29.71,-0.706478,-0.706239,0.08796,0.087149,-0.485571,-0.484466
30.39,30.39,-0.705122,-0.70671,0.040189,0.040237,-0.494615,-0.4929
30.48,30.48,-0.707654,-0.707494,0.03762,0.037743,-0.489156,-0.488112
29.81,29.81,-0.707485,-0.706596,0.087439,0.088292,-0.484083,-0.483785
30.66,30.66,-0.706178,-0.706184,0.038618,0.038044,-0.488631,-0.489509
30.54,30.53,-0.618079,-0.619807,0.130042,0.129241,-0.556453,-0.556752
30.31,30.31,-0.701196,-0.701955,0.044176,0.04331,-0.493033,-0.49348
30.48,30.47,-0.707147,-0.706772,0.036631,0.037363,-0.489664,-0.48822
30.57,30.57,-0.686385,-0.687338,0.045673,0.04592,-0.48838,-0.488055
29.21,29.21,0.398783,0.400049,-0.620349,-0.619139,-0.5451,-0.546142
29.65,29.64,-0.7065,-0.705557,0.087437,0.087787,-0.483573,-0.483792
30.43,30.43,-0.70419,-0.705293,0.04214,0.041381,-0.490578,-0.490476
29.23,29.23,0.399785,0.400143,-0.618831,-0.619575,-0.546577,-0.545566
30.33,30.33,-0.710597,-0.711269,0.04065,0.03926,-0.493155,-0.4927
30.33,30.32,-0.702588,-0.701601,0.087398,0.088053,-0.479032,-0.480513
30.64,30.65,-0.707188,-0.706848,0.038596,0.038499,-0.487138,-0.488959
30.36,30.36,-0.688852,-0.689973,0.046679,0.047332,-0.489892,-0.490971
30.45,30.45,-0.622069,-0.622935,0.130003,0.128919,-0.554484,-0.555
30.12,30.12,-0.684725,-0.687647,0.092493,0.093027,-0.482325,-0.480752
30.63,30.63,-0.707666,-0.707815,0.038612,0.038099,-0.488644,-0.488351
30.69,30.69,-0.698222,-0.698335,0.037668,0.039008,-0.490076,-0.490006
30.7,30.7,-0.707634,-0.708423,0.036136,0.036468,-0.490175,-0.490684
30.09,30.09,-0.701719,-0.701275,0.049161,0.048639,-0.492981,-0.493379
30.49,30.49,-0.707177,-0.706891,0.036601,0.037769,-0.48716,-0.48757
30.73,30.71,-0.707171,-0.706914,0.036607,0.037545,-0.487661,-0.48883
28.65,28.65,-0.077644,-0.077849,-0.711864,-0.712718,-0.511207,-0.510722
30.28,30.28,-0.705033,-0.706386,0.087923,0.087512,-0.482052,-0.481934
30.09,30.09,-0.703038,-0.705061,0.087943,0.08783,-0.483037,-0.48257
30.13,30.14,-0.726767,-0.71893,0.080902,0.082921,-0.485827,-0.484504
30.61,30.61,-0.706676,-0.706446,0.036609,0.037429,-0.487657,-0.488141
28.94,28.94,0.475104,0.469334,-0.545434,-0.54366,-0.738431,-0.738886
28.59,28.6,-0.163981,-0.164382,0.674285,0.672955,-0.583409,-0.583678
30.12,30.13,-0.705517,-0.706335,0.08693,0.086732,-0.482569,-0.483384
26.01,25.99,1.484619,3.424511,10.967428,8.68854,-15.975709,-15.984672
29.18,29.21,0.399273,0.399299,-0.619349,-0.619639,-0.545085,-0.545058
30.61,30.61,-0.707182,-0.706055,0.038602,0.039254,-0.487638,-0.488834
30.34,30.35,-0.706009,-0.705318,0.088436,0.08776,-0.483558,-0.482232
30.46,30.47,-0.704659,-0.704742,0.041663,0.040171,-0.492591,-0.488731
30.66,30.66,-0.705668,-0.706822,0.038132,0.037628,-0.489634,-0.489525
29.88,29.88,-0.695093,-0.695288,0.088988,0.08915,-0.484458,-0.483542
30.12,30.12,-0.705529,-0.706102,0.086918,0.087535,-0.481567,-0.482878
29.91,29.9,-0.692691,-0.694172,0.091929,0.092326,-0.479396,-0.480942
30.19,30.19,-0.704693,-0.703502,0.045641,0.045812,-0.491544,-0.491722
30.46,30.46,-0.620574,-0.620074,0.128512,0.129395,-0.554488,-0.555601
29.53,29.53,-0.687717,-0.69212,0.093468,0.091881,-0.481338,-0.481039
30.09,30.1,-0.701705,-0.70163,0.047671,0.04915,-0.493499,-0.494173
25.18,25.17,-0.722161,-0.728456,0.673061,0.67566,0.346367,0.343853
28.94,28.94,0.298744,0.300941,-0.637162,-0.640302,-0.547662,-0.5484
30.49,30.48,-0.708677,-0.707515,0.036584,0.036698,-0.486172,-0.488334
30.45,30.45,-0.628517,-0.622876,0.130478,0.129174,-0.554535,-0.555097
30.34,30.33,-0.705523,-0.706551,0.086924,0.086467,-0.482068,-0.482984
30.24,30.22,-0.7159,-0.712233,0.084914,0.085699,-0.484185,-0.483137
30.12,30.12,-0.706016,-0.705844,0.08843,0.088098,-0.483057,-0.48356
29.07,29.07,0.421887,0.421951,-0.632504,-0.633316,-0.564071,-0.564155
30.13,30.13,-0.722302,-0.71958,0.081423,0.082626,-0.486283,-0.485935
30.39,30.39,-0.62009,-0.617176,0.129506,0.130784,-0.553972,-0.552735
29.16,29.16,0.401768,0.401911,-0.618824,-0.618383,-0.54656,-0.546674
30.37,30.37,-0.717525,-0.717158,0.036123,0.037674,-0.492264,-0.492154
28.61,28.61,-0.078631,-0.080166,-0.71036,-0.709174,-0.5122,-0.512135
28.62,28.62,-0.081071,-0.07989,-0.715344,-0.714425,-0.513279,-0.512948
29.48,29.48,-0.706022,-0.706327,0.087421,0.087272,-0.482067,-0.483454
30.46,30.46,-0.705682,-0.704822,0.039623,0.040225,-0.489117,-0.488722
30.45,30.46,-0.602252,-0.612801,0.132571,0.130291,-0.554283,-0.554325
30.72,30.71,-0.706646,-0.706577,0.035635,0.038007,-0.489671,-0.489027
30.36,30.36,-0.703694,-0.705245,0.042141,0.041535,-0.490573,-0.492021
30.34,30.33,-0.705007,-0.705978,0.086445,0.087174,-0.483572,-0.4823
30.24,30.23,-0.718525,-0.717915,0.038619,0.039388,-0.492746,-0.493488
30.4,30.41,-0.623059,-0.622495,0.128497,0.128975,-0.554009,-0.554545
29.75,29.75,-0.705972,-0.706041,0.085967,0.088123,-0.485589,-0.483261
30.64,30.64,-0.706184,-0.706439,0.038612,0.03911,-0.488131,-0.48948
30.04,30.04,-0.701695,-0.701632,0.048181,0.04779,-0.494495,-0.492575
28.65,28.65,-0.073114,-0.072784,-0.749398,-0.750944,-0.541144,-0.5415
30.34,30.34,-0.69136,-0.691944,0.047644,0.048324,-0.487899,-0.488273
30.37,30.38,-0.705641,-0.705582,0.04217,0.041594,-0.493595,-0.492124
30.39,30.38,-0.623525,-0.622457,0.127522,0.128973,-0.556028,-0.553983
30.66,30.66,-0.704656,-0.706094,0.036652,0.036345,-0.490644,-0.491336
30.49,30.49,-0.698714,-0.699482,0.040177,0.04041,-0.491554,-0.490431
29.13,29.13,0.398808,0.400479,-0.618318,-0.619877,-0.548082,-0.546097
28.62,28.62,-0.080083,-0.079673,-0.711333,-0.712476,-0.514728,-0.514903
28.44,28.45,0.136577,0.136344,-0.933192,-0.933944,-0.578971,-0.578701
29.54,29.57,-0.687207,-0.690143,0.092983,0.09282,-0.482341,-0.482193
30.45,30.45,-0.706643,-0.705998,0.040653,0.040219,-0.492119,-0.490295
30.36,30.34,-0.616149,-0.63142,0.130999,0.127215,-0.552418,-0.555398
29.77,29.79,-0.707497,-0.705936,0.087427,0.087914,-0.483081,-0.483268
30.7,30.71,-0.691356,-0.690384,0.04464,0.043214,-0.486932,-0.488347
28.55,28.54,-0.207019,-0.206689,0.649147,0.648494,-0.580561,-0.582194
29.62,29.62,-0.706965,-0.706866,0.088468,0.087225,-0.486571,-0.483905
29.51,29.51,-0.718895,-0.716083,0.085384,0.085275,-0.482702,-0.483135
29.79,29.8,-0.706009,-0.706437,0.088436,0.087425,-0.483558,-0.483828
30.37,30.38,-0.60377,-0.611128,0.131532,0.131012,-0.551303,-0.552735
30.6,30.62,-0.615617,-0.616793,0.126524,0.125833,-0.553466,-0.552337
28.62,28.64,-0.078171,-0.078425,-0.712899,-0.712667,-0.508218,-0.510612
30.3,30.3,-0.70604,-0.705728,0.087403,0.087408,-0.480565,-0.48259
30.43,30.43,-0.61257,-0.613312,0.132123,0.131866,-0.561891,-0.561484
28.59,28.59,-0.075099,-0.075032,-0.752416,-0.750332,-0.539693,-0.539604
30.37,30.37,-0.717023,-0.716283,0.037135,0.036807,-0.49325,-0.492751
29.02,29.02,0.395136,0.395752,-0.608002,-0.607441,-0.535976,-0.535124
30.63,30.66,-0.708168,-0.706994,0.038604,0.038782,-0.488148,-0.489313
30.4,30.4,-0.706679,-0.705551,0.04162,0.041009,-0.489604,-0.490703
29.69,29.69,-0.704511,-0.706181,0.086447,0.08765,-0.483567,-0.483763
30.6,30.6,-0.707178,-0.70628,0.04011,0.039046,-0.488623,-0.489013
28.67,28.67,-0.073654,-0.073156,-0.746937,-0.747379,-0.538617,-0.538568
30.61,30.64,-0.613148,-0.631042,0.126023,0.123868,-0.552448,-0.553605
29.74,29.75,-0.705511,-0.705941,0.086936,0.08816,-0.48307,-0.48338
26.52,26.51,9.387011,9.421741,5.243301,5.27391,-6.19677,-6.169459
29.57,29.59,-0.705563,-0.70235,0.090896,0.089454,-0.480521,-0.481942
30.49,30.49,-0.693307,-0.691615,0.04316,0.043498,-0.488969,-0.490037
30.19,30.19,-0.703224,-0.70385,0.044625,0.044997,-0.489539,-0.492105
30.48,30.48,-0.706671,-0.706965,0.038117,0.039017,-0.488642,-0.490166
29.09,29.09,0.38914,0.389911,-0.605061,-0.605281,-0.533491,-0.534864
30.12,30.12,-0.713444,-0.709395,0.086906,0.087186,-0.483139,-0.482685
29.18,29.18,0.397713,0.39887,-0.614914,-0.617687,-0.541041,-0.542771
30.64,30.64,-0.707144,-0.707003,0.037136,0.038147,-0.490159,-0.489145
30.36,30.36,-0.707611,-0.708257,0.039669,0.040056,-0.493641,-0.492861
28.61,28.61,-0.076162,-0.076735,-0.745972,-0.747246,-0.536624,-0.535852
29.66,29.67,-0.688216,-0.693464,0.092961,0.090667,-0.480847,-0.482537
30.72,30.72,-0.706668,-0.707233,0.038622,0.037517,-0.489136,-0.488693
30.49,30.49,-0.615035,-0.619455,0.12962,0.130689,-0.56194,-0.560575
30.13,30.13,-0.702181,-0.703639,0.046185,0.046099,-0.494522,-0.492812
29.16,29.17,0.40077,0.402055,-0.618833,-0.618306,-0.546068,-0.545505
28.61,28.6,-0.079494,-0.079712,-0.722771,-0.723367,-0.517357,-0.519254
30.58,30.6,-0.726449,-0.72443,0.032581,0.032609,-0.490879,-0.490045
29.51,29.52,-0.706533,-0.705898,0.086902,0.088153,-0.480575,-0.483205
30.37,30.35,-0.707481,-0.710028,0.084435,0.084015,-0.483115,-0.483042
30.24,30.24,-0.693274,-0.693594,0.048207,0.047636,-0.49392,-0.49134
28.56,28.51,-0.416537,-0.430074,-0.540381,-0.543167,-0.44459,-0.430213
29.11,29.11,0.398769,0.399126,-0.618859,-0.618872,-0.544583,-0.544199
30.36,30.36,-0.730259,-0.730091,0.080366,0.078802,-0.48386,-0.484803
30.66,30.65,-0.718012,-0.718268,0.03212,0.033163,-0.491312,-0.491082
30.64,30.65,-0.635889,-0.630177,0.12199,0.123508,-0.556198,-0.553642
30.12,30.12,-0.706019,-0.705729,0.087925,0.087246,-0.482562,-0.483624
30.49,30.49,-0.705178,-0.705793,0.039132,0.040158,-0.489619,-0.487995
30.3,30.32,-0.705497,-0.705171,0.086449,0.087603,-0.484077,-0.482022
29.68,29.68,-0.686203,-0.688922,0.091995,0.092916,-0.482845,-0.481485
30.37,30.37,-0.714574,-0.714607,0.038117,0.038158,-0.491214,-0.492567
30.46,30.46,-0.707152,-0.706255,0.038632,0.040114,-0.490142,-0.490313
30.45,30.45,-0.62155,-0.62189,0.129025,0.128886,-0.555993,-0.555262
30.43,30.43,-0.621573,-0.62132,0.130005,0.128873,-0.55448,-0.55445
30.69,30.69,-0.697732,-0.698872,0.038667,0.038909,-0.49006,-0.490217
30.69,30.7,-0.688842,-0.689817,0.042678,0.043393,-0.488936,-0.48816
29.16,29.16,0.401756,0.402453,-0.617832,-0.61885,-0.546048,-0.54703
30.51,30.51,-0.705192,-0.705351,0.040622,0.040109,-0.489101,-0.490045
30.42,30.42,-0.704686,-0.705369,0.041134,0.041049,-0.490093,-0.489388
30.64,30.65,-0.705677,-0.707303,0.037622,0.038759,-0.488638,-0.488765
30.52,30.5,-0.708168,-0.706929,0.038604,0.037164,-0.488148,-0.488249
30.66,30.66,-0.707181,-0.7063,0.039605,0.038785,-0.488128,-0.489342
29.69,29.69,-0.691192,-0.692102,0.090943,0.091423,-0.479894,-0.479847
30.46,30.46,-0.706682,-0.705907,0.040112,0.040136,-0.488619,-0.488752
30.57,30.57,-0.707156,-0.707718,0.037124,0.037075,-0.489158,-0.489434
30.46,30.46,-0.611174,-0.623059,0.131035,0.129028,-0.553877,-0.555836
28.59,28.5,-0.421374,-0.482834,-0.5383,-0.528164,-0.53727,-0.449299
28.94,28.94,0.296792,0.297629,-0.639645,-0.639603,-0.54921,-0.548321
30.12,30.12,-0.702198,-0.702506,0.04717,0.046326,-0.493509,-0.493526
28.56,28.6,-0.737069,-0.728011,-0.42484,-0.411931,0.054312,-0.013803
28.65,28.65,-0.080023,-0.079784,-0.716789,-0.714109,-0.517294,-0.517768
30.51,30.52,-0.61755,-0.618122,0.129575,0.130213,-0.558958,-0.557057
30.43,30.43,-0.613068,-0.613682,0.133623,0.131977,-0.562379,-0.562173
30.46,30.47,-0.605268,-0.613803,0.133521,0.130206,-0.551293,-0.55424
30.48,30.47,-0.70616,-0.705726,0.038635,0.039463,-0.490134,-0.487867
29.03,29.03,0.677078,0.678132,-0.485737,-0.485354,-0.492072,-0.495395
30.68,30.67,-0.717029,-0.716892,0.032616,0.033387,-0.490797,-0.490527
29.11,29.12,0.398765,0.399108,-0.619363,-0.619026,-0.544088,-0.544682
30.46,30.45,-0.612721,-0.6198,0.131974,0.129936,-0.549372,-0.553544
28.61,28.61,-0.076093,-0.07431,-0.751921,-0.752538,-0.539696,-0.5409
30.6,30.59,-0.70669,-0.706813,0.038099,0.037306,-0.487139,-0.488842
28.95,28.95,0.656528,0.65612,-0.484027,-0.484256,-0.474701,-0.474872
30.69,30.69,-0.697251,-0.696801,0.039155,0.04064,-0.489049,-0.491653
30.36,30.36,-0.68589,-0.685889,0.049184,0.049642,-0.489838,-0.489322
30.51,30.51,-0.621057,-0.620402,0.130529,0.129408,-0.556473,-0.557141
30.61,30.61,-0.705667,-0.70584,0.040139,0.038976,-0.490613,-0.48891
30.33,30.33,-0.696749,-0.697294,0.043676,0.043438,-0.491498,-0.491024
30.39,30.39,-0.699079,-0.700132,0.085945,0.086389,-0.481522,-0.483981
30.63,30.64,-0.70766,-0.707516,0.037614,0.037581,-0.488656,-0.488705
30.49,30.49,-0.688345,-0.688783,0.044686,0.04544,-0.48991,-0.488824
30.45,30.44,-0.62107,-0.621535,0.12851,0.129397,-0.554492,-0.554907
30.37,30.38,-0.704672,-0.705802,0.040648,0.040724,-0.4911,-0.490708
30.45,30.46,-0.70665,-0.706689,0.03864,0.04043,-0.490639,-0.490258
30.52,30.52,-0.693816,-0.6932,0.044648,0.044346,-0.488456,-0.487622
30.73,30.72,-0.689828,-0.690089,0.04268,0.043283,-0.489445,-0.488188
30.6,30.6,-0.707661,-0.707343,0.036611,0.037675,-0.488166,-0.488642
30.45,30.47,-0.706191,-0.70683,0.037602,0.037169,-0.48714,-0.487026
30.46,30.46,-0.706164,-0.706968,0.038131,0.037415,-0.489639,-0.488036
30.39,30.39,-0.622583,-0.621114,0.130987,0.129048,-0.553476,-0.553535
30.22,30.22,-0.691834,-0.691676,0.048165,0.048918,-0.489901,-0.490668
30.4,30.4,-0.705683,-0.705288,0.042128,0.041251,-0.49009,-0.490858
30.13,30.14,-0.71044,-0.707962,0.085944,0.086027,-0.485127,-0.48544
30.42,30.42,-0.620587,-0.621569,0.131006,0.129313,-0.55446,-0.554142
30.6,30.6,-0.724937,-0.723967,0.03261,0.032452,-0.492869,-0.491445
30.64,30.64,-0.708646,-0.706938,0.037617,0.038819,-0.489165,-0.489016
30.46,30.46,-0.613054,-0.613674,0.132133,0.131995,-0.562897,-0.561972
28.52,28.52,0.143202,0.142834,-0.664188,-0.664465,-0.548318,-0.546115
24.22,24.21,-0.448431,-0.447373,0.116225,0.116513,-0.556137,-0.555244
30.57,30.57,-0.68689,-0.687632,0.046165,0.045732,-0.487877,-0.488235
30.51,30.52,-0.621069,-0.619318,0.129514,0.129396,-0.554982,-0.556225
30.69,30.7,-0.707158,-0.707346,0.037622,0.037643,-0.489152,-0.489279
29.16,29.16,0.400248,0.399321,-0.617357,-0.618679,-0.544553,-0.545257
29.48,29.48,-0.706017,-0.703727,0.086423,0.088045,-0.482078,-0.483097
30.55,30.54,-0.619076,-0.618514,0.130032,0.130086,-0.55596,-0.557818
29.2,29.2,0.401287,0.40177,-0.619312,-0.617934,-0.547571,-0.546314
30.37,30.37,-0.691821,-0.69161,0.044667,0.046521,-0.48944,-0.4909
30.37,30.36,-0.623064,-0.622272,0.129495,0.127822,-0.553998,-0.554035
28.74,28.74,0.142682,0.142357,-0.664213,-0.663921,-0.546319,-0.545452
28.64,28.64,-0.080026,-0.079798,-0.71629,-0.714384,-0.517288,-0.51768
30.61,30.61,-0.707681,-0.706844,0.039099,0.038855,-0.487637,-0.489065
28.61,28.61,-0.079653,-0.079913,-0.70939,-0.709804,-0.510195,-0.510652
30.48,30.48,-0.705676,-0.706008,0.039629,0.039934,-0.489617,-0.490213
30.63,30.63,-0.70617,-0.707461,0.037122,0.036848,-0.488648,-0.489184
30.1,30.1,-0.70318,-0.702925,0.047677,0.046964,-0.494513,-0.493608
30.25,30.25,-0.713064,-0.713687,0.039649,0.04022,-0.493688,-0.492831
28.65,28.64,-0.198957,-0.181886,0.648803,0.667821,-0.591013,-0.585897
30.49,30.49,-0.708151,-0.708005,0.036615,0.036607,-0.488671,-0.48883
29.71,29.7,-0.705976,-0.705799,0.087967,0.087161,-0.486067,-0.484001
29.8,29.79,-0.705513,-0.705859,0.088438,0.087646,-0.483554,-0.48335
30.55,30.55,-0.707188,-0.707479,0.038596,0.037574,-0.487138,-0.487257
30.48,30.48,-0.702182,-0.703581,0.038662,0.038862,-0.491101,-0.491541
30.52,30.54,-0.712105,-0.713688,0.036612,0.036223,-0.489707,-0.491478
30.57,30.57,-0.692826,-0.693953,0.043648,0.044736,-0.487957,-0.487083
30.12,30.11,-0.705538,-0.704981,0.088414,0.087605,-0.48155,-0.482922
30.57,30.54,-0.620039,-0.619414,0.129055,0.130065,-0.557984,-0.557551
30.61,30.61,-0.706668,-0.70604,0.038622,0.038813,-0.489136,-0.489515
30.04,30.04,-0.702702,-0.701978,0.048664,0.048421,-0.493496,-0.493373
30.36,30.36,-0.692337,-0.692664,0.047153,0.047479,-0.488915,-0.4891
30.48,30.48,-0.687872,-0.688591,0.046671,0.04547,-0.488882,-0.488331
30.48,30.49,-0.692317,-0.691985,0.044666,0.043524,-0.489444,-0.489765
30.68,30.67,-0.638413,-0.630201,0.123441,0.125153,-0.553198,-0.552351
30.37,30.37,-0.695151,-0.695366,0.088429,0.089007,-0.479456,-0.481555
30.21,30.2,-0.703705,-0.703504,0.044136,0.045704,-0.490551,-0.492284
30.45,30.45,-0.706658,-0.705814,0.041139,0.040661,-0.491111,-0.490508
30.34,30.35,-0.622566,-0.622334,0.128998,0.128531,-0.553999,-0.553662
30.39,30.39,-0.705529,-0.705433,0.087921,0.087452,-0.482057,-0.481981
30.48,30.48,-0.704693,-0.705623,0.040125,0.039949,-0.489102,-0.488431
28.95,28.95,0.645535,0.647165,-0.477134,-0.477936,-0.470711,-0.470661
30.69,30.69,-0.71554,-0.715352,0.034629,0.034615,-0.491763,-0.490945
30.09,30.12,-0.701209,-0.701865,0.048676,0.048712,-0.493984,-0.493048
30.64,30.64,-0.706151,-0.70651,0.039146,0.039043,-0.49113,-0.4889
30.36,30.37,-0.734703,-0.73356,0.075855,0.077506,-0.483449,-0.485579
30.61,30.61,-0.707146,-0.703324,0.038638,0.039344,-0.490643,-0.490071
30.39,30.4,-0.723307,-0.722388,0.079401,0.079756,-0.484311,-0.485797
29.77,29.77,-0.706013,-0.706588,0.086928,0.087613,-0.482573,-0.483732
30.66,30.66,-0.70665,-0.706381,0.03864,0.039048,-0.490639,-0.489265
30.42,30.42,-0.622061,-0.622487,0.128507,0.129469,-0.554501,-0.554574
30.36,30.36,-0.705645,-0.705752,0.040662,0.041833,-0.492611,-0.490034
30.48,30.48,-0.705669,-0.705182,0.040638,0.040552,-0.490608,-0.489487
30.72,30.71,-0.71604,-0.715837,0.032115,0.03371,-0.490294,-0.491431
30.39,30.39,-0.705668,-0.705368,0.042645,0.041842,-0.491587,-0.490231
30.51,30.51,-0.707144,-0.705155,0.040645,0.040292,-0.491622,-0.490717
30.57,30.57,-0.70714,-0.707305,0.03764,0.037599,-0.490654,-0.488462
30.31,30.31,-0.705015,-0.706112,0.087941,0.087279,-0.483555,-0.48232
29.6,29.6,-0.706491,-0.705921,0.085941,0.087162,-0.48359,-0.484138
30.52,30.53,-0.630439,-0.617198,0.131534,0.130765,-0.560049,-0.559126
30.7,30.7,-0.716526,-0.716632,0.033627,0.033611,-0.491783,-0.490853
30.45,30.45,-0.620546,-0.620554,0.129041,0.129771,-0.556986,-0.555455
30.39,30.39,-0.705019,-0.706256,0.087437,0.087143,-0.483059,-0.482648
30.7,30.71,-0.706663,-0.707085,0.037624,0.037938,-0.489148,-0.488372
28.38,28.38,0.139544,0.138805,-0.934191,-0.93447,-0.577955,-0.578625
30.25,30.25,-0.686372,-0.710224,0.048695,0.042157,-0.490849,-0.491466
30.58,30.58,-0.719064,-0.717763,0.035565,0.035492,-0.487776,-0.488317
28.97,28.97,0.634018,0.633575,-0.470771,-0.469617,-0.464228,-0.465401
30.63,30.63,-0.70717,-0.707023,0.03761,0.03943,-0.48815,-0.489251
29.93,29.93,-0.690179,-0.690621,0.09147,0.091156,-0.481883,-0.482927
30.37,30.37,-0.707684,-0.707885,0.043106,0.043123,-0.489094,-0.48845
30.57,30.57,-0.687389,-0.686963,0.045658,0.046065,-0.487387,-0.487484
30.04,30.04,-0.702696,-0.702093,0.04867,0.0485,-0.493997,-0.493342
30.4,30.41,-0.623575,-0.62235,0.128976,0.129477,-0.552505,-0.554828
30.39,30.39,-0.706673,-0.706071,0.040622,0.040827,-0.489615,-0.491481
30.6,30.6,-0.612225,-0.627508,0.127463,0.123835,-0.547415,-0.553054
29.54,29.55,-0.724288,-0.722768,0.081914,0.082856,-0.486295,-0.486121
22.92,22.92,-0.457114,-0.456274,0.086347,0.086662,-0.563063,-0.563307
28.61,28.61,-0.075752,-0.077126,-0.741542,-0.740921,-0.531562,-0.531366
30.42,30.41,-0.704716,-0.705126,0.042108,0.042062,-0.488078,-0.490612
30.4,30.38,-0.706995,-0.706279,0.087435,0.087029,-0.483578,-0.48278
30.33,30.32,-0.722993,-0.723246,0.037593,0.036428,-0.491794,-0.492521
30.46,30.46,-0.706665,-0.70651,0.039126,0.040211,-0.489632,-0.489368
30.54,30.54,-0.688376,-0.688358,0.047162,0.045466,-0.48838,-0.488369
30.54,30.54,-0.707162,-0.706514,0.037118,0.037213,-0.488657,-0.488941
25.15,25.14,-0.636543,-0.663318,0.727884,0.722052,0.335711,0.342294
30.64,30.63,-0.707648,-0.706714,0.03863,0.038906,-0.490147,-0.489144
30.63,30.63,-0.707161,-0.706654,0.038121,0.038445,-0.489146,-0.488978
28.94,28.94,0.298763,0.299122,-0.640653,-0.64059,-0.547702,-0.547052
30.52,30.52,-0.714136,-0.71516,0.036557,0.037111,-0.485719,-0.488606
29.21,29.21,0.402273,0.402039,-0.618311,-0.618834,-0.547551,-0.546873
30.4,30.4,-0.704681,-0.705775,0.040137,0.040641,-0.490104,-0.490062
30.7,30.7,-0.706196,-0.706871,0.0386,0.03798,-0.487129,-0.488495
30.31,30.31,-0.70702,-0.706891,0.087411,0.086488,-0.481575,-0.48238
30.34,30.34,-0.714897,-0.714672,0.082923,0.082455,-0.484198,-0.483761
29.2,29.2,0.399742,0.400264,-0.618873,-0.619713,-0.543072,-0.546072
28.64,28.64,-0.079451,-0.079313,-0.719719,-0.720477,-0.522331,-0.521918
30.68,30.69,-0.706677,-0.706271,0.039114,0.038293,-0.48863,-0.489047
30.58,30.58,-0.707655,-0.707456,0.036617,0.037175,-0.488667,-0.488529
30.48,30.48,-0.707672,-0.70687,0.037602,0.037033,-0.487654,-0.488134
30.46,30.46,-0.707163,-0.706451,0.040627,0.039835,-0.49012,-0.489562
30.6,30.6,-0.707153,-0.707463,0.036625,0.037127,-0.489163,-0.48915
30.25,30.25,-0.689369,-0.689596,0.050667,0.050868,-0.489852,-0.4892
30.49,30.49,-0.706657,-0.707139,0.036627,0.037077,-0.489159,-0.487716
29.79,29.81,-0.706025,-0.706053,0.087919,0.087931,-0.482061,-0.483439
30.54,30.53,-0.61807,-0.617863,0.129549,0.130327,-0.556959,-0.55767
30.4,30.39,-0.706506,-0.70615,0.087431,0.087536,-0.483073,-0.482157
30.52,30.52,-0.706684,-0.707186,0.037102,0.036787,-0.48715,-0.488556
30.07,30.07,-0.702701,-0.702961,0.046159,0.047795,-0.492523,-0.493028
30.33,30.33,-0.717075,-0.716763,0.040091,0.039817,-0.490212,-0.490122
30.61,30.61,-0.707152,-0.707088,0.038632,0.038471,-0.490142,-0.489988
30.51,30.51,-0.621029,-0.620301,0.130054,0.12934,-0.558482,-0.55689
30.34,30.34,-0.689392,-0.690745,0.048138,0.048178,-0.486875,-0.489005
30.37,30.39,-0.641362,-0.630091,0.12546,0.127681,-0.556206,-0.555176
30.31,30.31,-0.702579,-0.701737,0.087909,0.087409,-0.480028,-0.480918
30.4,30.4,-0.705161,-0.705538,0.040652,0.041749,-0.491605,-0.490859
28.52,28.54,0.147045,0.14719,-0.939114,-0.938375,-0.58095,-0.581362
29.53,29.53,-0.707497,-0.710387,0.088431,0.086569,-0.483571,-0.483587
30.34,30.34,-0.700559,-0.700721,0.087952,0.088084,-0.483015,-0.480786
30.37,30.38,-0.604271,-0.630118,0.132528,0.128341,-0.551296,-0.554503
26.33,26.32,8.733812,8.712009,3.903316,3.899416,-4.162519,-4.336216
30.37,30.39,-0.623555,-0.621912,0.127492,0.128078,-0.553524,-0.553157
28.62,28.62,-0.079092,-0.08011,-0.712332,-0.71158,-0.51423,-0.514055
28.91,28.91,0.299286,0.300156,-0.640123,-0.640387,-0.550196,-0.547837
30.48,30.47,-0.706686,-0.705961,0.039607,0.040347,-0.488124,-0.490578
29.95,29.94,-0.691162,-0.692438,0.090973,0.09061,-0.482398,-0.4833
29.21,29.21,0.400772,0.401062,-0.620335,-0.619666,-0.545584,-0.546044
30.66,30.65,-0.707196,-0.706752,0.040092,0.038787,-0.487121,-0.489241
30.46,30.46,-0.705679,-0.706421,0.040127,0.03966,-0.489612,-0.489523
28.95,28.95,0.297264,0.297171,-0.639668,-0.639572,-0.547203,-0.547328
30.28,30.28,-0.712387,-0.713458,0.074941,0.074827,-0.483265,-0.482805
30.61,30.6,-0.687372,-0.688317,0.043669,0.045177,-0.48791,-0.487946
30.52,30.51,-0.706669,-0.706277,0.037618,0.037349,-0.488647,-0.488136
30.52,30.53,-0.617577,-0.617449,0.13005,0.129969,-0.556949,-0.557255
30.39,30.39,-0.621111,-0.621686,0.130476,0.129058,-0.551966,-0.55375
28.64,28.64,-0.075097,-0.074635,-0.753918,-0.752396,-0.53921,-0.539128
30.52,30.53,-0.710101,-0.710627,0.036139,0.037049,-0.491198,-0.491142
30.45,30.45,-0.621557,-0.620984,0.128016,0.129244,-0.555003,-0.555756
30.61,30.64,-0.62451,-0.631976,0.124015,0.124389,-0.555074,-0.553222
28.55,28.54,0.14654,0.147187,-0.938623,-0.938242,-0.580448,-0.581626
30.46,30.47,-0.707192,-0.707052,0.037088,0.036497,-0.486153,-0.488418
30.72,30.72,-0.690352,-0.69071,0.044655,0.043008,-0.487925,-0.487531
29.74,29.74,-0.706491,-0.705382,0.085941,0.087955,-0.48359,-0.483187
30.27,30.28,-0.707014,-0.706245,0.087417,0.087289,-0.482075,-0.481559
25.74,25.74,-2.072972,-1.87841,-1.899108,-1.898114,1.037783,1.076263
30.66,30.67,-0.718976,-0.718642,0.032645,0.032889,-0.493819,-0.491209
30.66,30.66,-0.708149,-0.706908,0.038622,0.038062,-0.48965,-0.489125
29.03,29.03,0.644053,0.643137,-0.473625,-0.473967,-0.472688,-0.473541
28.61,28.61,-0.079611,-0.07995,-0.710351,-0.709371,-0.51321,-0.511008
30.64,30.64,-0.705689,-0.706164,0.038613,0.038923,-0.488126,-0.488758
29.68,29.68,-0.72134,-0.719214,0.081397,0.08347,-0.483771,-0.485873
28.43,28.43,0.137096,0.136528,-0.93417,-0.9343,-0.58048,-0.578964
30.33,30.34,-0.712899,-0.713759,0.082444,0.082038,-0.485188,-0.484033
29.69,29.69,-0.686212,-0.688603,0.093492,0.092272,-0.482828,-0.482592
30.13,30.13,-0.704994,-0.705731,0.087461,0.08748,-0.485063,-0.483561
28.61,28.61,-0.074043,-0.074607,-0.755357,-0.755126,-0.543724,-0.542685
30.24,30.25,-0.705514,-0.705917,0.087435,0.087563,-0.483064,-0.482244
30.7,30.7,-0.697735,-0.697287,0.039165,0.0397,-0.490055,-0.489148
29.6,29.59,-0.713403,-0.714441,0.084941,0.084098,-0.485665,-0.484722
30.33,30.33,-0.70862,-0.709677,0.040651,0.039859,-0.492637,-0.492229
29.16,29.16,0.400283,0.399243,-0.619328,-0.618678,-0.546578,-0.546189
28.65,28.65,-0.078137,-0.077009,-0.712364,-0.714369,-0.511217,-0.512993
30.73,30.72,-0.690335,-0.69143,0.042666,0.043024,-0.488448,-0.488669
28.92,28.93,0.446978,0.455391,-0.53538,-0.527354,-0.754088,-0.750198
30.49,30.49,-0.707639,-0.707002,0.037134,0.036934,-0.490164,-0.488647
30.49,30.5,-0.620573,-0.619447,0.129516,0.12962,-0.554978,-0.55667
27.17,27.17,0.24482,0.24488,-0.646764,-0.648091,-0.512677,-0.513403
29.21,29.21,0.399776,0.400072,-0.618338,-0.619788,-0.546071,-0.54613
30.55,30.55,-0.70573,-0.706254,0.040578,0.041018,-0.4856,-0.487117
29.07,29.07,0.395712,0.395303,-0.610427,-0.60995,-0.541509,-0.539873
28.52,28.52,0.155769,0.156194,-0.88411,-0.883168,-0.547695,-0.548341
29.56,29.56,-0.689695,-0.692065,0.092463,0.090864,-0.481367,-0.482728
28.65,28.65,-0.073774,-0.073995,-0.740537,-0.739493,-0.531533,-0.532124
29.04,29.04,0.391554,0.390182,-0.602108,-0.602457,-0.529429,-0.528975
30.43,30.43,-0.706178,-0.706132,0.039621,0.039461,-0.489121,-0.489523
29.11,29.11,0.398783,0.399969,-0.619345,-0.618769,-0.54559,-0.545022
28.59,28.59,0.143193,0.143903,-0.663695,-0.664693,-0.547811,-0.546244
30.4,30.4,-0.621586,-0.622243,0.12899,0.128695,-0.552989,-0.552287
30.14,30.14,-0.694597,-0.696398,0.089993,0.088947,-0.484944,-0.483964
30.31,30.31,-0.724452,-0.724621,0.03561,0.035795,-0.493332,-0.490862
30.36,30.36,-0.705505,-0.705167,0.086942,0.087215,-0.483571,-0.482122
30.72,30.72,-0.692316,-0.691869,0.04216,0.04294,-0.488471,-0.488884
30.42,30.42,-0.705651,-0.70571,0.041659,0.041925,-0.492599,-0.490223
30.4,30.41,-0.622581,-0.621661,0.129485,0.129209,-0.552992,-0.554274
22.78,22.77,-0.460082,-0.459909,0.087345,0.088086,-0.564079,-0.565967
30.61,30.62,-0.623075,-0.61934,0.125974,0.125433,-0.551533,-0.55311
30.61,30.61,-0.706162,-0.705983,0.040138,0.039092,-0.490618,-0.488164
30.7,30.71,-0.70767,-0.706937,0.037104,0.038003,-0.48766,-0.488384
30.45,30.46,-0.633949,-0.624151,0.127471,0.128757,-0.555117,-0.555218
30.31,30.32,-0.70503,-0.705648,0.087425,0.088187,-0.482058,-0.482185
28.52,28.52,0.147555,0.147092,-0.939599,-0.938424,-0.581953,-0.581493
28.71,28.72,0.14218,0.142596,-0.664221,-0.66251,-0.545823,-0.545329
29.79,29.79,-0.707488,-0.705957,0.086935,0.087668,-0.483588,-0.483496
30.64,30.64,-0.708153,-0.707458,0.037114,0.036997,-0.488666,-0.488671
30.39,30.41,-0.638393,-0.631514,0.126469,0.128213,-0.556169,-0.554186
30.45,30.45,-0.62356,-0.621834,0.129493,0.129048,-0.554002,-0.554648
28.55,28.56,-0.348798,-0.325899,0.502196,0.504641,-0.600487,-0.573824
30.54,30.53,-0.618563,-0.618616,0.129049,0.129637,-0.556969,-0.558195
30.57,30.57,-0.69329,-0.693252,0.041171,0.042749,-0.489492,-0.490461
28.73,28.73,0.142675,0.143062,-0.665223,-0.663877,-0.545329,-0.546793
29.66,29.66,-0.706019,-0.705496,0.087925,0.087784,-0.482562,-0.483075
30.49,30.49,-0.720008,-0.720692,0.034606,0.035066,-0.491301,-0.489529
30.37,30.38,-0.622568,-0.622053,0.129497,0.129288,-0.553993,-0.554327
28.48,28.47,0.139728,0.141158,-0.664705,-0.664141,-0.547853,-0.547449
30.66,30.65,-0.70518,-0.705578,0.03963,0.038866,-0.489613,-0.488759
30.49,30.49,-0.614556,-0.613534,0.131611,0.131515,-0.561413,-0.561415
28.44,28.43,0.214688,0.214076,0.547725,0.549676,-0.556008,-0.558376
30.28,30.28,-0.689382,-0.688591,0.049652,0.049747,-0.488361,-0.489815
29.18,29.18,0.39927,0.399836,-0.619854,-0.619506,-0.54459,-0.545563
29.89,29.89,-0.685728,-0.689352,0.093481,0.09225,-0.481822,-0.481346
29.88,29.88,-0.705513,-0.700471,0.088438,0.089345,-0.483554,-0.482698
30.51,30.51,-0.706665,-0.705247,0.039126,0.04025,-0.489632,-0.490132
23.72,23.72,2.530063,2.401687,1.976266,1.903206,-0.103485,-0.098556
30.33,30.33,-0.707003,-0.705766,0.085422,0.086808,-0.482098,-0.482432
30.48,30.48,-0.705688,-0.705147,0.04062,0.040411,-0.489105,-0.488988
30.48,30.48,-0.704702,-0.705039,0.040618,0.040376,-0.488596,-0.488922
30.37,30.37,-0.724955,-0.724403,0.037105,0.036176,-0.49332,-0.492634
30.4,30.4,-0.708659,-0.706306,0.041114,0.04108,-0.489626,-0.491074
28.53,28.53,-0.206497,-0.206171,0.648673,0.648413,-0.582565,-0.580732
30.28,30.28,-0.68839,-0.688413,0.049656,0.0489,-0.488352,-0.489027
30.66,30.66,-0.714048,-0.715138,0.032633,0.034405,-0.491272,-0.491286
30.1,30.1,-0.725282,-0.724462,0.081406,0.081948,-0.485808,-0.485805
28.98,28.98,0.655061,0.65482,-0.475489,-0.47594,-0.480126,-0.482087
28.92,28.93,0.447467,0.456873,-0.536388,-0.527629,-0.753094,-0.750443
30.1,30.11,-0.706977,-0.705764,0.087453,0.087547,-0.48508,-0.482925
30.61,30.61,-0.707162,-0.706159,0.037118,0.037569,-0.488657,-0.488964
29.56,29.58,-0.723299,-0.718203,0.082417,0.083734,-0.48628,-0.485079
30.64,30.64,-0.709142,-0.707588,0.036612,0.037216,-0.48868,-0.488705
30.54,30.54,-0.63734,-0.631208,0.127536,0.126917,-0.561657,-0.560053
30.33,30.33,-0.691295,-0.692496,0.045703,0.045392,-0.492429,-0.49099
29.65,29.65,-0.686229,-0.688752,0.094477,0.091911,-0.481815,-0.48159
28.53,28.58,-0.145031,-0.145099,-0.691585,-0.693775,-0.728443,-0.729279
23.86,23.71,-0.310923,-0.334885,0.070719,0.06965,0.84099,0.819978
30.72,30.72,-0.706668,-0.706952,0.038622,0.038094,-0.489136,-0.487612
30.43,30.44,-0.621572,-0.62206,0.126496,0.12742,-0.553017,-0.553286
28.92,28.95,-0.256532,0.388368,-0.677837,-0.597479,-0.494344,-0.527952
28.92,28.93,0.290204,0.291021,-0.631287,-0.630197,-0.541159,-0.539491
29.5,29.49,-0.694115,-0.694805,0.090482,0.089701,-0.483932,-0.483131
30.7,30.7,-0.715065,-0.715073,0.036114,0.03422,-0.490741,-0.490436
29.81,29.8,-0.705986,-0.705977,0.086453,0.087687,-0.484582,-0.483426
30.66,30.64,-0.707643,-0.707683,0.036629,0.03708,-0.489668,-0.488987
30.45,30.45,-0.704696,-0.70666,0.040624,0.039929,-0.489097,-0.489592
25.9,25.9,5.070402,5.047773,6.244058,6.076245,-6.978754,-6.386635
29.75,29.75,-0.706506,-0.706169,0.086428,0.087933,-0.482583,-0.483234
30.49,30.49,-0.70618,-0.705967,0.04012,0.040131,-0.489115,-0.488317
29.53,29.54,-0.707494,-0.70685,0.086929,0.087617,-0.483087,-0.483354
28.89,28.89,0.292225,0.296688,-0.634753,-0.638382,-0.542683,-0.547699
30.73,30.72,-0.691307,-0.691139,0.041178,0.042211,-0.489475,-0.488174
30.57,30.57,-0.694291,-0.695101,0.045169,0.044338,-0.490457,-0.487504
30.49,30.48,-0.705703,-0.705049,0.040103,0.040115,-0.487609,-0.48878
30.25,30.25,-0.706512,-0.706079,0.087425,0.087087,-0.482572,-0.482166
30.48,30.5,-0.697244,-0.696728,0.041168,0.040724,-0.490528,-0.490334
30.45,30.44,-0.622073,-0.622102,0.129498,0.129087,-0.553989,-0.55464
30.6,30.6,-0.685909,-0.68801,0.048163,0.04603,-0.487846,-0.487478
30.58,30.58,-0.698239,-0.697128,0.04066,0.040639,-0.490042,-0.490859
28.3,28.3,0.14206,0.142119,-0.933142,-0.933928,-0.581427,-0.578175
30.37,30.38,-0.609201,-0.624922,0.128525,0.129073,-0.551885,-0.553152
29.59,29.57,-0.707518,-0.706373,0.087908,0.088168,-0.481573,-0.482512
30.24,30.22,-0.709963,-0.708653,0.084924,0.085451,-0.483131,-0.484651
30.39,30.38,-0.706167,-0.704703,0.042138,0.04176,-0.491096,-0.491503
30.4,30.39,-0.613694,-0.615939,0.131988,0.13054,-0.550883,-0.552366
28.59,28.59,-0.079139,-0.0793,-0.70937,-0.710396,-0.511693,-0.513073
29.65,29.65,-0.6857,-0.689303,0.09401,0.091793,-0.48432,-0.481877
30.64,30.65,-0.706668,-0.706741,0.039625,0.038923,-0.489626,-0.488938
29.79,29.79,-0.704523,-0.705183,0.087439,0.088017,-0.483055,-0.483255
29.0,29.0,0.685618,0.684252,-0.489606,-0.489679,-0.499555,-0.498897
28.62,28.62,-0.073488,-0.073171,-0.761814,-0.76051,-0.545796,-0.545453
30.72,30.72,-0.706681,-0.706982,0.037606,0.037997,-0.487645,-0.489131
30.7,30.7,-0.690326,-0.69051,0.043177,0.043226,-0.489444,-0.488173
30.46,30.46,-0.706184,-0.706489,0.039615,0.040132,-0.48862,-0.489448
30.45,30.46,-0.705679,-0.706645,0.039124,0.039844,-0.489122,-0.489548
24.96,24.94,-1.673879,-1.624165,1.557275,1.320342,0.301535,0.315566
30.33,30.33,-0.698776,-0.698168,0.047135,0.046764,-0.489472,-0.489121
30.39,30.39,-0.601786,-0.605966,0.132543,0.132121,-0.551775,-0.550789
30.37,30.37,-0.705168,-0.70559,0.040646,0.041385,-0.491104,-0.490508
30.69,30.69,-0.699736,-0.70048,0.03914,0.038234,-0.48857,-0.491421
30.12,30.12,-0.701695,-0.701503,0.049185,0.048653,-0.494984,-0.494252
30.46,30.47,-0.615143,-0.621566,0.131519,0.129702,-0.553906,-0.554548
29.21,29.21,0.39977,0.399746,-0.618344,-0.618664,-0.54557,-0.544658
30.51,30.51,-0.623559,-0.622921,0.125984,0.125513,-0.552539,-0.552624
30.46,30.46,-0.706172,-0.705276,0.038624,0.040381,-0.489132,-0.489806
30.1,30.1,-0.701692,-0.701841,0.048686,0.049198,-0.49499,-0.494033
30.51,30.51,-0.621033,-0.619429,0.128546,0.129779,-0.557497,-0.556202
29.93,29.93,-0.718811,-0.719371,0.080955,0.082603,-0.487761,-0.486435
30.51,30.51,-0.62146,-0.616148,0.128112,0.130597,-0.563015,-0.560973
29.77,29.76,-0.706518,-0.706262,0.086416,0.088104,-0.481581,-0.483408
30.64,30.64,-0.707161,-0.707261,0.038121,0.038862,-0.489146,-0.489444
30.52,30.54,-0.618073,-0.618914,0.130048,0.129665,-0.556953,-0.55694
30.7,30.7,-0.68934,-0.690009,0.044178,0.042461,-0.489424,-0.488277
29.81,29.81,-0.705996,-0.706301,0.085943,0.087483,-0.483586,-0.484032
30.49,30.48,-0.619567,-0.620874,0.129033,0.129165,-0.555976,-0.55535
29.6,29.6,-0.706493,-0.705933,0.088446,0.087215,-0.484564,-0.483165
29.04,29.04,0.392086,0.389533,-0.603073,-0.601351,-0.53194,-0.528657
30.37,30.37,-0.721032,-0.721463,0.037078,0.03669,-0.489779,-0.491275
30.63,30.64,-0.706662,-0.706448,0.038628,0.038409,-0.489637,-0.488771
28.85,28.82,-0.179114,-0.126858,-0.623333,-0.616896,-0.564679,-0.585425
30.63,30.63,-0.707143,-0.706857,0.038139,0.038365,-0.490649,-0.489832
30.49,30.51,-0.618572,-0.618188,0.129541,0.129826,-0.556463,-0.556757
30.42,30.42,-0.623055,-0.622584,0.130005,0.12937,-0.554994,-0.554256
30.36,30.35,-0.630549,-0.623165,0.129419,0.129107,-0.550056,-0.553307
30.46,30.46,-0.706666,-0.707694,0.03712,0.036522,-0.488653,-0.488668
30.63,30.62,-0.616609,-0.614811,0.125517,0.125613,-0.552985,-0.552898
30.39,30.39,-0.705009,-0.705118,0.086944,0.087972,-0.483566,-0.482443
30.36,30.35,-0.719039,-0.71938,0.037596,0.039201,-0.490758,-0.489967
28.56,28.56,-0.109014,-0.110217,0.687463,0.687294,-0.583283,-0.583355
30.66,30.66,-0.707189,-0.70722,0.037592,0.03764,-0.486648,-0.488141
30.68,30.68,-0.705193,-0.700499,0.038615,0.041179,-0.488122,-0.488252
28.74,26.72,-0.33984,-0.343616,0.41696,0.434246,-0.77017,-0.638856
29.57,29.57,-0.705513,-0.705375,0.088438,0.087791,-0.483554,-0.48364
30.64,30.64,-0.705683,-0.707071,0.037616,0.037842,-0.488137,-0.488277
30.66,30.65,-0.706671,-0.706475,0.038117,0.039153,-0.488642,-0.488503
30.7,30.69,-0.711571,-0.709407,0.035148,0.036261,-0.492224,-0.49118
30.49,30.48,-0.705703,-0.705085,0.040103,0.039878,-0.487609,-0.489419
29.68,29.68,-0.692123,-0.69183,0.091,0.090801,-0.484911,-0.482015
30.66,30.65,-0.707152,-0.706696,0.038632,0.038442,-0.490142,-0.489174
30.39,30.39,-0.636938,-0.632265,0.127947,0.127981,-0.554136,-0.554285
28.53,28.52,-0.25971,-0.215075,-0.55874,-0.551678,-0.61173,-0.660624
30.33,30.34,-0.692656,-0.694557,0.088955,0.089021,-0.480932,-0.482029
30.58,30.6,-0.724468,-0.724924,0.033087,0.03313,-0.490856,-0.490048
30.33,30.33,-0.711958,-0.710434,0.084905,0.084867,-0.482147,-0.482239
30.46,30.45,-0.613688,-0.617731,0.131994,0.130317,-0.551383,-0.553441
30.48,30.48,-0.620075,-0.621151,0.129019,0.128894,-0.554979,-0.555305
30.7,30.7,-0.707182,-0.707132,0.038602,0.038181,-0.487638,-0.488299
30.63,30.63,-0.706164,-0.706608,0.038131,0.039164,-0.489639,-0.488995
30.48,30.48,-0.706172,-0.706095,0.038624,0.039574,-0.489132,-0.488955
30.72,30.72,-0.707636,-0.706617,0.037638,0.036145,-0.490659,-0.490592
30.73,30.73,-0.689373,-0.690439,0.043644,0.043198,-0.486425,-0.488338
29.83,29.84,-0.705051,-0.705205,0.088909,0.087442,-0.48104,-0.483617
30.48,30.49,-0.614077,-0.614533,0.130092,0.130877,-0.559423,-0.56053
28.71,28.7,-0.395174,-0.483032,0.367395,0.39561,-0.4787,-0.333217
29.62,29.64,-0.687197,-0.687412,0.093494,0.093547,-0.483337,-0.48121
28.38,28.38,0.141026,0.141864,-0.933187,-0.934624,-0.57793,-0.579287
30.33,30.32,-0.706508,-0.705589,0.08793,0.087153,-0.483067,-0.48165
28.56,28.56,-0.148115,-0.14376,0.675347,0.677202,-0.58376,-0.582289
30.64,30.64,-0.706172,-0.706589,0.038624,0.038727,-0.489132,-0.489145
29.2,29.2,0.39976,0.39932,-0.618855,-0.619096,-0.544574,-0.545397
28.77,28.77,-0.284824,-0.279866,-0.551633,-0.553069,-0.588327,-0.588871
30.64,30.65,-0.706666,-0.706253,0.038123,0.037941,-0.489142,-0.488354
30.51,30.51,-0.692329,-0.692007,0.044654,0.044283,-0.488443,-0.488649
30.46,30.46,-0.613571,-0.613232,0.131608,0.131446,-0.560904,-0.561814
30.49,30.49,-0.708157,-0.707651,0.036609,0.036882,-0.48817,-0.488694
29.59,29.58,-0.719371,-0.718534,0.083898,0.084993,-0.483725,-0.4833
30.66,30.64,-0.620053,-0.619744,0.125029,0.126122,-0.555024,-0.551999
30.22,30.22,-0.689181,-0.689318,0.092483,0.091748,-0.482865,-0.481472
30.49,30.51,-0.716534,-0.71408,0.035124,0.035695,-0.491766,-0.490797
30.3,30.31,-0.709105,-0.708976,0.038654,0.04049,-0.492663,-0.492271
30.7,30.7,-0.707128,-0.707713,0.038656,0.036432,-0.492145,-0.491124
29.77,29.77,-0.705507,-0.705245,0.089447,0.087733,-0.484544,-0.483754
29.2,29.2,0.412335,0.411191,-0.625148,-0.624575,-0.556557,-0.55609
28.62,28.62,-0.079623,-0.080294,-0.710363,-0.70994,-0.512209,-0.510652
30.48,30.48,-0.691344,-0.690574,0.044652,0.045111,-0.487933,-0.489018
30.43,30.44,-0.622572,-0.622884,0.128992,0.129136,-0.553499,-0.554827
30.33,30.33,-0.718546,-0.720104,0.039099,0.038776,-0.491238,-0.490509
29.95,29.95,-0.707005,-0.706229,0.086924,0.087105,-0.482582,-0.483299
29.63,29.65,-0.721834,-0.718454,0.084405,0.084628,-0.485244,-0.483163
30.33,30.33,-0.691819,-0.691166,0.048681,0.046571,-0.491398,-0.491196
29.65,29.65,-0.686707,-0.686779,0.09349,0.09274,-0.482832,-0.481509
30.54,30.54,-0.696249,-0.695445,0.041677,0.041796,-0.491015,-0.489915
30.36,30.36,-0.693835,-0.694018,0.048139,0.047037,-0.488416,-0.488871
30.46,30.47,-0.621078,-0.620375,0.129003,0.129701,-0.553986,-0.555415
29.51,29.5,-0.721856,-0.722698,0.083883,0.083453,-0.483246,-0.484726
23.72,23.72,2.286539,2.339424,1.772669,1.791478,-0.090376,-0.149669
30.39,30.39,-0.706168,-0.705199,0.040132,0.04251,-0.490117,-0.489761
30.48,30.49,-0.613573,-0.614056,0.133111,0.131286,-0.561388,-0.560796
28.7,28.7,0.143162,0.142914,-0.663725,-0.664544,-0.545308,-0.545279
28.59,28.59,-0.076063,-0.076846,-0.71678,-0.71777,-0.516758,-0.515144
30.61,30.6,-0.706657,-0.707241,0.036627,0.037092,-0.489159,-0.487807
28.77,28.77,-0.239962,-0.238701,-0.427394,-0.42817,-0.703234,-0.704289
30.43,30.43,-0.707177,-0.705766,0.042117,0.041247,-0.489602,-0.490707
30.63,30.63,-0.707157,-0.706872,0.039629,0.038494,-0.490131,-0.488594
30.37,30.38,-0.725432,-0.724184,0.034615,0.035652,-0.493853,-0.492538
30.57,30.57,-0.719081,-0.719393,0.037554,0.035959,-0.487253,-0.488286
30.3,30.31,-0.705648,-0.704416,0.041161,0.041784,-0.492605,-0.491801
30.6,30.58,-0.706179,-0.707555,0.037614,0.037155,-0.488142,-0.488144
28.44,28.46,-0.500452,-0.491894,-0.566868,-0.565117,-0.341436,-0.363425
28.67,28.67,-0.073683,-0.072752,-0.74496,-0.746206,-0.537092,-0.537679
30.63,30.63,-0.707149,-0.707308,0.038133,0.036874,-0.490148,-0.488781
29.2,29.2,0.421969,0.421422,-0.636434,-0.635865,-0.569123,-0.565986
30.55,30.55,-0.700282,-0.699399,0.041596,0.042898,-0.485541,-0.486896
30.3,30.31,-0.705995,-0.705664,0.086946,0.087258,-0.484076,-0.482521
30.52,30.53,-0.721487,-0.721039,0.034108,0.03378,-0.491821,-0.491826
30.21,30.2,-0.702704,-0.704045,0.045654,0.045216,-0.492028,-0.492084
30.09,30.09,-0.702735,-0.702478,0.04813,0.047738,-0.490497,-0.493154
30.42,30.41,-0.623029,-0.624021,0.127524,0.129561,-0.556023,-0.553605
30.68,30.67,-0.632002,-0.624397,0.126439,0.125941,-0.551605,-0.551736
29.15,29.06,0.013886,-0.058569,-0.874111,-0.845346,-0.259807,-0.238743
30.46,30.46,-0.707168,-0.707127,0.037112,0.036978,-0.488156,-0.487772
30.43,30.41,-0.622551,-0.62228,0.128511,0.129373,-0.555006,-0.554027
30.34,30.34,-0.623551,-0.621902,0.130003,0.128297,-0.554998,-0.554001
29.65,29.66,-0.699596,-0.703819,0.090936,0.089532,-0.481971,-0.481037
28.43,28.43,0.323663,0.321349,-0.531659,-0.533507,-0.645425,-0.645556
30.46,30.47,-0.621565,-0.621335,0.129512,0.12968,-0.554986,-0.555568
30.49,30.49,-0.721499,-0.721262,0.033092,0.034908,-0.49033,-0.490718
30.18,30.18,-0.70222,-0.702889,0.045644,0.046474,-0.491022,-0.49224
30.43,30.43,-0.705693,-0.705956,0.040614,0.041105,-0.488605,-0.49052
30.7,30.7,-0.713058,-0.714592,0.034139,0.034468,-0.491747,-0.490575
30.58,30.58,-0.707156,-0.706934,0.037124,0.038021,-0.489158,-0.488244
28.55,28.55,-0.204501,-0.205858,0.645184,0.647637,-0.582087,-0.582066
30.39,30.39,-0.705663,-0.70472,0.041647,0.041873,-0.491598,-0.491377
29.02,29.02,0.679619,0.678783,-0.48717,-0.486885,-0.496574,-0.495211
28.57,28.57,-0.078351,-0.078111,-0.731643,-0.73018,-0.525963,-0.52392
25.18,25.18,-0.749558,-0.736562,0.640228,0.66196,0.33023,0.344043
30.49,30.49,-0.708174,-0.707085,0.037595,0.036334,-0.487158,-0.488149
30.39,30.39,-0.705172,-0.70563,0.042647,0.042308,-0.491582,-0.490488
30.7,30.69,-0.695258,-0.694841,0.040677,0.041041,-0.490517,-0.490349
30.66,30.66,-0.706164,-0.706251,0.038131,0.038318,-0.489639,-0.489086
29.84,29.84,-0.706022,-0.706192,0.087421,0.087519,-0.482067,-0.48362
29.83,29.8,-0.705499,-0.70563,0.086948,0.087668,-0.484071,-0.482577
29.84,29.85,-0.688234,-0.69539,0.092943,0.091058,-0.479345,-0.481272
30.7,30.7,-0.713076,-0.712624,0.036128,0.034891,-0.491224,-0.490658
30.18,30.17,-0.703217,-0.70323,0.046638,0.046138,-0.491019,-0.492202
30.45,30.44,-0.62256,-0.622032,0.129004,0.128817,-0.5545,-0.554552
30.3,30.31,-0.704015,-0.705192,0.087452,0.087196,-0.484052,-0.481776
30.46,30.47,-0.706666,-0.708011,0.03712,0.036567,-0.488653,-0.488746
24.59,24.62,0.440612,0.476863,0.839528,0.871313,0.2712,0.26047
30.52,30.52,-0.632866,-0.632843,0.128568,0.128225,-0.563109,-0.561525
30.04,30.04,-0.70021,-0.701704,0.050692,0.04902,-0.495455,-0.495422
30.45,30.45,-0.621084,-0.621646,0.130001,0.12949,-0.553975,-0.554847
30.21,30.22,-0.695091,-0.693717,0.087486,0.089758,-0.483974,-0.482539
30.34,30.34,-0.703207,-0.701903,0.042636,0.042365,-0.490063,-0.491222
30.64,30.63,-0.706692,-0.706719,0.039601,0.039422,-0.487623,-0.488933
30.66,30.65,-0.707164,-0.707136,0.03862,0.037816,-0.489141,-0.48949
29.18,29.18,0.401278,0.401955,-0.61882,-0.618308,-0.547065,-0.546673
28.48,28.51,-0.036664,-0.447653,-0.337357,-0.489105,-0.743023,-0.489053
30.58,30.57,-0.706143,-0.706907,0.036647,0.037497,-0.490657,-0.48815
30.36,30.36,-0.690341,-0.689247,0.047173,0.047276,-0.4899,-0.489884
30.36,30.36,-0.705184,-0.70561,0.043638,0.042017,-0.49107,-0.490361
30.37,30.38,-0.622569,-0.623052,0.128493,0.128679,-0.553504,-0.554653
30.34,30.34,-0.724792,-0.723637,0.072377,0.072963,-0.481398,-0.482864
30.54,30.53,-0.705712,-0.707116,0.039593,0.037396,-0.486613,-0.487687
30.54,30.54,-0.698235,-0.699894,0.041164,0.039987,-0.490537,-0.490244
30.58,30.58,-0.706681,-0.706985,0.037606,0.037297,-0.487645,-0.489385
30.51,30.51,-0.72448,-0.723291,0.033075,0.033495,-0.489855,-0.490806
30.57,30.57,-0.617075,-0.617647,0.130058,0.130325,-0.557446,-0.558294
30.45,30.45,-0.622585,-0.622073,0.126973,0.127272,-0.551518,-0.553789
29.88,29.88,-0.691628,-0.692303,0.089998,0.091038,-0.484417,-0.481926
30.31,30.3,-0.696757,-0.692365,0.047179,0.04724,-0.49246,-0.491564
30.43,30.44,-0.612152,-0.616442,0.128538,0.12878,-0.553914,-0.556743
30.72,30.72,-0.707616,-0.708645,0.036154,0.035371,-0.491677,-0.490713
30.24,30.22,-0.706134,-0.7096,0.04167,0.041642,-0.493605,-0.492428
30.1,30.13,-0.70649,-0.705184,0.087948,0.08791,-0.484569,-0.483481
29.11,29.11,0.398291,0.399428,-0.618843,-0.618732,-0.546089,-0.544981
29.88,29.88,-0.704026,-0.704566,0.088444,0.088237,-0.483541,-0.483107
29.66,29.65,-0.689204,-0.688925,0.093462,0.093104,-0.481351,-0.481353
30.64,30.64,-0.70669,-0.706849,0.038099,0.038529,-0.487139,-0.488919
30.49,30.49,-0.707153,-0.707444,0.036625,0.037017,-0.489163,-0.488685
29.5,29.5,-0.703076,-0.700355,0.090412,0.090847,-0.481005,-0.481072
30.68,30.68,-0.649855,-0.704595,0.060195,0.039091,-0.481386,-0.488953
30.18,30.18,-0.703678,-0.704235,0.043662,0.045394,-0.492559,-0.492465
28.15,28.12,-0.424137,-0.422885,-0.30144,-0.315748,-0.658829,-0.651888
30.72,30.72,-0.689364,-0.689978,0.044154,0.043099,-0.487421,-0.487393
29.75,29.75,-0.706482,-0.705879,0.086452,0.087586,-0.484586,-0.483311
30.69,30.69,-0.72152,-0.7203,0.033573,0.034767,-0.488822,-0.487766
29.16,29.16,0.400779,0.399907,-0.619326,-0.619845,-0.546574,-0.546007
29.54,29.54,-0.705,-0.706056,0.087455,0.087772,-0.484562,-0.483095
28.65,28.65,-0.077795,-0.077015,-0.730578,-0.731305,-0.531456,-0.531662
30.63,30.64,-0.706178,-0.706564,0.038618,0.039078,-0.488631,-0.489341
30.4,30.39,-0.637434,-0.628383,0.127945,0.128503,-0.55414,-0.554506
30.48,30.48,-0.704705,-0.705301,0.040113,0.040285,-0.488101,-0.489311
30.54,30.52,-0.629421,-0.606921,0.130059,0.131907,-0.56156,-0.559485
30.73,30.73,-0.691318,-0.69166,0.04217,0.042837,-0.488963,-0.487676
30.45,30.45,-0.601278,-0.610992,0.132556,0.130393,-0.552772,-0.553903
30.61,30.61,-0.72595,-0.725748,0.032084,0.031993,-0.490881,-0.490304
28.64,28.64,-0.203991,-0.203841,0.65272,0.652527,-0.586505,-0.586165
28.91,28.91,0.305931,0.306454,-0.654442,-0.653524,-0.560318,-0.560137
30.09,30.09,-0.708002,-0.705614,0.087918,0.087358,-0.482579,-0.483757
28.48,28.48,0.142655,0.142069,-0.662735,-0.66312,-0.5448,-0.546167
28.59,28.59,-0.063909,-0.064905,-0.724505,-0.724925,-0.534271,-0.534971
29.53,29.54,-0.706019,-0.706752,0.087925,0.087682,-0.482562,-0.482917
29.71,29.7,-0.707509,-0.707073,0.087415,0.087442,-0.48208,-0.483734
30.37,30.37,-0.69383,-0.692787,0.047142,0.047188,-0.488428,-0.488648
29.07,29.07,0.388127,0.388519,-0.605588,-0.605821,-0.531502,-0.530189
30.64,30.64,-0.707164,-0.706704,0.03862,0.038696,-0.489141,-0.489096
24.68,24.68,0.478395,0.483246,0.821721,0.823484,0.270826,0.265053
30.34,30.34,-0.694306,-0.695785,0.045656,0.046662,-0.48945,-0.488976
28.88,28.88,0.321327,0.322038,-0.666378,-0.668951,-0.516242,-0.515689
28.56,28.57,-0.068364,-0.07015,-0.722509,-0.724182,-0.53579,-0.534136
30.58,30.58,-0.70717,-0.707046,0.03761,0.037536,-0.48815,-0.488561
30.49,30.46,-0.705666,-0.70623,0.041142,0.04042,-0.491103,-0.490059
28.64,28.64,-0.20303,-0.203908,0.652694,0.652544,-0.583992,-0.58599
30.36,30.36,-0.728779,-0.728942,0.078359,0.079718,-0.482367,-0.484261
30.16,30.17,-0.701726,-0.702732,0.048151,0.045941,-0.491991,-0.491023
30.58,30.58,-0.705683,-0.706215,0.038619,0.037894,-0.488627,-0.487759
30.69,30.69,-0.703728,-0.702652,0.041607,0.04127,-0.487575,-0.487023
29.48,29.46,-0.707474,-0.707086,0.086448,0.087744,-0.484595,-0.483615
30.55,30.55,-0.706693,-0.707036,0.037594,0.037576,-0.486644,-0.488566
30.61,30.61,-0.613708,-0.632611,0.128966,0.123469,-0.548413,-0.553247
30.49,30.48,-0.688876,-0.690043,0.045652,0.044954,-0.4874,-0.488204
28.65,28.65,-0.07955,-0.080536,-0.7138,-0.715012,-0.516755,-0.517083
30.54,30.54,-0.624557,-0.623977,0.124971,0.125976,-0.551558,-0.552453
30.6,30.59,-0.623067,-0.623914,0.125481,0.125248,-0.55204,-0.5524
30.66,30.65,-0.707669,-0.707121,0.038107,0.038483,-0.488149,-0.489382
30.58,30.58,-0.707676,-0.70752,0.037098,0.037662,-0.487159,-0.488388
29.18,29.18,0.403264,0.403135,-0.619311,-0.618951,-0.547053,-0.54717
24.66,24.62,-0.241621,-0.235373,0.890987,0.89018,-0.082253,-0.077034
30.4,30.4,-0.706034,-0.705723,0.087409,0.087228,-0.481065,-0.482081
30.24,30.24,-0.705156,-0.707955,0.044167,0.043667,-0.493569,-0.492346
29.63,29.65,-0.705499,-0.705823,0.087951,0.087748,-0.48456,-0.483108
22.41,22.41,-0.458608,-0.458853,0.088841,0.086798,-0.563548,-0.563353
30.58,30.59,-0.724456,-0.725337,0.033099,0.033178,-0.491858,-0.490818
30.46,30.47,-0.706168,-0.706131,0.040132,0.039744,-0.490117,-0.488964
30.49,30.49,-0.690341,-0.691612,0.043664,0.044433,-0.488437,-0.489391
30.33,30.33,-0.685416,-0.685402,0.048663,0.048953,-0.487836,-0.489125
30.66,30.66,-0.715508,-0.716405,0.033156,0.033926,-0.493783,-0.491293
29.2,29.2,0.398774,0.399978,-0.619856,-0.618739,-0.544594,-0.544581
30.7,30.71,-0.705687,-0.705982,0.037111,0.037929,-0.487643,-0.487751
30.52,30.52,-0.62844,-0.623507,0.128549,0.129951,-0.560066,-0.560643
28.5,28.5,0.14368,0.142275,-0.6632,-0.663678,-0.547301,-0.545751
30.46,30.46,-0.707168,-0.706982,0.037112,0.03694,-0.488156,-0.487891
30.46,30.46,-0.706177,-0.705733,0.040624,0.03948,-0.48961,-0.48975
30.45,30.45,-0.62253,-0.621575,0.128031,0.129186,-0.556514,-0.554815
30.33,30.34,-0.622575,-0.621986,0.128487,0.128508,-0.553003,-0.553734
30.68,30.68,-0.718505,-0.719916,0.031619,0.032759,-0.491322,-0.49072
30.64,30.64,-0.705674,-0.706018,0.038126,0.038996,-0.489134,-0.488941
28.65,28.65,-0.074805,-0.07427,-0.736569,-0.736496,-0.529995,-0.529634
30.58,30.58,-0.708163,-0.707493,0.036603,0.037448,-0.48767,-0.488906
30.09,30.09,-0.715374,-0.715962,0.083943,0.083937,-0.486194,-0.486776
29.2,29.2,0.39673,0.396627,-0.610899,-0.611038,-0.543509,-0.541473
30.27,30.27,-0.713119,-0.715074,0.044107,0.041426,-0.491134,-0.490285
30.37,30.37,-0.697092,-0.69851,0.08746,0.086904,-0.48249,-0.482298
30.39,30.37,-0.6928,-0.691965,0.046683,0.046066,-0.491429,-0.490913
30.21,30.22,-0.692638,-0.69321,0.089977,0.089852,-0.482923,-0.482313
30.68,30.68,-0.723492,-0.7243,0.032574,0.032551,-0.489351,-0.489774
30.36,30.35,-0.687845,-0.688603,0.0472,0.047684,-0.49138,-0.49078
30.1,30.07,-0.702223,-0.703132,0.046143,0.04718,-0.491016,-0.493001
30.46,30.46,-0.7062,-0.706626,0.038095,0.03693,-0.486634,-0.487818
30.61,30.61,-0.70666,-0.706791,0.038129,0.037404,-0.489643,-0.488715
30.52,30.52,-0.703233,-0.703796,0.040606,0.041713,-0.487081,-0.487694
30.55,30.57,-0.627982,-0.611322,0.13102,0.130076,-0.55803,-0.558387
29.09,29.09,0.389131,0.38859,-0.604568,-0.605164,-0.532984,-0.533452
30.52,30.52,-0.705685,-0.70535,0.040121,0.040185,-0.489111,-0.490154
30.61,30.61,-0.706678,-0.706713,0.038111,0.03831,-0.488141,-0.489371
30.37,30.37,-0.705179,-0.705549,0.040634,0.042044,-0.490103,-0.490125
30.3,30.3,-0.715039,-0.715391,0.039149,0.038912,-0.494212,-0.49286
30.36,30.37,-0.705699,-0.705777,0.041611,0.042109,-0.488594,-0.490602
30.52,30.53,-0.624511,-0.619461,0.131033,0.130645,-0.558,-0.558101
30.42,30.42,-0.704543,-0.705578,0.088923,0.087556,-0.482037,-0.481941
30.58,30.59,-0.695756,-0.693399,0.042177,0.042941,-0.491005,-0.49027
30.31,30.32,-0.705529,-0.705695,0.087921,0.087291,-0.482057,-0.482802
28.88,28.88,0.325374,0.324789,-0.672301,-0.672122,-0.520281,-0.518696
30.54,30.54,-0.701184,-0.700357,0.039675,0.039517,-0.492082,-0.490274
30.3,30.3,-0.705149,-0.705916,0.041667,0.04164,-0.493096,-0.493163
30.39,30.39,-0.624025,-0.628682,0.126012,0.128561,-0.555047,-0.553616
30.34,30.35,-0.72447,-0.725104,0.035593,0.035364,-0.49183,-0.491728
29.56,29.56,-0.705027,-0.70602,0.087929,0.087819,-0.482553,-0.483214
30.39,30.39,-0.693854,-0.695366,0.047118,0.046831,-0.486424,-0.487979
28.44,28.46,-0.598226,-0.593892,-0.514164,-0.516332,-0.275071,-0.272985
30.54,30.53,-0.613576,-0.619319,0.128094,0.130437,-0.55894,-0.558197
30.21,30.21,-0.69384,-0.690619,0.051143,0.050021,-0.489384,-0.489574
30.37,30.38,-0.641864,-0.619454,0.125453,0.129695,-0.555709,-0.552892
29.21,29.21,0.399271,0.399395,-0.618851,-0.618775,-0.545079,-0.545107
28.15,28.15,0.222632,0.22156,0.552279,0.550874,-0.558893,-0.55692
30.64,30.65,-0.707163,-0.706799,0.039623,0.038569,-0.48963,-0.488993
29.69,29.7,-0.707987,-0.706253,0.087431,0.087467,-0.483586,-0.483481
29.53,29.53,-0.701098,-0.695952,0.091417,0.091,-0.480977,-0.481999
30.39,30.39,-0.705183,-0.705339,0.040129,0.041736,-0.489607,-0.490522
30.58,30.58,-0.707156,-0.707208,0.037124,0.03715,-0.489158,-0.488922
30.18,30.15,-0.686705,-0.686657,0.091987,0.09328,-0.482348,-0.481992
30.14,30.14,-0.703695,-0.703467,0.046654,0.045657,-0.492526,-0.492079
30.66,30.67,-0.704633,-0.7059,0.035673,0.036367,-0.492157,-0.491389
30.7,30.7,-0.706644,-0.706676,0.038646,0.038087,-0.491139,-0.489052
30.51,30.51,-0.706674,-0.70674,0.038616,0.03706,-0.488636,-0.487878
29.59,29.57,-0.706491,-0.705507,0.086944,0.087788,-0.48408,-0.483801
30.07,30.07,-0.703691,-0.703936,0.047158,0.047386,-0.493021,-0.493802
30.46,30.45,-0.637395,-0.623598,0.126479,0.129052,-0.556661,-0.556386
22.89,22.91,-0.456615,-0.457799,0.090362,0.086628,-0.565016,-0.564678
30.37,30.37,-0.705672,-0.705358,0.04214,0.041722,-0.491091,-0.490628
28.65,28.65,-0.262035,-0.261775,-0.466841,-0.46928,-0.664804,-0.665606
30.55,30.55,-0.706697,-0.706656,0.036086,0.037782,-0.485659,-0.486491
29.12,29.12,0.399288,0.399824,-0.619836,-0.619683,-0.546092,-0.545785
30.73,30.72,-0.691829,-0.692133,0.042655,0.042692,-0.48796,-0.488253
30.69,30.69,-0.718032,-0.71764,0.033604,0.033324,-0.490294,-0.490178
30.22,30.22,-0.691323,-0.691537,0.048683,0.048722,-0.491394,-0.4914
28.65,28.64,-0.072178,-0.072476,-0.745939,-0.74591,-0.538092,-0.536411
30.51,30.51,-0.724483,-0.724239,0.033574,0.033966,-0.489849,-0.490464
29.8,29.8,-0.706497,-0.706236,0.086938,0.087369,-0.483579,-0.483637
30.51,30.51,-0.696278,-0.69517,0.043653,0.04359,-0.48949,-0.487979
30.7,30.7,-0.717025,-0.716963,0.034124,0.033636,-0.491782,-0.491356
29.81,29.81,-0.705977,-0.706002,0.086964,0.087311,-0.485578,-0.483696
29.0,29.0,0.30371,0.304547,-0.63864,-0.638196,-0.547636,-0.547358
30.58,30.58,-0.718569,-0.717749,0.035567,0.036695,-0.487772,-0.487592
30.69,30.69,-0.695773,-0.695184,0.038651,0.040255,-0.48804,-0.491527
30.43,30.43,-0.622079,-0.625823,0.129493,0.128915,-0.553488,-0.555601
29.5,29.5,-0.702033,-0.704549,0.085453,0.085019,-0.483056,-0.483083
29.09,29.09,0.385117,0.384494,-0.603628,-0.601121,-0.529503,-0.529956
28.65,28.66,-0.076797,-0.076385,-0.730568,-0.73031,-0.531947,-0.532081
30.4,30.42,-0.706515,-0.706012,0.08692,0.087316,-0.482077,-0.482073
30.54,30.54,-0.603724,-0.620258,0.133082,0.129324,-0.555793,-0.559255
28.77,28.77,-0.255535,-0.260388,-0.574049,-0.568631,-0.581314,-0.582186
30.69,30.68,-0.71655,-0.718048,0.034607,0.033276,-0.49027,-0.490869
30.55,30.55,-0.709157,-0.70869,0.038102,0.040536,-0.488162,-0.487655
30.48,30.47,-0.614544,-0.6143,0.131623,0.131189,-0.562415,-0.561506
28.53,28.53,-0.128762,-0.128253,0.67995,0.680442,-0.587045,-0.585883
30.64,30.64,-0.706689,-0.70711,0.039102,0.038895,-0.487629,-0.490049
29.23,29.23,0.401745,0.402181,-0.616841,-0.618057,-0.545536,-0.546262
29.69,29.68,-0.708999,-0.705661,0.087909,0.089016,-0.482087,-0.481866
30.48,30.48,-0.620566,-0.619704,0.131529,0.129224,-0.556458,-0.556591
30.7,30.7,-0.692832,-0.690568,0.043643,0.04409,-0.487457,-0.487467
30.36,30.36,-0.690315,-0.690254,0.045695,0.046635,-0.491419,-0.490761
30.58,30.58,-0.719542,-0.718461,0.036585,0.036072,-0.489772,-0.48784
30.04,30.04,-0.701206,-0.702055,0.048177,0.047436,-0.493989,-0.492363
28.65,28.65,-0.080052,-0.080268,-0.714812,-0.714489,-0.515769,-0.51734
30.37,30.37,-0.692363,-0.693026,0.048631,0.047487,-0.487396,-0.487811
30.6,30.61,-0.693319,-0.693082,0.043148,0.042947,-0.487967,-0.489826
29.59,29.59,-0.709441,-0.707121,0.083448,0.087318,-0.484646,-0.484211
30.48,30.48,-0.706645,-0.707506,0.036639,0.037064,-0.490161,-0.488465
30.51,30.51,-0.705682,-0.70548,0.039623,0.040836,-0.489117,-0.489557
28.62,28.59,-0.137729,-0.141317,0.678871,0.673222,-0.583129,-0.585748
30.12,30.12,-0.705027,-0.705677,0.087929,0.08767,-0.482553,-0.482802
30.4,30.41,-0.707157,-0.705877,0.040632,0.040923,-0.490621,-0.48993
28.62,28.61,-0.52739,-0.530083,-0.688832,-0.685089,0.175357,0.137395
29.66,29.66,-0.704502,-0.705679,0.086958,0.08667,-0.484563,-0.483855
29.23,29.23,0.400266,0.402449,-0.617339,-0.618101,-0.546055,-0.54585
30.1,30.1,-0.702692,-0.701942,0.050178,0.048919,-0.494982,-0.493712
29.69,29.69,-0.685737,-0.690907,0.092971,0.091994,-0.480826,-0.480922
30.37,30.37,-0.732202,-0.732309,0.07739,0.07835,-0.485914,-0.484396
30.68,30.68,-0.689854,-0.688824,0.044158,0.044126,-0.487926,-0.488618
30.7,30.7,-0.718516,-0.716395,0.03261,0.033811,-0.49081,-0.490818
30.45,30.46,-0.706653,-0.706394,0.039138,0.040108,-0.490633,-0.489879
29.8,29.81,-0.705024,-0.706201,0.088434,0.08756,-0.483048,-0.483304
28.64,28.64,-0.079996,-0.079778,-0.717263,-0.717117,-0.519303,-0.519374
30.55,30.55,-0.707672,-0.706891,0.037602,0.037097,-0.487654,-0.48854
30.69,30.69,-0.707168,-0.706697,0.037112,0.037359,-0.488156,-0.488695
28.15,28.14,0.221622,0.220921,0.551254,0.551275,-0.55691,-0.557206
30.68,30.68,-0.718023,-0.717305,0.033111,0.033183,-0.4908,-0.490753
28.89,28.89,-0.255754,-0.228561,-0.660996,-0.666013,-0.484128,-0.494317
30.54,30.56,-0.633927,-0.630613,0.122478,0.124399,-0.554672,-0.553199
30.48,30.48,-0.620533,-0.620246,0.130056,0.129346,-0.558477,-0.556139
30.68,30.67,-0.692796,-0.692438,0.042675,0.042904,-0.489972,-0.488949
30.48,30.47,-0.705679,-0.70589,0.040127,0.040399,-0.489612,-0.490717
30.48,30.48,-0.70715,-0.707721,0.03713,0.037026,-0.489658,-0.488272
30.09,30.09,-0.705511,-0.705539,0.086936,0.087109,-0.48307,-0.483323
30.51,30.51,-0.721021,-0.720046,0.035083,0.036032,-0.489802,-0.489618
30.36,30.37,-0.72397,-0.724,0.036099,0.035677,-0.492321,-0.492115
29.51,29.51,-0.721333,-0.721103,0.08341,0.083894,-0.48525,-0.484817
30.51,30.51,-0.723966,-0.72421,0.033095,0.0339,-0.491353,-0.4908
30.54,30.55,-0.627493,-0.626066,0.130013,0.129199,-0.557036,-0.55861
30.33,30.33,-0.705019,-0.704733,0.086433,0.087606,-0.48257,-0.482149
29.53,29.53,-0.713476,-0.717863,0.088378,0.084912,-0.481119,-0.483821
30.58,30.58,-0.708136,-0.707383,0.036128,0.036937,-0.489678,-0.489107
29.68,29.68,-0.686708,-0.689509,0.092486,0.092139,-0.482342,-0.482215
30.43,30.43,-0.612152,-0.619578,0.128538,0.129408,-0.553914,-0.55478
30.37,30.37,-0.714067,-0.714373,0.037128,0.038166,-0.491722,-0.492289
28.95,28.95,0.65904,0.657331,-0.48549,-0.485243,-0.476699,-0.475389
30.42,30.42,-0.705164,-0.705452,0.041151,0.041952,-0.491599,-0.49031
30.37,30.38,-0.613213,-0.620494,0.132476,0.129933,-0.549871,-0.552678
29.48,29.48,-0.706019,-0.706582,0.086922,0.087413,-0.482073,-0.48371
29.88,29.88,-0.711926,-0.712318,0.086942,0.084734,-0.48563,-0.485883
30.46,30.46,-0.707176,-0.707153,0.038608,0.037042,-0.488139,-0.487736
30.49,30.5,-0.619079,-0.619289,0.130531,0.129665,-0.555955,-0.557043
30.39,30.4,-0.622585,-0.621829,0.127977,0.128673,-0.552007,-0.552839
30.43,30.43,-0.705648,-0.706308,0.041161,0.040837,-0.492605,-0.490741
29.79,29.8,-0.706488,-0.706324,0.086446,0.088217,-0.484085,-0.483723
29.72,29.72,-0.718387,-0.718743,0.085398,0.084445,-0.4837,-0.483794
30.63,30.63,-0.707155,-0.706735,0.03913,0.038634,-0.490137,-0.488952
30.48,30.47,-0.621042,-0.621477,0.129039,0.129266,-0.556991,-0.555615
24.93,24.92,-1.817475,-1.660219,1.420533,1.341612,0.34532,0.32765
30.66,30.67,-0.719993,-0.718394,0.034119,0.033131,-0.492309,-0.490903
28.94,28.94,0.296789,0.297186,-0.64015,-0.640028,-0.548715,-0.54839
30.55,30.54,-0.617106,-0.618837,0.129024,0.129944,-0.554452,-0.556861
30.49,30.49,-0.619566,-0.619996,0.130036,0.129198,-0.556466,-0.556614
30.7,30.7,-0.709608,-0.710805,0.036639,0.035243,-0.491188,-0.491615
30.45,30.47,-0.61666,-0.622159,0.132487,0.129571,-0.551905,-0.55426
30.48,30.48,-0.707164,-0.707443,0.03862,0.037905,-0.489141,-0.488265
30.36,30.34,-0.725791,-0.725015,0.080389,0.081087,-0.484322,-0.482364
30.36,30.36,-0.71508,-0.714172,0.041114,0.04014,-0.491686,-0.490046
30.24,30.24,-0.704215,-0.703198,0.046628,0.046547,-0.490527,-0.490514
29.96,29.95,-0.704499,-0.705763,0.087462,0.087553,-0.485058,-0.483456
28.59,28.59,-0.080013,-0.079511,-0.719787,-0.718765,-0.516827,-0.515308
30.1,30.12,-0.705024,-0.705591,0.088434,0.087592,-0.483048,-0.484175
30.45,30.46,-0.614091,-0.614195,0.131583,0.131416,-0.558905,-0.562128
30.49,30.47,-0.622043,-0.62097,0.129529,0.129579,-0.556493,-0.554985
29.74,29.74,-0.70598,-0.705936,0.087463,0.087909,-0.485572,-0.483658
30.58,30.57,-0.707167,-0.706725,0.038115,0.037501,-0.488646,-0.488839
30.4,30.39,-0.602763,-0.617913,0.131049,0.12987,-0.552301,-0.553278
30.7,30.7,-0.718519,-0.716811,0.033109,0.033399,-0.490805,-0.491072
29.93,29.93,-0.714935,-0.711771,0.086396,0.08695,-0.482656,-0.482473
29.83,29.82,-0.706001,-0.706037,0.08694,0.088001,-0.483575,-0.483904
30.51,30.5,-0.618563,-0.619041,0.129049,0.129591,-0.556969,-0.557057
30.49,30.48,-0.707183,-0.706444,0.036595,0.037305,-0.48666,-0.487837
30.61,30.61,-0.708643,-0.707288,0.038121,0.038358,-0.48966,-0.489405
30.36,30.34,-0.622064,-0.62226,0.129006,0.12823,-0.554495,-0.553549
30.6,30.61,-0.706211,-0.706033,0.04009,0.038865,-0.486611,-0.488016
30.64,30.66,-0.706186,-0.706441,0.040114,0.039128,-0.488615,-0.488883
30.51,30.49,-0.705173,-0.705553,0.04064,0.040461,-0.490603,-0.489922
30.24,30.24,-0.699207,-0.702615,0.044189,0.044155,-0.493517,-0.492971
29.72,29.72,-0.697137,-0.699361,0.092429,0.089991,-0.480931,-0.48216
30.49,30.48,-0.613574,-0.614206,0.132107,0.132046,-0.560898,-0.560614
30.49,30.48,-0.614054,-0.614152,0.132622,0.131736,-0.562399,-0.560892
30.7,30.7,-0.701669,-0.701871,0.036675,0.038035,-0.49162,-0.489853
30.31,30.31,-0.701078,-0.701842,0.088929,0.087477,-0.481506,-0.480853
30.42,30.44,-0.615104,-0.619092,0.130053,0.128688,-0.556427,-0.554919
30.31,30.31,-0.693823,-0.694524,0.049155,0.048739,-0.489908,-0.489132
30.37,30.38,-0.704146,-0.701121,0.04068,0.041745,-0.493599,-0.491662
30.33,30.33,-0.692298,-0.691812,0.045687,0.046276,-0.491436,-0.490909
30.48,30.48,-0.620552,-0.620726,0.130038,0.129582,-0.556975,-0.556356
28.94,28.94,0.298791,0.296814,-0.638118,-0.64006,-0.551179,-0.548343
30.6,30.6,-0.70667,-0.707879,0.040124,0.039344,-0.48962,-0.48983
30.09,30.09,-0.701221,-0.701847,0.048664,0.04867,-0.492982,-0.493283
30.36,30.37,-0.704686,-0.705686,0.042138,0.04192,-0.490582,-0.490228
30.4,30.4,-0.70617,-0.705457,0.042637,0.04124,-0.49109,-0.489978
29.04,29.04,0.398701,0.398079,-0.615415,-0.614748,-0.540537,-0.539378
30.48,30.48,-0.705679,-0.705477,0.040127,0.040438,-0.489612,-0.489221
30.7,30.7,-0.716544,-0.716709,0.034613,0.033352,-0.49077,-0.490891
29.0,28.98,0.649578,0.651102,-0.474536,-0.474333,-0.47816,-0.478825
30.45,30.45,-0.626051,-0.619517,0.129472,0.129224,-0.553022,-0.554851
29.88,29.87,-0.717852,-0.716805,0.081428,0.084035,-0.485243,-0.485224
30.46,30.46,-0.706172,-0.705446,0.039627,0.040183,-0.489622,-0.489639
29.79,29.79,-0.705015,-0.705688,0.087941,0.087744,-0.483555,-0.483142
30.58,30.58,-0.707165,-0.70711,0.036613,0.037156,-0.488162,-0.488906
30.69,30.69,-0.720537,-0.720524,0.034069,0.034099,-0.488307,-0.48739
29.93,29.93,-0.69457,-0.697997,0.089518,0.088697,-0.486952,-0.484036
30.61,30.6,-0.707647,-0.707148,0.039633,0.038525,-0.490636,-0.489572
30.45,30.43,-0.622562,-0.621516,0.129503,0.12902,-0.554494,-0.554315
30.49,30.49,-0.722513,-0.720682,0.036075,0.034374,-0.489804,-0.48838
30.45,30.45,-0.705673,-0.706261,0.040133,0.040057,-0.490113,-0.490174
30.7,30.7,-0.71606,-0.714121,0.034603,0.034069,-0.489764,-0.490811
30.64,30.65,-0.707157,-0.707077,0.039629,0.038046,-0.490131,-0.489542
30.54,30.54,-0.635898,-0.634599,0.127998,0.12691,-0.558133,-0.558901
30.4,30.4,-0.705663,-0.705813,0.040644,0.041396,-0.491108,-0.490585
30.46,30.46,-0.70616,-0.706041,0.039639,0.039765,-0.490623,-0.489443
29.69,29.69,-0.69066,-0.689712,0.089978,0.091783,-0.482405,-0.482867
29.59,29.59,-0.706494,-0.706492,0.087443,0.087274,-0.484074,-0.48333
30.66,30.65,-0.707161,-0.706935,0.038121,0.038721,-0.489146,-0.488812
29.54,29.54,-0.706503,-0.707615,0.086932,0.086811,-0.483078,-0.482874
30.37,30.37,-0.705532,-0.70582,0.087417,0.087555,-0.481562,-0.4828
30.48,30.48,-0.620066,-0.620631,0.128526,0.129552,-0.555485,-0.554692
30.63,30.63,-0.705662,-0.707078,0.038138,0.039319,-0.490135,-0.489177
30.69,30.69,-0.687359,-0.689137,0.044684,0.044214,-0.489401,-0.488165
29.21,29.21,0.399286,0.399449,-0.619338,-0.619196,-0.546087,-0.544891
30.51,30.51,-0.706168,-0.705355,0.041135,0.040797,-0.490606,-0.490017
30.28,30.28,-0.720513,-0.720558,0.039609,0.038455,-0.492752,-0.492194
29.02,29.02,0.411796,0.411365,-0.621683,-0.621604,-0.554519,-0.551697
30.33,30.33,-0.71457,-0.713135,0.039625,0.039076,-0.492199,-0.492944
30.66,30.65,-0.717522,-0.718204,0.032115,0.033072,-0.490807,-0.491363
28.55,28.55,-0.205989,-0.206239,0.648687,0.647752,-0.583562,-0.582989
30.34,30.34,-0.704151,-0.704048,0.041677,0.041733,-0.493588,-0.491943
28.91,28.91,0.325609,0.324219,-0.693127,-0.690602,-0.530532,-0.531072
30.25,30.26,-0.705523,-0.705497,0.086924,0.087176,-0.482068,-0.482275
30.58,30.57,-0.70669,-0.706586,0.037096,0.037652,-0.48665,-0.488922
29.92,29.92,-0.708513,-0.707307,0.087399,0.087525,-0.481087,-0.482417
23.75,23.89,0.104381,-0.225133,0.550068,0.384248,-0.578978,-0.503834
30.6,30.61,-0.723967,-0.725382,0.032091,0.032124,-0.490863,-0.4907
30.64,30.64,-0.707628,-0.707264,0.037146,0.038317,-0.491165,-0.488494
30.6,30.6,-0.687367,-0.688602,0.047184,0.045168,-0.489874,-0.488099
30.48,30.49,-0.613075,-0.615247,0.13161,0.13095,-0.560899,-0.560595
30.31,30.31,-0.69033,-0.689413,0.047184,0.047954,-0.490901,-0.490734
30.72,30.7,-0.711108,-0.712217,0.035619,0.036052,-0.48971,-0.49007
30.34,30.35,-0.633411,-0.618767,0.125508,0.129094,-0.557639,-0.553699
30.6,30.6,-0.706175,-0.706861,0.039122,0.038586,-0.489127,-0.489529
30.52,30.52,-0.604204,-0.626725,0.133597,0.127712,-0.557293,-0.561743
30.33,30.34,-0.603286,-0.612693,0.132525,0.131344,-0.550786,-0.551803
30.36,30.35,-0.622067,-0.623267,0.128501,0.129033,-0.554,-0.554225
30.34,30.35,-0.719508,-0.715367,0.036116,0.037788,-0.492282,-0.491876
26.11,26.14,8.121987,7.927828,3.028776,3.258417,-3.086827,-3.030024
30.43,30.42,-0.62307,-0.62202,0.130492,0.129341,-0.553987,-0.554206
30.64,30.64,-0.706644,-0.707323,0.038646,0.038307,-0.491139,-0.490187
30.13,30.13,-0.706511,-0.705618,0.088428,0.087263,-0.483061,-0.484209
30.14,30.13,-0.706517,-0.704696,0.088422,0.088215,-0.482561,-0.482988
30.51,30.5,-0.620065,-0.619176,0.12953,0.130011,-0.555975,-0.556723
30.21,30.21,-0.704171,-0.703932,0.044165,0.0452,-0.493059,-0.491983
29.81,29.8,-0.706025,-0.705805,0.086916,0.087931,-0.481572,-0.483381
30.64,30.64,-0.706676,-0.706951,0.040118,0.038119,-0.48912,-0.488043
30.09,30.09,-0.702687,-0.702531,0.049181,0.048908,-0.494993,-0.493808
30.51,30.51,-0.634386,-0.619241,0.129031,0.13022,-0.560613,-0.559215
30.27,30.25,-0.70702,-0.705857,0.086408,0.087197,-0.481085,-0.482479
30.58,30.6,-0.619065,-0.618908,0.129041,0.129356,-0.556473,-0.556928
30.42,30.42,-0.705176,-0.705786,0.041138,0.041127,-0.490598,-0.490198
29.53,29.52,-0.707485,-0.702887,0.087439,0.08796,-0.484083,-0.484047
23.86,23.87,1.793791,1.831372,1.484518,1.533326,-0.178061,-0.181178
30.48,30.48,-0.705688,-0.706102,0.04062,0.040114,-0.489105,-0.489025
29.65,29.64,-0.705019,-0.705829,0.087437,0.087672,-0.483059,-0.483009
30.43,30.44,-0.604757,-0.608326,0.13404,0.131795,-0.552785,-0.553092
28.82,28.82,-0.120655,-0.126409,-0.712985,-0.71908,-0.76654,-0.761631
30.28,30.28,-0.720517,-0.722034,0.038101,0.038356,-0.491767,-0.492308
30.64,30.67,-0.605253,-0.612784,0.128522,0.126748,-0.550348,-0.550839
30.7,30.69,-0.708133,-0.706157,0.036633,0.036417,-0.490174,-0.490635
30.48,30.48,-0.688859,-0.690221,0.044667,0.045028,-0.488413,-0.489472
30.46,30.47,-0.703698,-0.705206,0.041637,0.039876,-0.490078,-0.489255
29.57,29.59,-0.706025,-0.705992,0.086916,0.087225,-0.481572,-0.483596
30.42,30.43,-0.621093,-0.622046,0.12949,0.128883,-0.552979,-0.555088
30.27,30.27,-0.70603,-0.705517,0.088917,0.087427,-0.48205,-0.482418
30.42,30.42,-0.621556,-0.621801,0.129019,0.129338,-0.555493,-0.554229
30.07,30.08,-0.702687,-0.702172,0.049181,0.048646,-0.494993,-0.493457
30.64,30.64,-0.706686,-0.70718,0.039607,0.038618,-0.488124,-0.489882
29.84,29.84,-0.691654,-0.694492,0.091476,0.09027,-0.482898,-0.483908
28.68,28.68,0.142676,0.143137,-0.664219,-0.664563,-0.545819,-0.546139
29.72,29.73,-0.706494,-0.706518,0.087443,0.087413,-0.484074,-0.484115
30.48,30.48,-0.612608,-0.614324,0.133589,0.13133,-0.55937,-0.560412
30.43,30.43,-0.705198,-0.705912,0.040616,0.040021,-0.4886,-0.490376
30.51,30.51,-0.699785,-0.700219,0.042602,0.042767,-0.486026,-0.487932
30.33,30.34,-0.705986,-0.706441,0.086453,0.085847,-0.484582,-0.482799
30.69,30.69,-0.718057,-0.718988,0.036085,0.034495,-0.489264,-0.488314
30.34,30.34,-0.70699,-0.706837,0.086438,0.085129,-0.483589,-0.482546
29.84,29.84,-0.697634,-0.699291,0.091424,0.091316,-0.480446,-0.481123
30.54,30.54,-0.630939,-0.629327,0.130023,0.129183,-0.559069,-0.560813
30.43,30.43,-0.639366,-0.622352,0.126483,0.128698,-0.55768,-0.555132
30.48,30.48,-0.707678,-0.707577,0.0386,0.037142,-0.487643,-0.48834
28.62,28.62,-0.078123,-0.078642,-0.713855,-0.716438,-0.511735,-0.511944
30.63,30.63,-0.72103,-0.721778,0.034572,0.034194,-0.488806,-0.489523
28.67,28.67,0.142162,0.142622,-0.664239,-0.663662,-0.544321,-0.545723
30.54,30.54,-0.618076,-0.618855,0.129543,0.129424,-0.556458,-0.556792
30.57,30.57,-0.688861,-0.687519,0.046169,0.0454,-0.488896,-0.487571
30.49,30.49,-0.70815,-0.707385,0.037618,0.036229,-0.489161,-0.489115
30.64,30.64,-0.706152,-0.706364,0.037139,0.039016,-0.490151,-0.489044
30.63,30.63,-0.706674,-0.705843,0.038616,0.038797,-0.488636,-0.488957
30.4,30.4,-0.705682,-0.705442,0.040626,0.04137,-0.489606,-0.490047
30.37,30.37,-0.696239,-0.695515,0.043191,0.043992,-0.4925,-0.490446
30.45,30.45,-0.61908,-0.621145,0.129528,0.129377,-0.555465,-0.556026
29.68,29.7,-0.706511,-0.706237,0.089432,0.087604,-0.483551,-0.48409
30.16,30.17,-0.702187,-0.703789,0.046179,0.045781,-0.494021,-0.492171
29.5,29.5,-0.707002,-0.706488,0.087429,0.087394,-0.483077,-0.483714
29.2,29.2,0.400253,0.399961,-0.619358,-0.619133,-0.544075,-0.545046
30.14,30.14,-0.703187,-0.702749,0.046668,0.04627,-0.493523,-0.49142
29.21,29.21,0.399785,0.399731,-0.618831,-0.618834,-0.546577,-0.545451
28.89,28.89,0.294773,0.303113,-0.679801,-0.67681,-0.528646,-0.527868
30.39,30.4,-0.622049,-0.622375,0.129522,0.129337,-0.555992,-0.553939
30.34,30.34,-0.708169,-0.707867,0.042113,0.043352,-0.489611,-0.488467
29.18,29.18,0.400753,0.400379,-0.617848,-0.619345,-0.545055,-0.545496
30.73,30.72,-0.716042,-0.715819,0.034621,0.034265,-0.491267,-0.491098
30.46,30.48,-0.70518,-0.696151,0.03963,0.043106,-0.489613,-0.488669
29.13,29.13,0.399751,0.399359,-0.618362,-0.619689,-0.544068,-0.545433
29.12,29.12,0.391166,0.389181,-0.608521,-0.60834,-0.535516,-0.533387
29.74,29.73,-0.706977,-0.705682,0.087453,0.08778,-0.48508,-0.483663
30.34,30.35,-0.687901,-0.688026,0.048648,0.048977,-0.487357,-0.487821
28.53,28.53,-0.190172,-0.19228,0.655218,0.655274,-0.58235,-0.58396
29.18,29.18,0.41487,0.414505,-0.628594,-0.627796,-0.55958,-0.559293
29.57,29.59,-0.706501,-0.706559,0.08543,0.087246,-0.482594,-0.483501
29.84,29.84,-0.705564,-0.706954,0.089892,0.089163,-0.480031,-0.48207
30.45,30.45,-0.621048,-0.620188,0.129033,0.129014,-0.55649,-0.555436
29.53,29.51,-0.69413,-0.69623,0.090968,0.091951,-0.482925,-0.480708
30.52,30.52,-0.625023,-0.623872,0.124999,0.125079,-0.554066,-0.553303
29.88,29.88,-0.700535,-0.699785,0.087976,0.087955,-0.485018,-0.484701
29.48,29.5,-0.706504,-0.704721,0.085929,0.085081,-0.482589,-0.483284
30.48,30.49,-0.707174,-0.707387,0.037106,0.03697,-0.487655,-0.488044
30.43,30.43,-0.612554,-0.612702,0.132639,0.131893,-0.563388,-0.562305
30.42,30.42,-0.706172,-0.705741,0.039627,0.041192,-0.489622,-0.489816
30.21,30.21,-0.702725,-0.703327,0.046135,0.046321,-0.49052,-0.492046
30.68,30.68,-0.701223,-0.700025,0.039135,0.041661,-0.488583,-0.487131
30.61,30.62,-0.707648,-0.70688,0.037626,0.038482,-0.489657,-0.488744
28.67,28.67,-0.076794,-0.076183,-0.731066,-0.731064,-0.531953,-0.532444
30.72,30.71,-0.707651,-0.706563,0.038125,0.038152,-0.489651,-0.489006
29.84,29.84,-0.704525,-0.706417,0.088941,0.08711,-0.483539,-0.483301
30.43,30.43,-0.613528,-0.612904,0.13165,0.13237,-0.564409,-0.561801
30.58,30.58,-0.707189,-0.706349,0.037592,0.038223,-0.486648,-0.488252
29.53,29.53,-0.717913,-0.716958,0.08588,0.08555,-0.482188,-0.483059
29.5,29.5,-0.705043,-0.706297,0.087413,0.088064,-0.481056,-0.483424
30.34,30.34,-0.721497,-0.722486,0.037106,0.036679,-0.492288,-0.491159
28.56,28.54,-0.279186,-0.306179,-0.768023,-0.758113,-0.467513,-0.439641
30.55,30.55,-0.626945,-0.621241,0.126055,0.129109,-0.55958,-0.558249
30.51,30.51,-0.723461,-0.722964,0.033607,0.034122,-0.492344,-0.491037
29.91,29.9,-0.703566,-0.703299,0.090416,0.090166,-0.48151,-0.481296
30.48,30.47,-0.707141,-0.708082,0.036637,0.03678,-0.490165,-0.488694
30.57,30.57,-0.616585,-0.617658,0.131057,0.130158,-0.55743,-0.558101
30.14,30.15,-0.703214,-0.702806,0.047143,0.046438,-0.491514,-0.492115
28.62,28.59,-0.434478,-0.506806,-0.735971,-0.612596,0.016852,-0.013258
28.61,28.6,-0.309763,-0.312516,-0.836041,-0.828097,-0.042302,-0.033009
30.69,30.68,-0.719528,-0.719179,0.034091,0.032298,-0.4898,-0.490764
28.53,28.54,-0.338201,-0.331764,-0.684025,-0.681507,-0.503638,-0.517438
30.7,30.7,-0.70617,-0.706005,0.038125,0.038423,-0.489138,-0.488136
30.64,30.64,-0.707167,-0.707081,0.039118,0.038248,-0.489135,-0.489685
30.46,30.46,-0.706686,-0.70657,0.039607,0.039849,-0.488124,-0.489988
30.51,30.51,-0.696258,-0.694444,0.041166,0.043379,-0.490019,-0.489718
30.7,30.7,-0.710601,-0.711234,0.038138,0.035365,-0.491681,-0.491477
30.24,30.25,-0.70403,-0.703417,0.086935,0.086475,-0.482556,-0.483467
30.61,30.61,-0.725931,-0.725665,0.033106,0.032203,-0.492872,-0.490757
29.83,29.83,-0.706036,-0.705412,0.089914,0.087723,-0.482039,-0.483005
30.39,30.39,-0.704714,-0.705196,0.041609,0.042312,-0.488084,-0.490299
30.54,30.54,-0.600227,-0.618342,0.131617,0.129709,-0.557281,-0.558728
30.58,30.58,-0.694251,-0.695253,0.042201,0.042287,-0.492494,-0.490388
28.62,28.62,-0.080561,-0.080073,-0.716832,-0.714876,-0.513793,-0.512805
29.6,29.61,-0.705505,-0.705881,0.087945,0.087243,-0.48406,-0.482964
28.91,28.91,0.313028,0.301763,-0.66078,-0.643702,-0.570345,-0.552138
30.48,30.48,-0.706663,-0.707172,0.036621,0.037995,-0.488658,-0.488196
27.05,27.06,0.248303,0.247818,-0.655763,-0.656551,-0.509744,-0.510338
30.39,30.36,-0.729253,-0.728467,0.079883,0.080069,-0.484858,-0.484268
30.58,30.58,-0.706159,-0.707033,0.03613,0.037625,-0.48916,-0.48845
30.36,30.36,-0.716066,-0.714706,0.040112,0.04037,-0.491706,-0.490308
30.57,30.55,-0.610169,-0.620644,0.133058,0.129849,-0.555849,-0.55826
30.18,30.17,-0.701718,-0.703344,0.046655,0.045942,-0.492008,-0.491694
29.66,29.66,-0.722845,-0.720202,0.082377,0.083155,-0.482771,-0.484407
29.48,29.48,-0.705511,-0.706866,0.08794,0.08694,-0.483559,-0.483407
28.95,28.95,0.659555,0.658979,-0.487976,-0.487427,-0.477223,-0.476191
28.74,28.73,0.141161,0.142782,-0.66375,-0.662687,-0.543823,-0.545455
30.6,30.6,-0.690334,-0.690379,0.044673,0.043816,-0.489427,-0.488646
28.89,28.9,0.284586,0.304517,-0.624451,-0.649302,-0.530612,-0.558834
30.05,30.05,-0.701218,-0.703182,0.048165,0.048288,-0.492988,-0.493034
30.49,30.48,-0.70717,-0.707494,0.03761,0.037508,-0.48815,-0.487599
29.63,29.63,-0.706984,-0.706103,0.087447,0.087253,-0.484579,-0.483492
30.31,30.31,-0.705016,-0.705495,0.085934,0.087429,-0.482576,-0.482598
29.21,29.21,0.398283,0.399226,-0.617346,-0.618931,-0.546072,-0.545491
30.63,30.62,-0.707185,-0.706518,0.038097,0.039025,-0.487144,-0.488179
30.7,30.7,-0.706155,-0.70667,0.037638,0.037872,-0.490145,-0.488639
30.49,30.48,-0.707168,-0.707902,0.037112,0.036932,-0.488156,-0.488836
30.6,30.6,-0.707158,-0.707339,0.037622,0.038958,-0.489152,-0.489549
30.49,30.49,-0.708159,-0.707162,0.037108,0.036962,-0.488165,-0.489009
28.95,28.94,0.295251,0.297073,-0.639705,-0.639681,-0.544716,-0.547355
30.64,30.65,-0.718546,-0.718506,0.033584,0.033247,-0.488796,-0.491093
30.45,30.45,-0.706172,-0.705843,0.039627,0.03969,-0.489622,-0.488932
28.68,28.68,0.14367,0.142643,-0.663711,-0.664358,-0.546305,-0.546331
29.16,29.19,0.398777,0.399317,-0.619351,-0.61912,-0.545089,-0.545888
30.13,30.13,-0.705535,-0.705855,0.087915,0.087931,-0.481556,-0.483813
26.66,26.61,0.035101,0.040618,0.932736,0.913428,-0.022276,-0.073391
29.16,29.16,0.400292,0.399882,-0.619821,-0.619579,-0.547085,-0.546119
28.61,28.61,-0.080087,-0.079505,-0.712841,-0.711637,-0.513743,-0.51407
30.58,30.58,-0.706657,-0.706528,0.03763,0.038157,-0.489648,-0.488224
28.68,28.68,-0.078283,-0.078576,-0.733079,-0.732233,-0.530987,-0.531301
30.3,30.3,-0.696291,-0.695427,0.04715,0.047938,-0.489952,-0.488337
30.43,30.43,-0.705195,-0.705588,0.040117,0.041473,-0.488606,-0.489936
30.09,30.07,-0.704534,-0.705246,0.089433,0.087702,-0.483033,-0.48403
30.58,30.58,-0.691842,-0.693442,0.045148,0.044893,-0.487932,-0.487142
30.39,30.39,-0.705667,-0.705843,0.040139,0.040502,-0.490613,-0.49013
30.64,30.64,-0.706163,-0.706089,0.039134,0.03907,-0.490128,-0.487644
30.31,30.31,-0.687877,-0.688615,0.048672,0.049141,-0.48936,-0.490403
28.38,28.38,0.137046,0.137951,-0.931712,-0.933973,-0.577447,-0.578727
30.27,30.27,-0.714628,-0.716035,0.043579,0.040846,-0.489149,-0.49049
30.34,30.35,-0.631461,-0.621431,0.125984,0.12868,-0.555112,-0.553762
28.46,28.47,0.080412,-0.007907,-0.13828,-0.221947,-0.794347,-0.720034
30.58,30.58,-0.708658,-0.707105,0.037605,0.037822,-0.488163,-0.489104
28.64,28.64,-0.081022,-0.080091,-0.714293,-0.714677,-0.517775,-0.517486
30.37,30.38,-0.615601,-0.617522,0.128044,0.129454,-0.555452,-0.554271
30.36,30.34,-0.70601,-0.705702,0.087433,0.087645,-0.483068,-0.482768
30.33,30.33,-0.721479,-0.721046,0.037124,0.035467,-0.49379,-0.493199
30.54,30.53,-0.70718,-0.707177,0.0371,0.037589,-0.487155,-0.488441
29.62,29.62,-0.706496,-0.70607,0.088945,0.087903,-0.484558,-0.484456
30.28,30.28,-0.712396,-0.713245,0.075434,0.074862,-0.482759,-0.482372
30.14,30.13,-0.704505,-0.704997,0.087456,0.08796,-0.484557,-0.483855
30.58,30.58,-0.708162,-0.707154,0.037606,0.037336,-0.488159,-0.488589
28.74,28.75,-0.189824,-0.184279,-0.721016,-0.723527,-0.742689,-0.750288
30.49,30.49,-0.707192,-0.70824,0.037088,0.037237,-0.486153,-0.488139
30.64,30.61,-0.691823,-0.692792,0.042661,0.043301,-0.488461,-0.489779
30.31,30.32,-0.706019,-0.705421,0.087925,0.086882,-0.482562,-0.482303
29.54,29.55,-0.719355,-0.720155,0.084414,0.084826,-0.485222,-0.484463
30.61,30.61,-0.70815,-0.706681,0.037618,0.038643,-0.489161,-0.489277
30.61,30.61,-0.724955,-0.724268,0.032592,0.03339,-0.491367,-0.489854
28.64,28.64,-0.079544,-0.080121,-0.714798,-0.714175,-0.516766,-0.517345
28.62,28.62,-0.079515,-0.080054,-0.716775,-0.716615,-0.518291,-0.519291
30.34,30.34,-0.720981,-0.721173,0.036627,0.036126,-0.493791,-0.492802
29.88,29.88,-0.694614,-0.696719,0.090978,0.08842,-0.483931,-0.484624
24.28,24.28,0.892737,0.889567,1.270393,1.264991,0.088673,0.083049
29.79,29.79,-0.705499,-0.705877,0.086948,0.087337,-0.484071,-0.483344
30.34,30.34,-0.689876,-0.690362,0.048148,0.048762,-0.487881,-0.487678
30.31,30.31,-0.686855,-0.688274,0.048706,0.048665,-0.491855,-0.490526
30.3,30.3,-0.714546,-0.715498,0.038646,0.039696,-0.493712,-0.492106
30.48,30.47,-0.623585,-0.622618,0.127462,0.127476,-0.55102,-0.552679
24.85,24.86,-2.011724,-1.47985,1.22383,1.157842,0.339902,0.287541
30.39,30.38,-0.630969,-0.62053,0.125481,0.129445,-0.554613,-0.552754
30.45,30.45,-0.604762,-0.620089,0.131528,0.128934,-0.551311,-0.554985
30.3,30.3,-0.701761,-0.699908,0.04561,0.046256,-0.488013,-0.489772
30.6,30.61,-0.691835,-0.693184,0.042649,0.042969,-0.487459,-0.490017
28.61,28.61,-0.072017,-0.073131,-0.75982,-0.760785,-0.54526,-0.546187
30.49,30.49,-0.707636,-0.707518,0.037638,0.036861,-0.490659,-0.488167
30.13,30.12,-0.706005,-0.706553,0.086436,0.087318,-0.483079,-0.48323
30.39,30.39,-0.705179,-0.705034,0.041637,0.04189,-0.490592,-0.490788
30.33,30.34,-0.62208,-0.622276,0.127486,0.128144,-0.552509,-0.553791
30.36,30.36,-0.734693,-0.732798,0.077369,0.077718,-0.484934,-0.485154
28.62,28.62,-0.079115,-0.079868,-0.710349,-0.710602,-0.513206,-0.513571
30.46,30.46,-0.620595,-0.620231,0.128993,0.129206,-0.55298,-0.555659
29.21,29.21,0.400752,0.399457,-0.618851,-0.618727,-0.544565,-0.544129
30.51,30.51,-0.720508,-0.721017,0.033096,0.033882,-0.490321,-0.49245
30.25,30.25,-0.704511,-0.705313,0.086447,0.087323,-0.483567,-0.482377
28.82,28.82,-0.230038,-0.233123,-0.448909,-0.451474,-0.694376,-0.691537
29.77,29.79,-0.705021,-0.705926,0.087935,0.087714,-0.483054,-0.4832
30.69,30.69,-0.71799,-0.7193,0.032642,0.032597,-0.493309,-0.490787
30.55,30.54,-0.618572,-0.618957,0.129541,0.130118,-0.556463,-0.556845
30.36,30.36,-0.692355,-0.693643,0.047135,0.047172,-0.487413,-0.489182
29.21,29.21,0.39979,0.399237,-0.619828,-0.618959,-0.546588,-0.54433
29.6,29.6,-0.687732,-0.68792,0.093955,0.093432,-0.480331,-0.480905
30.42,30.42,-0.622571,-0.621574,0.129995,0.129183,-0.553988,-0.554119
30.45,30.45,-0.707651,-0.706644,0.038125,0.039633,-0.489651,-0.489491
30.52,30.54,-0.619537,-0.618734,0.129063,0.129813,-0.55848,-0.557518
30.66,30.65,-0.70769,-0.706586,0.038588,0.039031,-0.486641,-0.489146
30.72,30.72,-0.707144,-0.707402,0.037136,0.037841,-0.490159,-0.489587
30.37,30.37,-0.734202,-0.733502,0.078368,0.077816,-0.484918,-0.484763
30.61,30.62,-0.706669,-0.70699,0.037618,0.037423,-0.488647,-0.488226
29.68,29.68,-0.723341,-0.722383,0.082375,0.083734,-0.482775,-0.484319
29.75,29.75,-0.723299,-0.721534,0.082417,0.082208,-0.48628,-0.485772
30.46,30.46,-0.70669,-0.707939,0.038099,0.037086,-0.487139,-0.488344
30.64,30.64,-0.70766,-0.707127,0.037614,0.037544,-0.488656,-0.488416
30.33,30.3,-0.706001,-0.705805,0.087944,0.087415,-0.484064,-0.482365
28.67,28.67,-0.074402,-0.074134,-0.729639,-0.729131,-0.525405,-0.525672
28.43,28.43,0.13706,0.136361,-0.933202,-0.934729,-0.577965,-0.578534
28.59,28.6,-0.163471,-0.163234,0.671793,0.672426,-0.583432,-0.582061
29.8,29.8,-0.706022,-0.706216,0.088424,0.0876,-0.482556,-0.483364
30.66,30.66,-0.706166,-0.705907,0.03863,0.038507,-0.489633,-0.489727
30.7,30.7,-0.69235,-0.691456,0.046138,0.043876,-0.487424,-0.486941
30.42,30.42,-0.705664,-0.705399,0.03964,0.041143,-0.490619,-0.490655
29.0,28.97,0.681646,0.60346,-0.489626,-0.523456,-0.499089,-0.490184
30.39,30.39,-0.705019,-0.705339,0.087437,0.087618,-0.483059,-0.481648
28.95,28.95,0.661569,0.661187,-0.492451,-0.490361,-0.477758,-0.477888
29.13,29.13,0.400265,0.400279,-0.620349,-0.619563,-0.544587,-0.546521
30.72,30.72,-0.715521,-0.716166,0.036653,0.033286,-0.494245,-0.491057
30.49,30.5,-0.704696,-0.705247,0.040624,0.04054,-0.489097,-0.490215
30.4,30.39,-0.62309,-0.621577,0.127464,0.127569,-0.551016,-0.55309
29.8,29.79,-0.70451,-0.706083,0.088454,0.087605,-0.484546,-0.483287
29.63,29.64,-0.688189,-0.68869,0.092487,0.093072,-0.482856,-0.480675
30.36,30.35,-0.69363,-0.694663,0.088969,0.088522,-0.482442,-0.48169
30.58,30.58,-0.707676,-0.706747,0.037098,0.037594,-0.487159,-0.488728
30.13,30.13,-0.723331,-0.721625,0.083889,0.08338,-0.484261,-0.484517
29.88,29.88,-0.684734,-0.689902,0.092986,0.092398,-0.481819,-0.481394
24.2,24.02,-0.704045,-0.496416,0.20088,0.312773,-0.081564,-0.163468
30.14,30.13,-0.706009,-0.705777,0.08944,0.087669,-0.484047,-0.483995
29.56,29.56,-0.688688,-0.691212,0.092983,0.091569,-0.482855,-0.482202
29.8,29.8,-0.706496,-0.70602,0.088945,0.087623,-0.484558,-0.483161
30.54,30.54,-0.621501,-0.617317,0.129073,0.130589,-0.559999,-0.559049
30.72,30.72,-0.689836,-0.690866,0.043173,0.042895,-0.488939,-0.487719
30.48,30.5,-0.698246,-0.696681,0.043159,0.040576,-0.490515,-0.490445
29.56,29.56,-0.72333,-0.721524,0.081383,0.083292,-0.483287,-0.484192
30.48,30.48,-0.621045,-0.620315,0.129538,0.129371,-0.556985,-0.55657
30.49,30.5,-0.613583,-0.613289,0.131597,0.131688,-0.559902,-0.561652
30.42,30.43,-0.611576,-0.612738,0.130624,0.131867,-0.561398,-0.56182
30.63,30.63,-0.706145,-0.706715,0.039152,0.038555,-0.491631,-0.488557
30.51,30.51,-0.708151,-0.707749,0.036615,0.036672,-0.488671,-0.488261
30.48,30.48,-0.706657,-0.707146,0.03763,0.036738,-0.489648,-0.488155
30.54,30.53,-0.707191,-0.707147,0.038091,0.037184,-0.486643,-0.4879
30.46,30.46,-0.707156,-0.706817,0.037124,0.037212,-0.489158,-0.488072
30.66,30.67,-0.720009,-0.718805,0.032599,0.032577,-0.490322,-0.491059
30.48,30.48,-0.705173,-0.705421,0.04064,0.040284,-0.490603,-0.489703
29.72,29.72,-0.7075,-0.706442,0.086922,0.087531,-0.482586,-0.483902
30.45,30.44,-0.620543,-0.620995,0.129546,0.128622,-0.557481,-0.555823
30.46,30.46,-0.705186,-0.70596,0.040628,0.040389,-0.489602,-0.489867
30.52,30.51,-0.620036,-0.618946,0.128556,0.129156,-0.557989,-0.556095
30.69,30.69,-0.692301,-0.691247,0.041673,0.043426,-0.489478,-0.487581
28.38,28.38,0.139565,0.138651,-0.935674,-0.933884,-0.578973,-0.578415
30.72,30.71,-0.708156,-0.707049,0.037612,0.037934,-0.48866,-0.488912
30.45,30.47,-0.707189,-0.706746,0.037592,0.037295,-0.486648,-0.487885
28.5,28.51,0.141545,0.14003,-0.935168,-0.935539,-0.57895,-0.580155
29.83,29.81,-0.705526,-0.705757,0.088426,0.08805,-0.482552,-0.48372
29.72,29.72,-0.705513,-0.706023,0.088438,0.08758,-0.483554,-0.483663
30.6,30.59,-0.645337,-0.612701,0.121426,0.127184,-0.553782,-0.550953
29.53,29.53,-0.708495,-0.709543,0.086414,0.086593,-0.4821,-0.483274
30.54,30.55,-0.695761,-0.693891,0.043175,0.042592,-0.490994,-0.489612
30.45,30.45,-0.620573,-0.620506,0.130519,0.129007,-0.555467,-0.554993
28.86,28.86,-0.257503,-0.256142,-0.470766,-0.470908,-0.668816,-0.666918
30.52,30.52,-0.631414,-0.605488,0.128537,0.131711,-0.560091,-0.558097
28.97,28.97,0.471028,0.469938,-0.554082,-0.557095,-0.725541,-0.728785
28.92,28.93,0.297286,0.297255,-0.638141,-0.639195,-0.54969,-0.548725
30.45,30.45,-0.62008,-0.620788,0.130016,0.129223,-0.554968,-0.555559
30.55,30.56,-0.617558,-0.615926,0.131071,0.130753,-0.558941,-0.557703
29.88,29.88,-0.688159,-0.692272,0.092516,0.091411,-0.48536,-0.482643
30.49,30.49,-0.707165,-0.706838,0.036613,0.037372,-0.488162,-0.487695
29.66,29.66,-0.724795,-0.724353,0.082904,0.083007,-0.485787,-0.485497
30.36,30.35,-0.686906,-0.686265,0.05016,0.04905,-0.488333,-0.489993
30.12,30.13,-0.705474,-0.705723,0.087975,0.087322,-0.486564,-0.484169
30.39,30.4,-0.617588,-0.623961,0.127532,0.128343,-0.554974,-0.553919
30.31,30.32,-0.70257,-0.701011,0.087416,0.08772,-0.480534,-0.480833
30.1,30.11,-0.71691,-0.717083,0.084892,0.0842,-0.482691,-0.483606
28.44,28.45,-0.593792,-0.589875,-0.525707,-0.529411,-0.267651,-0.263176
29.8,29.8,-0.70552,-0.705963,0.088432,0.087295,-0.483053,-0.48317
28.7,28.69,-0.508526,-0.478314,0.511104,0.502487,-0.39441,-0.419229
28.67,28.66,-0.074196,-0.073066,-0.743976,-0.745456,-0.536084,-0.536622
28.53,28.53,-0.20103,-0.196896,-0.39692,-0.416234,-0.778684,-0.767242
30.46,30.47,-0.619071,-0.619702,0.129035,0.129472,-0.555972,-0.556067
28.52,28.52,0.138072,0.138871,-0.934682,-0.935426,-0.578974,-0.579968
30.72,30.72,-0.706188,-0.706759,0.038107,0.038003,-0.487636,-0.488759
30.54,30.54,-0.707195,-0.706833,0.037586,0.037507,-0.486147,-0.487758
30.1,30.1,-0.700723,-0.70241,0.047164,0.047136,-0.492494,-0.491968
30.3,30.3,-0.713074,-0.714189,0.039138,0.039731,-0.492692,-0.492159
29.72,29.72,-0.720381,-0.718474,0.083876,0.084638,-0.482232,-0.48403
30.39,30.38,-0.705045,-0.70578,0.087911,0.086949,-0.481051,-0.482561
30.66,30.66,-0.701192,-0.70143,0.036659,0.038899,-0.490113,-0.491056
30.31,30.31,-0.702083,-0.701267,0.086907,0.087901,-0.479534,-0.480622
30.46,30.46,-0.708129,-0.706785,0.038141,0.039615,-0.491158,-0.490549
28.56,28.6,-0.486327,-0.546279,-0.453298,-0.417057,-0.533867,-0.504044
29.53,29.53,-0.705997,-0.705733,0.088448,0.087799,-0.484559,-0.483157
30.49,30.46,-0.708138,-0.707313,0.03763,0.03711,-0.490162,-0.488067
29.86,29.85,-0.706013,-0.70572,0.087932,0.088058,-0.483063,-0.48352
30.48,30.48,-0.699212,-0.698379,0.040674,0.040573,-0.491553,-0.490745
29.75,29.75,-0.706017,-0.705981,0.086423,0.087447,-0.482078,-0.483458
30.48,30.48,-0.706185,-0.706618,0.037608,0.037134,-0.487641,-0.487755
30.45,30.43,-0.621082,-0.621827,0.128499,0.128955,-0.553491,-0.554374
28.44,28.44,0.136606,0.136323,-0.935169,-0.934553,-0.580496,-0.578307
30.4,30.4,-0.705164,-0.706159,0.041151,0.041831,-0.491599,-0.490453
28.61,28.61,-0.076155,-0.075535,-0.748472,-0.75025,-0.536152,-0.537789
30.46,30.47,-0.705188,-0.705159,0.041126,0.040599,-0.489596,-0.489732
28.65,28.65,-0.077122,-0.07801,-0.714344,-0.712039,-0.512232,-0.510411
30.57,30.57,-0.707138,-0.707319,0.037142,0.037028,-0.49066,-0.488314
29.68,29.68,-0.723797,-0.718871,0.082913,0.083743,-0.486279,-0.485235
30.36,30.36,-0.715406,-0.715117,0.081906,0.082334,-0.482712,-0.483395
29.59,29.59,-0.706484,-0.706424,0.087954,0.087394,-0.48507,-0.483273
28.64,28.64,-0.072833,-0.072807,-0.730054,-0.72915,-0.531907,-0.532032
30.4,30.4,-0.705673,-0.705163,0.040133,0.04215,-0.490113,-0.490907
30.4,30.39,-0.622058,-0.622059,0.129012,0.128796,-0.554996,-0.553171
28.65,28.65,-0.075294,-0.076085,-0.730046,-0.729865,-0.533431,-0.532103
30.66,30.67,-0.71902,-0.719214,0.034105,0.032464,-0.490798,-0.490828
30.28,30.28,-0.687393,-0.688392,0.048662,0.049273,-0.488354,-0.489704
30.3,30.3,-0.704733,-0.705885,0.0451,0.044501,-0.488044,-0.489188
30.07,30.08,-0.702189,-0.702408,0.047681,0.048973,-0.494505,-0.493741
30.31,30.31,-0.705522,-0.705452,0.088931,0.087162,-0.483047,-0.482796
30.72,30.72,-0.708604,-0.709511,0.036655,0.035514,-0.492181,-0.490859
30.39,30.39,-0.708627,-0.706535,0.039642,0.040948,-0.491647,-0.490506
30.66,30.65,-0.706689,-0.706844,0.039102,0.038578,-0.487629,-0.488918
29.09,29.09,0.386611,0.384895,-0.603616,-0.601678,-0.52999,-0.529603
29.5,29.51,-0.70106,-0.702012,0.088948,0.088508,-0.483008,-0.483723
28.36,28.36,0.14152,0.141654,-0.932687,-0.934536,-0.57792,-0.578807
30.45,30.45,-0.706679,-0.706424,0.040617,0.038754,-0.489114,-0.490094
28.95,28.95,0.29627,0.296844,-0.638169,-0.639036,-0.547695,-0.548036
29.53,29.53,-0.705535,-0.707616,0.087915,0.087117,-0.481556,-0.482585
28.41,28.41,0.136567,0.135993,-0.933703,-0.93388,-0.577975,-0.578398
30.51,30.5,-0.706168,-0.705746,0.040132,0.040425,-0.490117,-0.48991
30.51,30.51,-0.707677,-0.707131,0.040607,0.040178,-0.488622,-0.488036
30.58,30.57,-0.706672,-0.706785,0.037114,0.037821,-0.488152,-0.488956
29.06,29.06,0.422399,0.424851,-0.634491,-0.635689,-0.56459,-0.567106
30.61,30.61,-0.708618,-0.70736,0.039149,0.03831,-0.492153,-0.489602
30.28,30.28,-0.689384,-0.68872,0.050151,0.049621,-0.488355,-0.489748
30.49,30.49,-0.705222,-0.705872,0.040592,0.039936,-0.486597,-0.488729
29.2,29.2,0.401747,0.400423,-0.618343,-0.620184,-0.545052,-0.545846
30.13,30.13,-0.706981,-0.705634,0.086948,0.087368,-0.484585,-0.483391
29.77,29.76,-0.720849,-0.722314,0.084403,0.083051,-0.484734,-0.485178
30.3,30.3,-0.704541,-0.705075,0.08742,0.087931,-0.481553,-0.482253
30.66,30.65,-0.706701,-0.706832,0.03909,0.037799,-0.486627,-0.488376
30.66,30.66,-0.708159,-0.707205,0.038111,0.038137,-0.488654,-0.489653
30.13,30.13,-0.705015,-0.705627,0.087941,0.087551,-0.483555,-0.483609
30.49,30.48,-0.688867,-0.685942,0.046163,0.04653,-0.488396,-0.48809
30.36,30.35,-0.701094,-0.700756,0.087409,0.087612,-0.47952,-0.48013
30.43,30.43,-0.706667,-0.705444,0.040628,0.040215,-0.490116,-0.491026
28.53,28.53,-0.12677,-0.138793,0.680468,0.675947,-0.588024,-0.592608
30.49,30.49,-0.688371,-0.688733,0.046165,0.046158,-0.488391,-0.487973
30.63,30.63,-0.707633,-0.706589,0.038143,0.038958,-0.491154,-0.488897
28.5,28.5,0.143162,0.142512,-0.663725,-0.663923,-0.545308,-0.545616
29.8,29.79,-0.706024,-0.705866,0.088923,0.08779,-0.482551,-0.483278
28.36,28.35,-0.56835,-0.566953,-0.412178,-0.41233,-0.452971,-0.454413
30.22,30.22,-0.709094,-0.712275,0.041172,0.041222,-0.494638,-0.493238
28.61,28.61,-0.079581,-0.080166,-0.711325,-0.711236,-0.515225,-0.513646
30.43,30.44,-0.642852,-0.624273,0.125953,0.128438,-0.556213,-0.555703
30.16,30.14,-0.706019,-0.706211,0.087925,0.087249,-0.482562,-0.483999
29.53,29.53,-0.706034,-0.705967,0.088412,0.087877,-0.481555,-0.483118
28.94,28.94,0.297276,0.297151,-0.640659,-0.639843,-0.547715,-0.548864
28.59,28.59,-0.071342,-0.072408,-0.724029,-0.724202,-0.534831,-0.533185
30.46,30.48,-0.689352,-0.690199,0.044166,0.044991,-0.488423,-0.488446
30.58,30.58,-0.715047,-0.714837,0.035129,0.035573,-0.491753,-0.492117
29.18,29.18,0.401767,0.400137,-0.619827,-0.620063,-0.54607,-0.545652
29.86,29.83,-0.706498,-0.706101,0.085935,0.087742,-0.483089,-0.483892
30.54,30.54,-0.602683,-0.616973,0.134137,0.130563,-0.56028,-0.558781
30.31,30.31,-0.72226,-0.722224,0.070434,0.071158,-0.484905,-0.484115
30.52,30.52,-0.617571,-0.618648,0.131059,0.12985,-0.557939,-0.558108
30.69,30.69,-0.689851,-0.690384,0.04366,0.043545,-0.487931,-0.487707
30.49,30.49,-0.614081,-0.613917,0.132093,0.131799,-0.559901,-0.560233
30.43,30.43,-0.70569,-0.705954,0.042122,0.040976,-0.489589,-0.490196
30.39,30.39,-0.705181,-0.705142,0.043139,0.042121,-0.491076,-0.490561
30.33,30.33,-0.706013,-0.706146,0.087932,0.086799,-0.483063,-0.482621
30.72,30.72,-0.691333,-0.690797,0.042657,0.04278,-0.487956,-0.487644
30.1,30.11,-0.710483,-0.706205,0.089411,0.088554,-0.483085,-0.48181
30.7,30.71,-0.707649,-0.707424,0.036623,0.0378,-0.489168,-0.489052
28.97,28.97,0.63604,0.632515,-0.471227,-0.468797,-0.46722,-0.465496
30.33,30.33,-0.705032,-0.706262,0.085418,0.086695,-0.481079,-0.481967
28.52,28.53,-0.207013,-0.206495,0.650156,0.64849,-0.581551,-0.580564
30.6,30.6,-0.708166,-0.707288,0.036098,0.03716,-0.487175,-0.488051
30.21,30.22,-0.693638,-0.693665,0.090465,0.090057,-0.482425,-0.48203
29.63,29.64,-0.686214,-0.690534,0.09399,0.092458,-0.482822,-0.481635
30.46,30.45,-0.623082,-0.618576,0.129477,0.129864,-0.552495,-0.553429
29.62,29.62,-0.707029,-0.705177,0.0869,0.087757,-0.480579,-0.482827
29.21,29.21,0.398769,0.399313,-0.617855,-0.618677,-0.545072,-0.544566
30.09,30.1,-0.702207,-0.702331,0.047663,0.047813,-0.493002,-0.493077
30.34,30.34,-0.698125,-0.699685,0.089422,0.088589,-0.479972,-0.481362
30.43,30.44,-0.706198,-0.706089,0.040102,0.0395,-0.487613,-0.489442
29.88,29.88,-0.695618,-0.695823,0.089959,0.091903,-0.482449,-0.481126
28.64,28.64,-0.08001,-0.080031,-0.715773,-0.714565,-0.518785,-0.515972
28.55,28.54,0.147535,0.147384,-0.939118,-0.937811,-0.580446,-0.581333
30.54,30.53,-0.61956,-0.618101,0.130042,0.129953,-0.556967,-0.557836
30.4,30.39,-0.617162,-0.630918,0.131476,0.127864,-0.550919,-0.5545
29.23,29.23,0.399808,0.4001,-0.620814,-0.619558,-0.547601,-0.546537
30.61,30.6,-0.71951,-0.718363,0.033106,0.03426,-0.490813,-0.491046
30.61,30.61,-0.705688,-0.706471,0.039617,0.03974,-0.488616,-0.488706
29.63,29.65,-0.706517,-0.705915,0.088422,0.087515,-0.482561,-0.483207
30.54,30.54,-0.708172,-0.709577,0.040605,0.040137,-0.488626,-0.488704
29.83,29.83,-0.705509,-0.705673,0.086437,0.087449,-0.483075,-0.483035
30.4,30.38,-0.640883,-0.621575,0.127451,0.12881,-0.555678,-0.553822
30.52,30.52,-0.694316,-0.694044,0.043138,0.044614,-0.487475,-0.487727
28.64,28.64,-0.073332,-0.073598,-0.729558,-0.730208,-0.531906,-0.532201
28.53,28.53,-0.207452,-0.206731,0.648705,0.648401,-0.585578,-0.58239
30.37,30.39,-0.612189,-0.615338,0.132011,0.131217,-0.552372,-0.551587
30.63,30.63,-0.706696,-0.706771,0.038093,0.038834,-0.486638,-0.488965
30.68,30.68,-0.699239,-0.699877,0.041149,0.041484,-0.489544,-0.488144
30.49,30.5,-0.619568,-0.619966,0.12803,0.128974,-0.555487,-0.55578
28.57,28.56,0.144181,0.142542,-0.664196,-0.663302,-0.547308,-0.54626
28.74,28.75,0.143676,0.143648,-0.664708,-0.664305,-0.546316,-0.546227
30.51,30.51,-0.706673,-0.706416,0.03611,0.037323,-0.487662,-0.488072
29.79,29.79,-0.705505,-0.706001,0.086942,0.087973,-0.483571,-0.484024
30.63,30.63,-0.707652,-0.706898,0.037122,0.038443,-0.489162,-0.490167
30.34,30.34,-0.609734,-0.615687,0.131996,0.130616,-0.550348,-0.552814
30.09,30.09,-0.703165,-0.702602,0.048194,0.048054,-0.49601,-0.493673
28.5,28.5,0.138583,0.139076,-0.934164,-0.935284,-0.580467,-0.579694
30.07,30.07,-0.70221,-0.702529,0.047158,0.046624,-0.492507,-0.492571
30.4,30.4,-0.707165,-0.705832,0.041125,0.041506,-0.490114,-0.490649
30.68,30.68,-0.692787,-0.693331,0.042182,0.042257,-0.490478,-0.48942
30.51,30.51,-0.706171,-0.707145,0.036118,0.036834,-0.488159,-0.487052
30.48,30.48,-0.705186,-0.705163,0.039624,0.040591,-0.489112,-0.489833
30.63,30.63,-0.706657,-0.706946,0.03763,0.038269,-0.489648,-0.489779
30.36,30.35,-0.716605,-0.716622,0.039065,0.040697,-0.487715,-0.489851
30.64,30.64,-0.707657,-0.706904,0.039122,0.038222,-0.48964,-0.489158
30.52,30.52,-0.706181,-0.706827,0.039116,0.037563,-0.488626,-0.488248
29.2,29.2,0.39976,0.400068,-0.618855,-0.619451,-0.544574,-0.54554
30.45,30.44,-0.621595,-0.621809,0.129483,0.128929,-0.552482,-0.554239
30.64,30.64,-0.705679,-0.70636,0.040127,0.039,-0.489612,-0.488969
29.56,29.56,-0.722818,-0.721637,0.082905,0.083527,-0.485269,-0.484355
30.72,30.71,-0.707646,-0.707349,0.037128,0.037624,-0.489663,-0.488968
30.36,30.36,-0.690873,-0.690113,0.049142,0.048369,-0.487878,-0.488887
28.59,28.59,-0.080025,-0.079288,-0.719799,-0.720651,-0.515826,-0.517732
30.55,30.55,-0.714129,-0.711987,0.03857,0.038804,-0.487198,-0.488139
30.36,30.36,-0.689342,-0.690246,0.04568,0.047043,-0.489908,-0.491548
