Actual_Temperature,Predicted_Temperature_KNN,Actual_Mag_X,Predicted_Mag_X_KNN,Actual_Mag_Y,Predicted_Mag_Y_KNN,Actual_Mag_Z,Predicted_Mag_Z_KNN
28.65,25.77,-0.12571,0.730252,-0.680445,-2.440921,-0.568368,0.544899
29.18,29.18,0.383101,0.38279,-0.603166,-0.601076,-0.52701,-0.526789
30.42,30.41,-0.704707,-0.705177,0.042619,0.041037,-0.489074,-0.490499
29.21,29.21,0.398763,0.399454,-0.617861,-0.618463,-0.544572,-0.544071
28.64,28.64,-0.07237,-0.072444,-0.723065,-0.723441,-0.532325,-0.534233
30.07,30.06,-0.702702,-0.702013,0.048664,0.048763,-0.493496,-0.493188
30.49,30.5,-0.705684,-0.705576,0.041125,0.040833,-0.4896,-0.490204
29.07,29.06,0.389577,0.388414,-0.606621,-0.6066,-0.527995,-0.530209
30.64,30.63,-0.707157,-0.70657,0.039629,0.039022,-0.490131,-0.489231
30.72,30.68,-0.705214,-0.706874,0.039096,0.037811,-0.486614,-0.488146
29.03,29.02,0.667085,0.663293,-0.483845,-0.481677,-0.486628,-0.485635
28.64,28.64,-0.071843,-0.072355,-0.726542,-0.726961,-0.533361,-0.531868
30.18,30.18,-0.702722,-0.703302,0.045636,0.04605,-0.490525,-0.491928
30.52,30.52,-0.713574,-0.709508,0.036625,0.037142,-0.491223,-0.491482
30.36,30.34,-0.706147,-0.690532,0.040654,0.047079,-0.492114,-0.490503
29.81,29.81,-0.706476,-0.70571,0.086458,0.087436,-0.485087,-0.483266
28.65,28.65,-0.079483,-0.079661,-0.71925,-0.718629,-0.519821,-0.521819
28.44,28.44,0.136576,0.136175,-0.934196,-0.9339,-0.578481,-0.578281
30.33,30.3,-0.717022,-0.711109,0.038138,0.040231,-0.49374,-0.491661
29.69,29.72,-0.706019,-0.705808,0.087925,0.087638,-0.482562,-0.483465
29.89,29.89,-0.686719,-0.707197,0.093477,0.08693,-0.481831,-0.483084
30.4,30.42,-0.621586,-0.62236,0.12899,0.128505,-0.552989,-0.554404
30.48,30.48,-0.624002,-0.62809,0.129545,0.128605,-0.558513,-0.556255
30.46,30.46,-0.706167,-0.705988,0.037626,0.040215,-0.489143,-0.488712
29.77,29.76,-0.706496,-0.706117,0.087942,0.088227,-0.484068,-0.48276
30.43,30.43,-0.705685,-0.705671,0.040121,0.040937,-0.489111,-0.490604
30.6,30.58,-0.70124,-0.705291,0.042127,0.04022,-0.488549,-0.488906
30.24,30.24,-0.702261,-0.692146,0.047609,0.049353,-0.488496,-0.48929
30.6,30.6,-0.721021,-0.703134,0.034079,0.041308,-0.489313,-0.487372
30.55,30.55,-0.626493,-0.615997,0.129524,0.130451,-0.557533,-0.556631
30.36,30.39,-0.705034,-0.705823,0.08692,0.087823,-0.481563,-0.482261
30.37,30.36,-0.72349,-0.72034,0.035584,0.03778,-0.49082,-0.489866
30.72,30.71,-0.704674,-0.706274,0.037637,0.037919,-0.489631,-0.48864
30.42,30.41,-0.622081,-0.622186,0.130995,0.129785,-0.553972,-0.552985
30.36,30.37,-0.71593,-0.726586,0.084884,0.080484,-0.481681,-0.484227
22.86,22.85,-0.459595,-0.459485,0.08784,0.088151,-0.563568,-0.564565
28.62,28.64,-0.080565,-0.080063,-0.713828,-0.713318,-0.514761,-0.515552
29.91,29.89,-0.705987,-0.692482,0.08545,0.092643,-0.484092,-0.480588
30.72,30.71,-0.707678,-0.707166,0.037596,0.038317,-0.487153,-0.488844
30.52,30.51,-0.618081,-0.619562,0.131544,0.129439,-0.556937,-0.556573
30.55,30.55,-0.725466,-0.698545,0.033077,0.041352,-0.490365,-0.489636
28.05,28.07,-0.423146,-0.419666,-0.329014,-0.332401,-0.646611,-0.645918
30.51,30.51,-0.614542,-0.613174,0.131124,0.131109,-0.56242,-0.560706
29.71,29.71,-0.7065,-0.705618,0.087437,0.08773,-0.483573,-0.482761
30.42,30.4,-0.70568,-0.705774,0.042633,0.040933,-0.490585,-0.490305
30.37,30.37,-0.719998,-0.705766,0.03612,0.040841,-0.492787,-0.490907
30.51,30.5,-0.706203,-0.70726,0.03759,0.036516,-0.486139,-0.488464
25.09,25.07,-0.926073,-0.931169,0.797003,0.799552,0.301923,0.304011
30.6,30.56,-0.623452,-0.612227,0.127594,0.130868,-0.562037,-0.556893
29.56,29.56,-0.696638,-0.717378,0.092936,0.084517,-0.481422,-0.484803
30.34,30.35,-0.717528,-0.703218,0.036622,0.043729,-0.492259,-0.48965
29.66,29.65,-0.686725,-0.702967,0.093472,0.08982,-0.48133,-0.481512
30.7,30.72,-0.690846,-0.691043,0.043151,0.043452,-0.487445,-0.487644
28.65,28.66,-0.07581,-0.077,-0.728564,-0.729971,-0.532417,-0.531842
30.43,30.44,-0.622566,-0.621681,0.127995,0.129394,-0.55351,-0.553486
30.49,30.5,-0.706673,-0.705388,0.040622,0.041125,-0.489615,-0.489498
28.73,28.74,0.144638,0.145255,-0.662728,-0.66461,-0.544783,-0.5457
30.64,30.64,-0.705172,-0.706577,0.038134,0.039216,-0.48963,-0.488728
30.49,30.5,-0.721032,-0.706274,0.036074,0.040225,-0.48929,-0.489616
29.5,29.51,-0.706004,-0.706402,0.087439,0.086734,-0.483569,-0.48318
30.48,30.48,-0.706168,-0.705964,0.040132,0.04054,-0.490117,-0.490812
30.4,30.39,-0.622548,-0.622175,0.128012,0.12779,-0.555012,-0.553007
30.58,30.6,-0.707657,-0.707164,0.038119,0.037417,-0.489151,-0.488654
28.74,28.74,0.143655,0.14416,-0.664227,-0.665119,-0.544808,-0.545214
29.53,29.52,-0.70747,-0.700657,0.086952,0.088855,-0.48509,-0.483507
30.42,30.41,-0.706637,-0.705469,0.039655,0.041142,-0.49213,-0.491001
30.51,30.49,-0.688855,-0.694991,0.046175,0.044057,-0.489397,-0.489474
30.36,30.33,-0.68592,-0.696885,0.050158,0.046046,-0.487824,-0.489568
30.69,30.67,-0.707646,-0.702023,0.037128,0.039627,-0.489663,-0.488283
30.07,30.09,-0.702717,-0.702209,0.048148,0.049065,-0.492,-0.493487
28.65,28.65,-0.079258,-0.078615,-0.731563,-0.730207,-0.532982,-0.529355
28.88,28.89,0.310963,0.29495,-0.655854,-0.637903,-0.5658,-0.5453
30.19,30.19,-0.696122,-0.711556,0.091454,0.086316,-0.482436,-0.483229
30.22,30.2,-0.71346,-0.710679,0.085386,0.086504,-0.481153,-0.482017
30.54,30.54,-0.614118,-0.620443,0.132057,0.130249,-0.556896,-0.557873
30.49,30.52,-0.719073,-0.706481,0.037061,0.040115,-0.487759,-0.488818
30.28,30.29,-0.687371,-0.706096,0.050188,0.043715,-0.490841,-0.489475
30.13,30.11,-0.704024,-0.705309,0.086941,0.087743,-0.483057,-0.48376
30.31,30.31,-0.722761,-0.728739,0.071429,0.071078,-0.484898,-0.482449
30.22,30.24,-0.714586,-0.705877,0.042618,0.043837,-0.492165,-0.491274
30.43,30.43,-0.622575,-0.622157,0.129491,0.129212,-0.553493,-0.555095
30.51,30.52,-0.704165,-0.702979,0.038655,0.039558,-0.491118,-0.491198
24.82,27.16,-0.142289,-0.399679,0.935694,0.161882,0.007271,-0.319484
29.68,29.66,-0.706022,-0.706107,0.087421,0.087735,-0.482067,-0.483366
30.6,30.59,-0.707639,-0.70737,0.037134,0.037408,-0.490164,-0.487954
30.57,30.55,-0.613569,-0.616545,0.129103,0.129091,-0.55993,-0.559856
28.53,28.51,0.139574,0.139179,-0.936167,-0.936166,-0.579479,-0.579683
29.18,29.16,0.39876,0.399475,-0.618366,-0.619045,-0.544076,-0.54548
28.76,28.75,0.141687,0.14309,-0.663718,-0.665203,-0.546322,-0.546828
29.88,29.87,-0.69465,-0.70787,0.090942,0.086547,-0.480926,-0.484697
30.45,30.47,-0.707667,-0.70706,0.036605,0.03712,-0.487665,-0.488856
29.86,29.86,-0.710502,-0.707886,0.087386,0.087735,-0.480603,-0.483883
30.36,30.36,-0.706514,-0.70513,0.087924,0.087424,-0.482566,-0.482059
30.63,30.62,-0.707158,-0.706576,0.038626,0.039819,-0.489641,-0.489122
28.62,28.62,-0.076812,-0.076826,-0.724566,-0.722976,-0.533382,-0.532863
30.42,30.41,-0.621568,-0.622569,0.129008,0.129396,-0.554491,-0.553894
30.21,30.23,-0.688851,-0.713009,0.048686,0.041612,-0.490871,-0.490961
30.24,30.22,-0.686739,-0.705916,0.094962,0.087428,-0.480812,-0.482667
29.63,29.67,-0.691194,-0.70462,0.092445,0.088141,-0.480378,-0.483449
30.4,30.38,-0.622572,-0.621977,0.127989,0.128293,-0.553009,-0.5532
30.7,30.69,-0.716535,-0.717039,0.03412,0.033609,-0.491277,-0.490385
30.42,30.39,-0.706658,-0.705869,0.041139,0.041238,-0.491111,-0.490803
30.48,30.5,-0.62306,-0.622666,0.125487,0.125186,-0.552541,-0.55224
30.39,30.37,-0.705552,-0.705623,0.088901,0.087425,-0.480543,-0.482264
30.39,30.4,-0.622568,-0.621183,0.129497,0.129299,-0.553993,-0.553683
30.66,30.65,-0.707693,-0.706374,0.039087,0.038419,-0.486636,-0.488736
29.65,29.66,-0.705992,-0.705801,0.087451,0.086842,-0.484571,-0.483674
30.52,30.51,-0.695299,-0.695013,0.042642,0.044437,-0.48799,-0.487867
28.44,28.44,0.136538,0.136487,-0.932729,-0.93569,-0.575961,-0.578699
30.16,30.17,-0.704176,-0.702218,0.045162,0.046348,-0.493048,-0.491515
30.14,30.16,-0.703671,-0.703603,0.045674,0.046546,-0.494039,-0.491825
30.52,30.5,-0.695791,-0.695301,0.043145,0.043442,-0.48849,-0.488182
30.42,30.41,-0.622071,-0.622459,0.127996,0.129106,-0.553505,-0.554698
30.49,30.49,-0.701222,-0.702399,0.041141,0.040347,-0.489561,-0.490282
29.16,29.16,0.399769,0.399676,-0.619348,-0.619342,-0.54508,-0.545582
29.51,29.53,-0.722327,-0.708187,0.083905,0.087229,-0.485254,-0.48339
30.57,30.56,-0.718563,-0.710905,0.035573,0.037127,-0.488273,-0.490693
29.13,29.13,0.41138,0.413261,-0.625116,-0.625814,-0.559571,-0.558961
30.09,30.12,-0.715841,-0.706708,0.082967,0.087527,-0.488213,-0.482773
30.51,30.49,-0.614068,-0.627132,0.1296,0.128973,-0.559929,-0.561752
30.55,30.55,-0.617583,-0.619946,0.130044,0.129751,-0.556448,-0.557775
28.62,28.61,-0.073469,-0.07349,-0.760793,-0.760814,-0.547788,-0.545985
30.66,30.68,-0.717539,-0.716936,0.034104,0.033312,-0.490284,-0.490588
30.45,30.46,-0.707176,-0.706375,0.038608,0.040023,-0.488139,-0.489419
30.4,30.38,-0.703692,-0.708949,0.041643,0.04132,-0.490579,-0.490328
30.69,30.69,-0.701684,-0.69981,0.037162,0.038563,-0.490612,-0.49038
29.65,29.64,-0.706524,-0.702452,0.087413,0.08934,-0.48157,-0.482916
30.7,30.71,-0.70766,-0.707363,0.037614,0.037715,-0.488656,-0.488652
30.64,30.67,-0.606272,-0.625747,0.12799,0.125668,-0.547858,-0.551861
30.36,30.36,-0.622566,-0.622465,0.128998,0.128598,-0.553999,-0.553903
29.86,29.84,-0.706475,-0.705809,0.087461,0.087837,-0.485576,-0.483463
30.36,30.35,-0.685924,-0.703515,0.04865,0.043828,-0.486839,-0.489751
28.62,28.62,-0.080058,-0.079887,-0.713814,-0.712136,-0.515758,-0.514235
30.58,30.58,-0.718565,-0.708549,0.036072,0.039119,-0.488267,-0.489648
30.49,30.48,-0.707691,-0.707763,0.036581,0.037109,-0.485662,-0.488161
30.48,30.47,-0.706658,-0.705488,0.040136,0.04002,-0.490622,-0.48891
30.52,30.5,-0.694322,-0.694487,0.043132,0.042965,-0.486975,-0.489683
30.51,30.5,-0.697769,-0.694698,0.04214,0.043453,-0.488518,-0.488877
30.05,30.08,-0.70318,-0.703206,0.047677,0.046849,-0.494513,-0.492018
30.3,30.29,-0.697309,-0.706885,0.047621,0.043416,-0.487951,-0.489685
23.82,23.94,2.139581,1.760038,1.710719,1.488981,-0.129419,-0.128015
30.66,30.64,-0.706193,-0.707268,0.039104,0.038614,-0.487624,-0.488741
30.51,30.49,-0.705679,-0.705584,0.040127,0.041126,-0.489612,-0.4897
30.58,30.58,-0.707179,-0.707064,0.038103,0.037317,-0.487644,-0.488654
30.6,30.6,-0.705677,-0.706376,0.037622,0.036612,-0.488638,-0.487854
30.46,30.46,-0.707653,-0.706268,0.039627,0.04003,-0.490135,-0.490019
30.66,30.63,-0.706674,-0.707351,0.038616,0.038329,-0.488636,-0.489947
30.36,30.37,-0.718542,-0.707173,0.039604,0.041518,-0.491733,-0.489609
29.59,29.58,-0.709428,-0.712932,0.084464,0.08552,-0.486137,-0.483851
30.68,30.69,-0.636973,-0.629109,0.124402,0.124963,-0.549668,-0.552399
30.46,30.44,-0.621072,-0.621277,0.130013,0.129804,-0.554976,-0.554279
29.68,29.7,-0.719339,-0.709091,0.082426,0.087414,-0.485745,-0.482494
29.07,29.07,0.409846,0.411732,-0.623163,-0.624156,-0.556556,-0.556351
30.4,30.42,-0.70667,-0.705883,0.041127,0.041425,-0.49011,-0.489699
29.09,29.08,0.411348,0.410039,-0.628156,-0.626476,-0.555598,-0.554689
29.95,29.93,-0.696645,-0.700345,0.090923,0.087768,-0.479942,-0.484218
30.54,30.52,-0.705689,-0.707171,0.038613,0.03761,-0.488126,-0.488151
30.69,30.69,-0.719047,-0.709164,0.03458,0.038194,-0.488789,-0.48756
30.7,30.71,-0.690846,-0.692116,0.043151,0.042965,-0.487445,-0.488961
28.3,28.31,0.140071,0.142534,-0.933155,-0.933463,-0.580944,-0.579423
30.4,30.42,-0.622565,-0.622867,0.131005,0.129395,-0.554978,-0.553897
30.49,30.47,-0.704693,-0.705882,0.041128,0.040724,-0.489592,-0.489507
30.04,30.04,-0.707023,-0.705903,0.086906,0.086939,-0.48108,-0.483474
29.23,29.19,0.402258,0.401874,-0.618828,-0.618315,-0.546055,-0.547355
30.48,30.51,-0.690364,-0.694415,0.045647,0.043539,-0.487413,-0.487672
30.46,30.44,-0.608208,-0.6196,0.131539,0.130203,-0.553345,-0.553759
30.42,30.41,-0.706189,-0.705474,0.041616,0.041338,-0.489099,-0.490698
30.46,30.46,-0.705685,-0.706272,0.040121,0.039726,-0.489111,-0.489621
30.68,30.67,-0.707672,-0.701929,0.038606,0.040424,-0.488143,-0.488173
30.66,30.64,-0.708164,-0.706863,0.039109,0.038825,-0.488643,-0.489536
30.46,30.47,-0.639864,-0.696088,0.060809,0.043646,-0.487804,-0.488787
30.58,30.6,-0.706671,-0.706767,0.038117,0.036918,-0.488642,-0.488456
30.31,30.32,-0.701091,-0.6995,0.087914,0.088025,-0.480015,-0.4804
29.8,29.8,-0.706002,-0.706009,0.085937,0.087233,-0.483085,-0.48307
30.37,30.38,-0.689849,-0.700116,0.04667,0.042364,-0.4894,-0.491341
28.48,28.49,0.146549,0.143361,-0.938112,-0.936434,-0.581445,-0.580952
28.89,28.88,0.465956,0.326688,-0.661951,-0.675581,-0.464347,-0.520808
30.55,30.54,-0.618572,-0.618766,0.130545,0.129946,-0.556952,-0.556961
30.49,30.52,-0.709136,-0.707062,0.036618,0.036919,-0.489181,-0.488658
29.98,29.99,-0.705515,-0.709371,0.086431,0.085927,-0.482574,-0.483315
30.05,30.06,-0.703213,-0.702709,0.049149,0.048657,-0.492493,-0.492895
30.1,30.1,-0.702712,-0.702805,0.04715,0.047056,-0.492011,-0.492514
28.67,28.67,-0.072064,-0.072419,-0.757861,-0.760127,-0.542233,-0.544666
30.24,30.23,-0.698206,-0.704192,0.044703,0.044846,-0.494504,-0.491649
23.67,26.24,3.849766,-1.961814,2.230747,-2.120955,-0.48283,1.307711
29.59,29.57,-0.706977,-0.706111,0.087453,0.088433,-0.48508,-0.483358
30.43,30.46,-0.606747,-0.620885,0.13202,0.130202,-0.551323,-0.554071
30.45,30.47,-0.63787,-0.619676,0.125996,0.128922,-0.558173,-0.555077
30.68,30.67,-0.689866,-0.706071,0.044147,0.038326,-0.486925,-0.489235
30.61,30.58,-0.708655,-0.707059,0.03811,0.037322,-0.488659,-0.489054
30.72,30.71,-0.709129,-0.696953,0.037627,0.040661,-0.490171,-0.48973
30.48,30.48,-0.707696,-0.706965,0.038582,0.03802,-0.48614,-0.488945
29.75,29.78,-0.706481,-0.706107,0.087455,0.087936,-0.485076,-0.483464
28.55,28.54,-0.207016,-0.206791,0.650655,0.648074,-0.581546,-0.582575
29.75,29.73,-0.706007,-0.706308,0.086934,0.088233,-0.483074,-0.483362
30.39,30.39,-0.636911,-0.623371,0.126468,0.129284,-0.555655,-0.553101
30.48,30.47,-0.706195,-0.706363,0.040606,0.039934,-0.488108,-0.490321
30.7,30.7,-0.709633,-0.705951,0.035612,0.036542,-0.488696,-0.490156
30.13,30.12,-0.70601,-0.706183,0.087433,0.087157,-0.483068,-0.485077
30.37,30.37,-0.715544,-0.708731,0.037633,0.040839,-0.492731,-0.491734
29.04,29.03,0.393091,0.393489,-0.60456,-0.60536,-0.532449,-0.532154
30.19,30.19,-0.703705,-0.704085,0.04514,0.045456,-0.49104,-0.492543
30.69,30.71,-0.694756,-0.690729,0.040685,0.042567,-0.491013,-0.488653
28.76,28.74,0.145665,0.144754,-0.664695,-0.665118,-0.5468,-0.545109
28.76,28.8,-0.259041,-0.259463,-0.480349,-0.479372,-0.660424,-0.658813
30.64,30.62,-0.692811,-0.703502,0.043162,0.040332,-0.488965,-0.48929
30.37,30.38,-0.613125,-0.620115,0.128552,0.130884,-0.555425,-0.552454
28.52,28.52,0.148047,0.147251,-0.940101,-0.939105,-0.581454,-0.58165
30.36,30.35,-0.697574,-0.709661,0.085968,0.084428,-0.483011,-0.483234
30.52,30.52,-0.632374,-0.628717,0.127062,0.128668,-0.56212,-0.56177
29.57,29.53,-0.705036,-0.706791,0.088422,0.087543,-0.482047,-0.484175
30.12,30.11,-0.702208,-0.70281,0.046659,0.04695,-0.492513,-0.492014
29.06,29.08,0.38361,0.385101,-0.602149,-0.60194,-0.528497,-0.528882
30.45,30.46,-0.603724,-0.619881,0.132078,0.129818,-0.555303,-0.554968
29.54,29.5,-0.697135,-0.713438,0.091931,0.087113,-0.480937,-0.483737
30.21,30.21,-0.72432,-0.715414,0.082383,0.084104,-0.483785,-0.482987
30.34,30.34,-0.715051,-0.697769,0.038133,0.04535,-0.492721,-0.489985
28.73,28.73,0.141703,0.142269,-0.663202,-0.663628,-0.547819,-0.545314
30.46,30.45,-0.615663,-0.625418,0.13049,0.128209,-0.551418,-0.555636
30.69,30.68,-0.719021,-0.703986,0.032098,0.038436,-0.489819,-0.489416
30.69,30.68,-0.718554,-0.697867,0.034077,0.04134,-0.48829,-0.488328
30.39,30.37,-0.706626,-0.6937,0.038664,0.045769,-0.492642,-0.490345
30.7,30.71,-0.714557,-0.714853,0.035125,0.034222,-0.491248,-0.49096
30.51,30.48,-0.705679,-0.702416,0.039124,0.041133,-0.489122,-0.489272
30.7,30.71,-0.69328,-0.69419,0.041682,0.04136,-0.490488,-0.488897
30.28,30.3,-0.685897,-0.703592,0.049178,0.043249,-0.489337,-0.491361
28.43,28.41,0.135599,0.136772,-0.934686,-0.933796,-0.579497,-0.578475
30.09,30.08,-0.703222,-0.703297,0.048639,0.046656,-0.491498,-0.492623
30.45,30.45,-0.611191,-0.623537,0.133024,0.128814,-0.553354,-0.555612
30.07,30.06,-0.706007,-0.705607,0.087938,0.087541,-0.483563,-0.483665
30.37,30.34,-0.707968,-0.712631,0.083941,0.083318,-0.483626,-0.483172
30.43,30.44,-0.621583,-0.620961,0.128491,0.129322,-0.552994,-0.555584
30.37,30.41,-0.70716,-0.704977,0.040128,0.041341,-0.490125,-0.490794
29.74,29.76,-0.70598,-0.706308,0.087463,0.087631,-0.485572,-0.483069
29.54,29.51,-0.706025,-0.706898,0.087919,0.087234,-0.482061,-0.483379
30.36,30.36,-0.714559,-0.703107,0.03763,0.043139,-0.492221,-0.490357
30.46,30.46,-0.706196,-0.706566,0.039603,0.039528,-0.487619,-0.489827
30.31,30.3,-0.689831,-0.700917,0.047691,0.043958,-0.491392,-0.49143
29.5,29.49,-0.706028,-0.709273,0.087415,0.086226,-0.481566,-0.483311
29.62,29.61,-0.706007,-0.706107,0.087938,0.087234,-0.483563,-0.483172
29.46,29.48,-0.705045,-0.705915,0.088915,0.087931,-0.48154,-0.482962
30.7,30.71,-0.707652,-0.707656,0.037122,0.037518,-0.489162,-0.488957
30.48,30.47,-0.621539,-0.621358,0.128034,0.129221,-0.556505,-0.555589
30.69,30.69,-0.689866,-0.7033,0.044147,0.039433,-0.486925,-0.489198
30.37,30.38,-0.622545,-0.621854,0.128517,0.128818,-0.555507,-0.555397
30.37,30.39,-0.705645,-0.705384,0.040662,0.042333,-0.492611,-0.490386
30.48,30.49,-0.705657,-0.705488,0.04065,0.040421,-0.491609,-0.489106
29.2,29.22,0.399787,0.39917,-0.620333,-0.618652,-0.546093,-0.545078
29.2,29.2,0.410347,0.40994,-0.623155,-0.62437,-0.557053,-0.555668
28.85,27.64,0.104244,-0.17599,-0.522796,-0.341374,-0.832555,-0.659931
28.71,26.54,-0.341079,3.450841,0.495611,3.082064,-0.211813,-4.547589
30.49,30.51,-0.697241,-0.698826,0.040669,0.040766,-0.490534,-0.490747
30.51,30.51,-0.617571,-0.619569,0.130056,0.129531,-0.55745,-0.555971
28.56,28.58,-0.297179,-0.260468,-0.586251,-0.584093,-0.617376,-0.644381
30.28,30.3,-0.690392,-0.701544,0.04963,0.045428,-0.486867,-0.489416
29.84,29.84,-0.705984,-0.705902,0.085955,0.087442,-0.484587,-0.483768
25.3,25.4,-2.495607,1.635382,-4.489136,-8.742165,2.230923,4.463767
30.34,30.35,-0.714936,-0.726891,0.084389,0.080275,-0.481678,-0.483531
29.56,29.58,-0.706026,-0.706509,0.085913,0.087829,-0.481082,-0.482968
30.48,30.49,-0.706172,-0.70745,0.038624,0.036524,-0.489132,-0.489167
30.61,30.64,-0.70616,-0.706762,0.038635,0.038826,-0.490134,-0.489636
30.42,30.4,-0.623557,-0.62236,0.128994,0.129006,-0.554008,-0.554598
30.48,30.51,-0.61859,-0.619263,0.129523,0.129843,-0.55496,-0.556866
28.5,28.48,0.141694,0.142183,-0.662709,-0.664118,-0.547312,-0.546122
28.59,28.61,-0.077093,-0.076579,-0.71632,-0.717503,-0.513757,-0.514768
30.51,30.5,-0.707646,-0.706972,0.036124,0.03681,-0.489173,-0.487858
30.33,30.31,-0.724795,-0.723475,0.072876,0.071608,-0.481393,-0.483399
29.51,29.49,-0.705986,-0.70621,0.087457,0.088232,-0.485071,-0.483261
24.1,24.1,-0.445439,-0.445944,0.116254,0.116042,-0.557614,-0.556719
30.54,30.55,-0.706668,-0.707271,0.038622,0.037207,-0.489136,-0.487856
30.49,30.49,-0.618092,-0.619861,0.129026,0.128934,-0.554962,-0.55618
30.43,30.45,-0.707639,-0.706465,0.03914,0.039229,-0.491143,-0.489829
30.24,30.24,-0.700073,-0.705721,0.08644,0.087225,-0.481525,-0.482267
29.71,29.7,-0.69959,-0.714694,0.090942,0.083932,-0.482472,-0.485087
30.73,30.71,-0.691823,-0.690836,0.041657,0.04266,-0.487971,-0.488052
22.66,22.64,-0.457072,-0.455905,0.084382,0.085167,-0.565589,-0.564067
28.64,28.63,-0.078014,-0.078083,-0.723775,-0.724648,-0.516354,-0.518468
30.48,30.47,-0.619591,-0.620959,0.130012,0.129325,-0.554463,-0.555785
29.18,29.17,0.39825,0.399472,-0.617881,-0.618345,-0.543074,-0.545573
30.69,30.7,-0.717524,-0.71663,0.033617,0.033322,-0.491291,-0.491287
30.39,30.38,-0.705675,-0.705391,0.040632,0.042425,-0.490107,-0.489784
30.48,30.47,-0.626977,-0.616323,0.127527,0.13002,-0.55756,-0.554034
29.5,29.51,-0.706494,-0.706317,0.087443,0.088024,-0.484074,-0.482563
29.81,29.8,-0.707013,-0.706195,0.08842,0.087445,-0.482565,-0.484172
28.76,28.76,0.142679,0.142668,-0.663715,-0.664327,-0.546314,-0.545118
30.69,30.67,-0.688853,-0.692702,0.043669,0.042671,-0.488424,-0.48957
30.7,30.71,-0.707185,-0.707077,0.038097,0.037906,-0.487144,-0.487846
25.27,25.06,-0.90009,-1.070365,0.566655,0.885613,0.386692,0.32862
30.42,30.41,-0.622105,-0.622165,0.130971,0.128702,-0.551969,-0.554199
22.78,22.79,-0.459099,-0.459385,0.087842,0.088453,-0.563564,-0.564761
30.51,30.51,-0.623544,-0.622965,0.125497,0.125083,-0.553546,-0.552043
30.39,30.41,-0.622063,-0.622074,0.130009,0.129497,-0.554985,-0.553889
29.54,29.52,-0.705048,-0.706013,0.08841,0.086628,-0.481045,-0.482476
30.43,30.41,-0.621075,-0.622667,0.129508,0.129196,-0.554481,-0.553897
30.37,30.38,-0.702024,-0.717056,0.085963,0.081733,-0.484052,-0.485533
30.48,30.47,-0.620597,-0.616893,0.129492,0.129942,-0.552974,-0.556043
30.52,30.51,-0.706149,-0.70717,0.036641,0.03721,-0.490156,-0.488055
28.5,28.46,-0.317059,-0.331283,0.319248,0.364791,-0.724998,-0.700564
29.51,29.51,-0.706485,-0.705813,0.08695,0.086931,-0.484581,-0.482772
30.37,30.37,-0.693273,-0.699928,0.044698,0.043258,-0.492457,-0.490929
30.34,30.33,-0.710969,-0.712146,0.084404,0.083611,-0.481643,-0.482464
28.43,28.41,0.137565,0.136084,-0.933693,-0.933993,-0.578467,-0.578884
30.46,30.46,-0.624581,-0.629084,0.130463,0.127595,-0.551996,-0.555574
30.48,30.5,-0.621069,-0.620058,0.129514,0.128434,-0.554982,-0.556087
28.24,28.29,0.216197,0.217576,0.549256,0.550055,-0.558482,-0.55806
30.46,30.47,-0.706178,-0.705874,0.038618,0.040731,-0.488631,-0.490107
29.92,29.91,-0.699529,-0.708107,0.086489,0.087812,-0.485527,-0.48208
30.49,30.48,-0.704684,-0.705478,0.040636,0.040431,-0.490098,-0.489907
30.57,30.54,-0.620075,-0.619356,0.129019,0.129849,-0.554979,-0.557368
29.16,29.19,0.399775,0.39998,-0.619342,-0.620136,-0.545581,-0.545789
30.57,30.56,-0.688856,-0.701141,0.044168,0.041826,-0.488418,-0.488351
30.48,30.47,-0.602262,-0.616893,0.131057,0.129039,-0.552797,-0.555652
30.49,30.47,-0.687858,-0.700338,0.045181,0.041136,-0.489399,-0.488853
30.4,30.41,-0.705194,-0.705589,0.041121,0.041623,-0.489095,-0.489494
30.36,30.38,-0.705662,-0.707169,0.042651,0.041523,-0.492087,-0.49001
30.7,30.71,-0.690843,-0.690827,0.043656,0.042668,-0.48794,-0.488753
30.66,30.68,-0.620118,-0.622372,0.126971,0.125684,-0.550495,-0.552132
30.68,30.69,-0.687916,-0.697571,0.044623,0.041739,-0.484398,-0.488321
30.57,30.61,-0.708659,-0.707359,0.036602,0.037218,-0.487674,-0.488758
29.54,29.57,-0.71938,-0.719158,0.084391,0.084014,-0.483219,-0.485024
30.45,30.46,-0.637401,-0.627212,0.126472,0.129596,-0.55616,-0.555435
30.57,30.58,-0.688862,-0.700137,0.045166,0.04124,-0.488407,-0.48915
30.61,30.62,-0.7047,-0.706375,0.039116,0.038919,-0.488112,-0.48893
29.56,29.54,-0.706012,-0.705718,0.088935,0.087529,-0.483552,-0.482664
30.7,30.68,-0.69037,-0.70319,0.044637,0.039043,-0.486422,-0.489903
29.5,29.51,-0.705486,-0.705406,0.084455,0.08594,-0.484099,-0.48318
30.43,30.45,-0.635389,-0.636508,0.125507,0.12758,-0.558157,-0.556741
30.13,30.14,-0.703211,-0.703289,0.046644,0.046163,-0.49152,-0.493029
30.72,30.7,-0.707167,-0.707171,0.039118,0.03771,-0.489135,-0.488149
30.13,30.13,-0.704003,-0.705206,0.087464,0.088349,-0.485054,-0.484353
26.99,28.75,-0.296217,-0.079131,-0.64485,-0.687959,-0.302979,-0.382724
30.58,30.55,-0.70668,-0.707861,0.03861,0.037311,-0.488135,-0.48836
29.21,29.19,0.400782,0.40156,-0.618821,-0.618232,-0.547069,-0.546054
30.09,30.1,-0.700731,-0.701714,0.04866,0.049066,-0.492477,-0.493383
30.36,30.36,-0.62256,-0.623264,0.129004,0.129592,-0.5545,-0.553898
30.61,30.62,-0.698729,-0.705969,0.040664,0.038829,-0.490547,-0.489629
28.64,28.64,-0.076802,-0.076401,-0.738595,-0.739292,-0.528031,-0.528036
29.2,29.2,0.400773,0.400369,-0.618329,-0.618939,-0.546563,-0.545672
29.57,29.59,-0.707464,-0.705917,0.086958,0.087928,-0.485591,-0.482761
30.46,30.46,-0.707646,-0.707779,0.037128,0.036893,-0.489663,-0.486761
30.34,30.34,-0.706992,-0.705524,0.08794,0.087626,-0.484073,-0.482361
30.6,30.61,-0.706203,-0.706962,0.03759,0.037621,-0.486139,-0.48895
30.22,30.23,-0.691661,-0.707793,0.090467,0.086725,-0.481907,-0.482891
30.48,30.48,-0.708162,-0.707463,0.037606,0.036511,-0.488159,-0.488065
30.6,30.56,-0.698799,-0.710128,0.043602,0.037316,-0.486006,-0.489482
30.49,30.49,-0.70518,-0.699746,0.03963,0.041737,-0.489613,-0.488841
30.7,30.71,-0.705682,-0.703706,0.039623,0.038921,-0.489117,-0.488206
30.43,30.47,-0.633408,-0.628082,0.126013,0.128712,-0.558134,-0.556955
30.46,30.46,-0.705176,-0.706272,0.041138,0.039826,-0.490598,-0.48962
29.93,30.05,-0.706995,-0.705611,0.087435,0.087838,-0.483578,-0.483461
28.71,28.72,0.141685,0.142465,-0.66322,-0.663831,-0.546317,-0.545015
25.66,25.21,-1.747319,0.781202,-1.411063,1.220095,0.955481,-0.071544
28.91,28.91,0.306406,0.297795,-0.649447,-0.640233,-0.560758,-0.549809
30.43,30.42,-0.705199,-0.705186,0.043121,0.04133,-0.489574,-0.489894
29.15,29.17,0.398777,0.399076,-0.620355,-0.619249,-0.5446,-0.545186
30.37,30.38,-0.725438,-0.715358,0.034609,0.038323,-0.493352,-0.49202
30.51,30.47,-0.707654,-0.706873,0.03762,0.036508,-0.489156,-0.48766
28.89,28.88,0.332479,0.323855,-0.686653,-0.671635,-0.527394,-0.517983
30.1,30.08,-0.703186,-0.701709,0.048674,0.049071,-0.494502,-0.493783
29.2,29.2,0.399271,0.399564,-0.618851,-0.618954,-0.545079,-0.544677
28.61,28.61,-0.07384,-0.073653,-0.725059,-0.723565,-0.532861,-0.532642
30.42,30.42,-0.705688,-0.705572,0.039617,0.041037,-0.488616,-0.490602
30.33,30.3,-0.690835,-0.700262,0.046672,0.045928,-0.48991,-0.489098
30.66,30.68,-0.716502,-0.712882,0.033651,0.03452,-0.493786,-0.490139
29.83,29.89,-0.718848,-0.697789,0.083425,0.089561,-0.48573,-0.483173
30.45,30.45,-0.618124,-0.625521,0.131502,0.129307,-0.553431,-0.555724
30.7,30.7,-0.623123,-0.635634,0.127933,0.123955,-0.548506,-0.553569
30.22,30.23,-0.723972,-0.712389,0.038605,0.041538,-0.493294,-0.49296
28.52,28.52,-0.13674,-0.117838,0.680377,0.684523,-0.583604,-0.582191
30.12,30.13,-0.718365,-0.703737,0.083415,0.088337,-0.484724,-0.482838
30.46,30.48,-0.619576,-0.620562,0.129526,0.129727,-0.55547,-0.555977
29.51,29.52,-0.721355,-0.702164,0.082887,0.090033,-0.483253,-0.482404
28.12,28.32,0.189754,0.214303,0.628227,0.547534,-0.538784,-0.556915
29.13,29.13,0.420429,0.421523,-0.63248,-0.633676,-0.566588,-0.566291
30.34,30.37,-0.686914,-0.698258,0.050653,0.044652,-0.487827,-0.490197
30.64,30.64,-0.705674,-0.706268,0.038126,0.038526,-0.489134,-0.489334
30.72,30.71,-0.713064,-0.714065,0.035137,0.034622,-0.491736,-0.490749
30.49,30.5,-0.619585,-0.62035,0.130018,0.12914,-0.554964,-0.556883
28.73,28.75,-0.253535,-0.253229,-0.466738,-0.468835,-0.67074,-0.670461
30.64,30.61,-0.691344,-0.703591,0.044652,0.039539,-0.487933,-0.489801
24.28,24.68,0.880708,0.48895,1.273227,0.833035,0.098117,0.26233
30.7,30.68,-0.706111,-0.71289,0.035175,0.035113,-0.492677,-0.489731
30.57,30.56,-0.617063,-0.617468,0.130069,0.13006,-0.558447,-0.557749
30.54,30.52,-0.620053,-0.619967,0.130545,0.12963,-0.557466,-0.555973
30.4,30.42,-0.705049,-0.705825,0.087407,0.08742,-0.480556,-0.481965
30.37,30.39,-0.624042,-0.621766,0.128001,0.127804,-0.554524,-0.554006
30.12,30.09,-0.70699,-0.706404,0.086438,0.087434,-0.483589,-0.483272
30.72,30.71,-0.690336,-0.693791,0.041663,0.041866,-0.487958,-0.489389
28.64,28.64,-0.079556,-0.080246,-0.71481,-0.714307,-0.515765,-0.516366
30.52,30.52,-0.701215,-0.707252,0.038642,0.038731,-0.489089,-0.490142
28.56,27.58,-0.326926,-0.327915,-0.330647,-0.083455,-0.729941,-0.511572
30.61,30.63,-0.706163,-0.707059,0.039134,0.039127,-0.490128,-0.489835
28.79,28.78,0.142662,0.142367,-0.666238,-0.663529,-0.543838,-0.545212
30.43,30.43,-0.705691,-0.705687,0.040115,0.040821,-0.48861,-0.489203
29.02,29.03,0.645566,0.655284,-0.475097,-0.478673,-0.474194,-0.480762
30.55,30.55,-0.707164,-0.707456,0.03862,0.03742,-0.489141,-0.489057
30.45,30.46,-0.621043,-0.620851,0.128036,0.129233,-0.556501,-0.556486
28.5,28.5,0.251562,0.310167,-0.617377,-0.542551,-0.590924,-0.639855
29.0,29.01,0.682635,0.682421,-0.489124,-0.488538,-0.499075,-0.498068
28.44,28.42,-0.078518,-0.202032,-0.569405,-0.514257,-0.747017,-0.709899
30.61,30.6,-0.705693,-0.706875,0.037105,0.03801,-0.487142,-0.488143
30.21,30.22,-0.707453,-0.709891,0.084964,0.086402,-0.485613,-0.481511
30.6,30.57,-0.721024,-0.692633,0.034578,0.044547,-0.489307,-0.487946
28.94,28.93,0.286632,0.288235,-0.624883,-0.627167,-0.535608,-0.53592
30.46,30.47,-0.620568,-0.621358,0.128518,0.129521,-0.554989,-0.555686
30.4,30.4,-0.603763,-0.625052,0.132541,0.129483,-0.552293,-0.553614
28.43,28.47,-0.660249,-0.667014,-0.422663,-0.453486,-0.229996,-0.181918
30.63,30.64,-0.707654,-0.707954,0.038624,0.038219,-0.489646,-0.489253
30.7,30.71,-0.706194,-0.706578,0.037098,0.038111,-0.486645,-0.48814
28.61,28.62,-0.076813,-0.077404,-0.7366,-0.736499,-0.528009,-0.528313
29.59,29.58,-0.705,-0.706014,0.087455,0.087831,-0.484562,-0.482964
30.55,30.54,-0.705674,-0.707657,0.037123,0.037618,-0.488644,-0.488956
29.83,29.85,-0.704998,-0.706116,0.086956,0.087224,-0.484567,-0.482371
29.04,29.05,0.424909,0.424315,-0.633448,-0.634954,-0.567561,-0.566982
30.52,30.6,-0.718999,-0.711311,0.034627,0.037919,-0.492795,-0.490287
30.7,30.7,-0.61668,-0.6205,0.129459,0.126482,-0.548934,-0.551505
30.36,30.35,-0.686888,-0.69818,0.049175,0.045032,-0.489346,-0.488589
29.69,29.7,-0.720861,-0.705914,0.084391,0.087932,-0.483733,-0.483062
30.52,30.52,-0.634876,-0.627053,0.129035,0.129154,-0.561118,-0.560247
30.61,30.62,-0.70616,-0.706665,0.038635,0.038324,-0.490134,-0.48924
30.69,30.71,-0.706182,-0.707262,0.03711,0.037517,-0.487647,-0.488753
28.61,28.61,-0.078629,-0.079392,-0.710858,-0.711934,-0.512206,-0.514228
30.64,30.63,-0.606726,-0.621407,0.127027,0.126264,-0.550879,-0.550213
30.7,30.69,-0.692324,-0.693102,0.043656,0.041964,-0.488454,-0.488981
30.72,30.7,-0.707167,-0.706774,0.038115,0.037912,-0.488646,-0.488244
30.54,30.53,-0.707182,-0.70716,0.037598,0.03752,-0.487149,-0.488953
29.63,29.65,-0.705526,-0.706101,0.087423,0.08734,-0.482063,-0.483671
30.19,30.17,-0.702211,-0.703887,0.045151,0.045556,-0.491528,-0.49254
30.4,30.39,-0.603268,-0.618922,0.13154,0.130792,-0.551799,-0.552645
28.15,28.14,0.223125,0.221425,0.552779,0.550653,-0.558883,-0.556818
29.88,29.87,-0.716875,-0.706901,0.081918,0.08723,-0.484227,-0.483078
28.44,28.48,-0.051114,-0.233588,-0.661413,-0.645142,-0.676697,-0.57712
29.18,29.19,0.401786,0.40277,-0.618806,-0.618408,-0.548062,-0.547648
30.14,30.17,-0.704183,-0.702898,0.045156,0.045557,-0.492547,-0.492331
29.23,29.23,0.400758,0.400171,-0.619848,-0.619141,-0.544577,-0.545575
28.73,28.75,-0.253011,-0.251826,-0.466208,-0.467713,-0.673234,-0.672139
30.72,30.71,-0.708129,-0.7038,0.038141,0.039126,-0.491158,-0.488705
29.53,29.53,-0.724324,-0.692958,0.080875,0.091457,-0.482801,-0.481707
30.33,30.3,-0.726253,-0.723488,0.071897,0.072297,-0.48342,-0.48259
24.13,24.13,-0.449937,-0.449415,0.117205,0.116931,-0.555138,-0.55714
30.18,30.16,-0.704684,-0.703205,0.046152,0.045447,-0.49254,-0.491534
30.4,30.4,-0.622568,-0.622467,0.129497,0.128496,-0.553993,-0.553703
30.49,30.49,-0.619596,-0.619876,0.130006,0.129922,-0.553962,-0.555367
30.66,30.66,-0.607251,-0.610408,0.129002,0.127802,-0.549358,-0.5502
25.09,24.83,-0.902838,-0.285597,0.781481,0.972711,0.314471,0.23725
30.7,30.71,-0.707652,-0.707376,0.037122,0.037803,-0.489162,-0.487649
30.13,30.13,-0.706965,-0.705413,0.087465,0.087738,-0.486081,-0.48336
30.49,30.47,-0.70617,-0.70727,0.037122,0.037409,-0.488648,-0.488054
30.4,30.39,-0.704684,-0.705084,0.040636,0.041934,-0.490098,-0.490387
30.43,30.45,-0.613628,-0.62107,0.13105,0.129413,-0.555902,-0.554883
29.56,29.56,-0.709933,-0.706705,0.084954,0.087831,-0.485635,-0.48317
30.61,30.64,-0.705685,-0.70657,0.040121,0.038722,-0.489111,-0.489134
28.48,28.51,0.146543,0.147333,-0.939121,-0.938319,-0.580454,-0.580538
30.69,30.69,-0.706666,-0.705974,0.03712,0.037421,-0.488653,-0.488643
29.02,29.03,0.412277,0.409459,-0.622198,-0.619341,-0.553018,-0.550907
30.64,30.64,-0.708156,-0.706864,0.037612,0.038222,-0.48866,-0.489143
30.52,30.53,-0.618563,-0.618462,0.129049,0.129753,-0.556969,-0.557461
29.79,29.81,-0.707014,-0.706406,0.087417,0.088435,-0.482075,-0.483561
30.39,30.4,-0.629,-0.62394,0.126979,0.128003,-0.554078,-0.554724
30.37,30.38,-0.709414,-0.720028,0.082973,0.081124,-0.486655,-0.485566
30.27,30.28,-0.706022,-0.705621,0.088424,0.087226,-0.482556,-0.482366
30.24,30.21,-0.717848,-0.70998,0.082936,0.086111,-0.486227,-0.482216
28.98,29.0,0.66207,0.65978,-0.478906,-0.478222,-0.484111,-0.483723
30.22,30.23,-0.723476,-0.707171,0.038606,0.043928,-0.49329,-0.490884
30.61,30.63,-0.707683,-0.706366,0.039597,0.038527,-0.487632,-0.489435
30.12,30.13,-0.705508,-0.705707,0.087441,0.087239,-0.483565,-0.483469
30.09,30.07,-0.702227,-0.701901,0.05015,0.047973,-0.492474,-0.493798
29.13,29.14,0.39879,0.399772,-0.618336,-0.619546,-0.54658,-0.545183
30.39,30.4,-0.705663,-0.706064,0.040644,0.040538,-0.491108,-0.490712
30.4,30.39,-0.615651,-0.623944,0.130502,0.1281,-0.552419,-0.554422
30.64,30.62,-0.70666,-0.706578,0.038129,0.039516,-0.489643,-0.488825
30.43,30.44,-0.603751,-0.608419,0.132553,0.131525,-0.553295,-0.552245
30.52,30.51,-0.618567,-0.619367,0.128544,0.129537,-0.556474,-0.556369
30.57,30.58,-0.618079,-0.618659,0.130042,0.129453,-0.556453,-0.557466
30.43,30.43,-0.621064,-0.62216,0.127513,0.128707,-0.554504,-0.5546
30.45,30.44,-0.706174,-0.706767,0.041129,0.040828,-0.490106,-0.490114
30.68,30.66,-0.706657,-0.699638,0.03763,0.040243,-0.489648,-0.488957
28.35,28.36,0.142026,0.142232,-0.935683,-0.933368,-0.577449,-0.579124
29.04,29.04,0.393103,0.393691,-0.605551,-0.605456,-0.532961,-0.532454
30.48,30.48,-0.614067,-0.613376,0.131607,0.132107,-0.560908,-0.560796
30.28,30.29,-0.693292,-0.708351,0.047186,0.041726,-0.491929,-0.490718
30.72,30.71,-0.707678,-0.703795,0.037596,0.039031,-0.487153,-0.489107
30.34,30.35,-0.720018,-0.698573,0.037604,0.045435,-0.491768,-0.489089
30.46,30.46,-0.706687,-0.707263,0.0376,0.036914,-0.487145,-0.488359
30.46,30.46,-0.633945,-0.616408,0.127976,0.12903,-0.555612,-0.554747
30.31,30.34,-0.706523,-0.705325,0.088416,0.087326,-0.48206,-0.482262
30.48,30.47,-0.706172,-0.705687,0.038624,0.041021,-0.489132,-0.489301
30.61,30.61,-0.707143,-0.704683,0.038139,0.039433,-0.490649,-0.489611
28.97,28.97,0.632531,0.634822,-0.470777,-0.469855,-0.464241,-0.465512
29.66,29.69,-0.725768,-0.712742,0.082918,0.085814,-0.487298,-0.483345
30.07,30.08,-0.704017,-0.704816,0.087951,0.088144,-0.484047,-0.483751
28.43,28.45,0.215678,0.215784,0.551237,0.551244,-0.557462,-0.557962
30.34,30.37,-0.725333,-0.725089,0.081857,0.079998,-0.481797,-0.484821
30.31,30.31,-0.701563,-0.700485,0.086933,0.087426,-0.481533,-0.480716
30.37,30.38,-0.705665,-0.705575,0.042146,0.041737,-0.491592,-0.490695
30.46,30.46,-0.706184,-0.705284,0.039615,0.040528,-0.48862,-0.489604
30.63,30.64,-0.707156,-0.707555,0.03612,0.037521,-0.488668,-0.489157
30.48,30.51,-0.712576,-0.707633,0.036634,0.038745,-0.491715,-0.491448
30.51,30.5,-0.620071,-0.619568,0.129524,0.129733,-0.555474,-0.556169
30.49,30.5,-0.619064,-0.62036,0.130044,0.129632,-0.556962,-0.556277
30.1,30.07,-0.702219,-0.702309,0.047651,0.047459,-0.492001,-0.492705
29.06,29.05,0.418853,0.416954,-0.630568,-0.630188,-0.560068,-0.559079
30.48,30.47,-0.615059,-0.613774,0.130599,0.131703,-0.560427,-0.560504
30.69,30.68,-0.705222,-0.702794,0.040592,0.038844,-0.486597,-0.489802
30.48,30.5,-0.622586,-0.623151,0.124966,0.125395,-0.550539,-0.553244
30.07,30.08,-0.7027,-0.702706,0.047162,0.048359,-0.493012,-0.492999
30.63,30.65,-0.706683,-0.706567,0.039108,0.039126,-0.488129,-0.489531
29.53,29.5,-0.705039,-0.706693,0.088921,0.086839,-0.482041,-0.483682
30.69,30.67,-0.696755,-0.706477,0.040161,0.038315,-0.489534,-0.488437
29.21,29.21,0.400289,0.399587,-0.620325,-0.619633,-0.54659,-0.546287
30.49,30.48,-0.692332,-0.687479,0.045152,0.045968,-0.488437,-0.488286
28.68,28.64,-0.255541,-0.25314,-0.471282,-0.47075,-0.666802,-0.668778
30.63,30.61,-0.708645,-0.700723,0.03862,0.041147,-0.489655,-0.489858
30.52,30.52,-0.623058,-0.623849,0.124988,0.125088,-0.552546,-0.552752
30.1,30.11,-0.701714,-0.703101,0.048163,0.046655,-0.492992,-0.49242
30.55,30.54,-0.70619,-0.706963,0.038606,0.03742,-0.48763,-0.488852
29.66,29.69,-0.711468,-0.697212,0.085904,0.091149,-0.482131,-0.482349
30.58,30.6,-0.706655,-0.70667,0.036128,0.037818,-0.489165,-0.488645
30.4,30.4,-0.632937,-0.617618,0.125991,0.130009,-0.556127,-0.553544
29.6,29.58,-0.71343,-0.699779,0.085416,0.088844,-0.483656,-0.482297
30.52,30.5,-0.69482,-0.694007,0.044632,0.044154,-0.487463,-0.488864
29.2,29.19,0.400767,0.400959,-0.618335,-0.619443,-0.546062,-0.545071
30.64,30.65,-0.705192,-0.706269,0.039618,0.038626,-0.488612,-0.489333
30.49,30.53,-0.707649,-0.706582,0.036623,0.037005,-0.489168,-0.487351
30.31,27.06,-0.716886,0.077881,0.083913,1.446802,-0.484204,-3.686316
29.59,29.57,-0.70505,-0.712349,0.089912,0.085611,-0.481529,-0.482944
30.39,30.38,-0.621586,-0.622172,0.12899,0.128495,-0.552989,-0.553501
30.34,30.34,-0.690365,-0.698649,0.049155,0.044555,-0.488876,-0.490602
30.36,30.36,-0.622064,-0.622067,0.129006,0.1281,-0.554495,-0.553805
30.49,30.48,-0.688356,-0.692816,0.046681,0.044159,-0.489888,-0.488953
30.4,30.41,-0.705197,-0.705579,0.042623,0.040931,-0.489579,-0.490003
30.42,30.41,-0.706034,-0.705726,0.087409,0.08702,-0.481065,-0.481768
30.46,30.46,-0.704705,-0.705086,0.040113,0.040127,-0.488101,-0.489406
30.42,30.44,-0.638422,-0.617032,0.127442,0.130103,-0.554154,-0.552836
30.66,30.66,-0.706172,-0.70647,0.039627,0.038823,-0.489622,-0.489233
28.67,28.67,-0.076305,-0.077186,-0.732074,-0.730461,-0.530958,-0.532651
30.43,30.46,-0.70615,-0.705972,0.04015,0.040431,-0.491619,-0.490112
30.33,30.33,-0.701572,-0.700084,0.088429,0.088234,-0.481516,-0.481405
25.84,24.89,4.597926,-0.34546,2.908909,0.631447,-0.938974,0.335144
30.7,30.7,-0.708155,-0.707359,0.038616,0.038021,-0.489149,-0.489149
30.4,30.4,-0.705705,-0.705889,0.041605,0.041518,-0.488093,-0.489197
30.37,30.34,-0.714412,-0.711743,0.081411,0.083619,-0.482708,-0.482961
30.4,30.39,-0.623045,-0.621879,0.127007,0.128292,-0.554527,-0.553099
30.4,30.4,-0.706663,-0.70518,0.042136,0.041435,-0.4911,-0.490394
30.25,30.24,-0.721517,-0.710917,0.039593,0.042231,-0.491759,-0.492038
28.88,28.89,0.396169,0.486015,-0.664615,-0.601082,-0.51457,-0.509664
29.8,29.81,-0.706987,-0.705511,0.086942,0.087839,-0.484084,-0.48346
30.69,30.72,-0.706175,-0.700741,0.039122,0.039625,-0.489127,-0.487671
30.19,30.19,-0.703215,-0.703987,0.046139,0.044552,-0.491025,-0.492051
28.65,28.6,0.346869,0.356972,-0.55072,-0.554903,-0.62891,-0.61785
30.45,30.49,-0.706171,-0.70735,0.036118,0.036526,-0.488159,-0.489266
30.61,30.6,-0.70716,-0.70696,0.035615,0.036822,-0.488173,-0.488859
29.75,29.71,-0.717884,-0.711252,0.083904,0.08552,-0.483712,-0.483336
28.98,28.98,0.676596,0.676911,-0.487229,-0.487512,-0.492594,-0.493897
30.4,30.38,-0.606771,-0.618911,0.132999,0.130201,-0.549809,-0.553353
29.57,29.58,-0.698617,-0.702148,0.089924,0.088445,-0.480471,-0.483023
26.73,26.75,10.999967,11.036795,6.526831,6.514747,-10.766782,-10.854453
29.92,29.91,-0.719344,-0.713125,0.083423,0.085224,-0.485734,-0.484157
30.68,30.68,-0.709605,-0.707834,0.036141,0.037137,-0.491194,-0.490466
29.2,29.19,0.400728,0.399871,-0.618875,-0.619546,-0.542562,-0.545182
23.98,24.03,-0.445033,-0.444026,0.13171,0.128119,-0.556934,-0.556665
28.73,28.73,-0.256498,-0.255333,-0.468744,-0.470268,-0.670789,-0.668091
29.18,29.17,0.399265,0.399274,-0.618857,-0.619149,-0.544579,-0.545183
30.51,30.51,-0.723981,-0.712204,0.033581,0.038015,-0.490346,-0.490293
29.5,29.49,-0.707479,-0.706996,0.087445,0.086732,-0.484583,-0.483185
30.49,30.5,-0.619059,-0.619568,0.129047,0.129834,-0.556973,-0.556268
30.36,30.35,-0.694657,-0.696306,0.089933,0.08876,-0.479936,-0.482468
28.92,28.93,0.124171,0.249316,-0.571752,-0.622262,-0.77784,-0.583486
29.51,29.52,-0.714378,-0.707798,0.081945,0.087122,-0.485707,-0.482687
30.36,30.33,-0.695135,-0.698693,0.089949,0.088543,-0.481442,-0.48179
29.96,29.97,-0.705003,-0.705809,0.08695,0.088138,-0.484067,-0.48356
28.52,28.49,0.184802,0.190668,0.573048,0.569776,-0.555981,-0.555767
30.66,30.64,-0.707169,-0.706274,0.039617,0.039422,-0.48913,-0.489224
30.48,30.46,-0.707159,-0.70726,0.036619,0.036717,-0.488663,-0.488562
30.33,30.34,-0.700271,-0.704587,0.045117,0.043241,-0.488005,-0.49107
30.12,30.13,-0.705492,-0.705413,0.087957,0.087237,-0.485061,-0.483166
30.28,30.3,-0.721503,-0.702113,0.0371,0.044349,-0.491787,-0.491136
28.92,28.92,0.298262,0.298761,-0.638654,-0.640656,-0.548184,-0.547502
30.66,30.63,-0.707184,-0.706766,0.040104,0.038823,-0.488122,-0.489336
30.4,30.4,-0.706658,-0.705778,0.041139,0.041832,-0.491111,-0.490395
28.59,28.61,0.143186,0.143383,-0.664704,-0.664504,-0.546821,-0.546817
23.86,24.08,1.750455,1.581209,1.458572,1.455056,-0.191253,-0.151591
28.57,28.58,-0.078404,-0.078505,-0.728686,-0.728488,-0.522924,-0.522823
30.22,30.22,-0.700604,-0.704221,0.089412,0.087043,-0.479994,-0.483258
30.7,30.71,-0.69233,-0.691631,0.04365,0.042956,-0.487953,-0.488055
29.66,29.68,-0.694597,-0.70672,0.088989,0.087715,-0.484454,-0.481869
30.39,30.38,-0.726748,-0.721612,0.078414,0.080017,-0.486356,-0.485291
30.37,30.38,-0.686874,-0.711499,0.047684,0.039633,-0.489864,-0.491872
30.42,30.43,-0.705155,-0.705778,0.040658,0.040628,-0.492106,-0.489808
30.43,30.46,-0.704688,-0.705872,0.039128,0.03973,-0.489114,-0.489818
28.61,28.61,-0.080157,-0.079831,-0.707896,-0.710172,-0.510182,-0.511507
28.41,28.41,0.136069,0.136184,-0.933206,-0.933691,-0.577974,-0.57908
30.49,30.49,-0.707655,-0.70747,0.036617,0.037006,-0.488667,-0.487759
29.69,29.67,-0.720371,-0.703448,0.084387,0.088329,-0.483227,-0.482134
29.2,29.19,0.389121,0.390667,-0.606083,-0.609228,-0.531499,-0.534927
28.65,28.67,-0.25706,-0.256449,-0.477836,-0.477216,-0.66138,-0.66297
30.63,30.64,-0.705703,-0.706765,0.0391,0.038924,-0.487119,-0.489434
30.64,30.64,-0.706665,-0.706664,0.039126,0.038726,-0.489632,-0.489536
29.79,29.79,-0.705517,-0.706208,0.087934,0.087633,-0.483058,-0.483168
30.7,30.71,-0.707175,-0.70055,0.039611,0.040421,-0.488629,-0.48746
30.55,30.55,-0.612622,-0.617969,0.131571,0.130554,-0.55739,-0.557548
30.27,30.29,-0.705043,-0.705525,0.087413,0.088026,-0.481056,-0.482456
30.37,30.36,-0.709447,-0.721937,0.083442,0.081193,-0.484145,-0.483578
29.2,29.19,0.400254,0.400577,-0.617351,-0.61943,-0.545053,-0.546276
30.33,30.3,-0.710102,-0.712178,0.039648,0.039044,-0.492661,-0.492886
28.44,28.47,-0.10249,-0.129198,-0.534556,-0.511932,-0.707261,-0.730978
30.68,30.7,-0.719495,-0.716039,0.032619,0.034523,-0.49182,-0.491468
29.6,29.62,-0.706995,-0.706201,0.087435,0.087338,-0.483578,-0.483572
30.72,30.69,-0.715552,-0.716737,0.034616,0.033714,-0.490762,-0.490782
28.88,28.86,0.321321,0.320105,-0.667388,-0.665913,-0.515252,-0.513843
30.48,30.5,-0.695278,-0.706357,0.042161,0.038536,-0.489498,-0.490236
28.76,28.76,0.142206,0.14268,-0.665699,-0.665118,-0.547342,-0.545728
30.68,30.68,-0.694766,-0.704411,0.039171,0.040011,-0.489528,-0.487799
30.49,30.5,-0.62695,-0.603125,0.128056,0.132788,-0.560058,-0.555991
29.89,29.87,-0.701987,-0.710446,0.085999,0.086238,-0.487056,-0.484723
29.83,29.81,-0.706003,-0.706204,0.088442,0.088339,-0.484059,-0.483861
30.64,30.63,-0.707662,-0.70716,0.04012,0.039025,-0.489629,-0.489637
28.97,28.96,0.439391,0.449364,-0.584694,-0.565246,-0.720152,-0.733269
30.48,30.49,-0.621045,-0.619371,0.129538,0.129532,-0.556985,-0.555969
29.2,29.2,0.398279,0.400184,-0.618855,-0.619628,-0.545088,-0.546483
30.52,30.55,-0.620059,-0.619259,0.129536,0.129246,-0.556476,-0.556972
30.45,30.45,-0.626956,-0.616199,0.127046,0.129543,-0.559068,-0.555841
30.51,30.5,-0.622582,-0.623757,0.126474,0.12468,-0.551523,-0.551955
30.64,30.66,-0.70668,-0.706957,0.039613,0.037325,-0.488625,-0.489254
30.49,30.5,-0.618555,-0.619959,0.128556,0.129337,-0.557475,-0.556477
30.6,30.62,-0.70766,-0.70716,0.037614,0.03722,-0.488656,-0.488856
30.34,30.34,-0.623561,-0.622569,0.127486,0.127992,-0.553023,-0.553309
28.29,28.33,0.141027,0.142322,-0.932184,-0.933777,-0.57842,-0.578226
30.7,30.7,-0.61174,-0.622372,0.12946,0.125986,-0.547388,-0.552328
30.49,30.5,-0.715552,-0.710716,0.034616,0.03712,-0.490762,-0.48999
30.4,30.4,-0.623041,-0.62217,0.128515,0.129199,-0.555511,-0.553993
30.43,30.41,-0.705691,-0.705277,0.040115,0.041036,-0.48861,-0.490399
30.09,30.08,-0.701217,-0.702094,0.049169,0.04868,-0.493478,-0.494593
30.7,30.72,-0.68986,-0.694397,0.043149,0.041351,-0.486936,-0.488198
30.48,30.49,-0.62158,-0.623253,0.124483,0.125192,-0.551537,-0.552946
30.55,30.58,-0.622052,-0.623853,0.124505,0.124683,-0.553545,-0.552256
29.86,29.86,-0.713424,-0.703342,0.084419,0.088437,-0.483668,-0.482733
30.52,30.49,-0.707673,-0.707066,0.036599,0.037015,-0.487165,-0.488357
30.45,30.44,-0.622539,-0.621968,0.12752,0.129103,-0.555518,-0.554293
29.54,29.55,-0.725282,-0.704935,0.082409,0.088525,-0.486298,-0.482245
30.61,30.61,-0.707684,-0.707077,0.038594,0.037505,-0.487142,-0.48765
28.65,28.65,-0.557233,-0.559367,-0.419966,-0.418419,-0.507558,-0.504053
28.56,28.53,-0.347217,-0.278813,-0.598925,-0.583457,-0.574378,-0.636619
30.68,30.69,-0.69178,-0.702194,0.042703,0.039051,-0.491966,-0.490295
30.22,30.22,-0.704071,-0.71205,0.0889,0.085714,-0.480029,-0.48304
26.96,28.48,8.264286,2.084818,4.563337,0.559387,-4.618927,-1.478377
28.89,28.89,0.379368,0.373974,-0.564909,-0.556948,-0.767532,-0.776004
30.34,30.33,-0.706023,-0.707392,0.086417,0.085728,-0.481577,-0.482799
30.05,30.09,-0.700715,-0.701407,0.05018,0.048274,-0.494464,-0.49379
30.48,30.49,-0.622039,-0.620251,0.130033,0.129642,-0.556988,-0.557077
30.42,30.41,-0.706219,-0.704887,0.041586,0.041332,-0.486595,-0.489992
30.45,30.44,-0.618646,-0.627787,0.131975,0.127608,-0.551427,-0.556264
30.72,30.7,-0.706671,-0.707248,0.038117,0.037331,-0.488642,-0.489857
30.57,30.57,-0.63243,-0.607344,0.12851,0.129606,-0.558097,-0.558268
30.43,30.44,-0.622084,-0.622173,0.13049,0.129095,-0.553477,-0.553694
29.92,29.94,-0.690705,-0.70442,0.091438,0.088445,-0.479384,-0.483744
30.48,30.5,-0.706626,-0.711397,0.03766,0.03723,-0.492152,-0.491097
29.21,29.21,0.39977,0.399072,-0.618344,-0.618752,-0.54557,-0.54508
23.86,23.49,-0.314374,-0.364553,0.068219,0.066812,0.84043,0.808323
30.58,30.59,-0.707159,-0.707851,0.036619,0.03712,-0.488663,-0.489064
28.61,28.61,-0.072833,-0.073353,-0.724539,-0.723863,-0.534349,-0.532643
30.43,30.44,-0.622067,-0.621865,0.129504,0.129809,-0.55449,-0.554885
30.19,30.18,-0.703686,-0.703992,0.046161,0.04545,-0.493032,-0.492041
30.16,30.16,-0.704191,-0.703902,0.045649,0.046243,-0.492041,-0.491631
30.4,30.41,-0.622069,-0.621972,0.130003,0.128597,-0.554484,-0.553698
30.69,30.69,-0.707658,-0.707263,0.037116,0.037717,-0.488661,-0.488751
30.66,30.67,-0.701689,-0.70725,0.039162,0.037329,-0.491091,-0.489657
30.72,30.72,-0.706179,-0.693807,0.037614,0.042752,-0.488142,-0.488377
30.64,30.65,-0.707181,-0.707159,0.039605,0.038625,-0.488128,-0.489541
30.37,30.36,-0.695754,-0.707062,0.045187,0.04123,-0.492473,-0.490513
30.69,30.69,-0.699195,-0.710795,0.038685,0.035133,-0.492076,-0.490714
30.64,30.61,-0.707152,-0.703399,0.037628,0.040035,-0.489653,-0.489493
28.64,28.64,-0.078476,-0.079648,-0.71873,-0.72002,-0.521309,-0.522236
30.46,30.5,-0.619062,-0.619073,0.128542,0.129835,-0.556478,-0.556163
30.57,30.6,-0.707176,-0.707062,0.038608,0.037921,-0.488139,-0.489048
28.64,25.66,-0.129381,1.421017,0.657251,1.43209,-0.607844,-0.302203
29.96,29.98,-0.704511,-0.705616,0.087451,0.087933,-0.484057,-0.483059
28.76,28.76,0.142698,0.142878,-0.666202,-0.663613,-0.546843,-0.546411
30.46,30.46,-0.636421,-0.617202,0.128471,0.129829,-0.556129,-0.555045
30.25,30.29,-0.686905,-0.71211,0.051163,0.04142,-0.488823,-0.491356
30.72,30.71,-0.707658,-0.707261,0.036112,0.037318,-0.488172,-0.488756
30.69,30.68,-0.719015,-0.715052,0.033107,0.033319,-0.490809,-0.490572
30.39,30.36,-0.701029,-0.714004,0.085469,0.083027,-0.484049,-0.48429
30.09,30.09,-0.701199,-0.702201,0.049186,0.04847,-0.49498,-0.493795
29.56,29.57,-0.704531,-0.706314,0.088935,0.087325,-0.483038,-0.482471
30.49,30.48,-0.620546,-0.620359,0.129041,0.129532,-0.556986,-0.556278
28.97,28.98,0.471074,0.474918,-0.557045,-0.554246,-0.728078,-0.727312
29.84,29.84,-0.705494,-0.705806,0.085951,0.087339,-0.484082,-0.483468
30.34,30.35,-0.717032,-0.713304,0.036624,0.04071,-0.492254,-0.490773
29.48,29.5,-0.706036,-0.713233,0.088911,0.086217,-0.481549,-0.483846
30.49,30.51,-0.723501,-0.70105,0.033067,0.041718,-0.488845,-0.48765
30.7,30.71,-0.706149,-0.707263,0.036641,0.038419,-0.490156,-0.489044
30.46,30.46,-0.620071,-0.619763,0.129524,0.129335,-0.555474,-0.556275
29.65,29.64,-0.686191,-0.707405,0.093011,0.087522,-0.484335,-0.482578
29.18,29.19,0.402765,0.402572,-0.619817,-0.618408,-0.546562,-0.54765
30.4,30.41,-0.704686,-0.705674,0.042138,0.040834,-0.490582,-0.490305
30.43,30.43,-0.621046,-0.62167,0.127531,0.129005,-0.556006,-0.554292
30.45,30.45,-0.705706,-0.706172,0.040602,0.039927,-0.487603,-0.489719
30.69,30.7,-0.715036,-0.714657,0.033134,0.034322,-0.491776,-0.490857
29.81,29.8,-0.706488,-0.70641,0.087449,0.087829,-0.484575,-0.482967
29.46,29.52,-0.705511,-0.707004,0.08794,0.088128,-0.483559,-0.483169
30.37,30.39,-0.603776,-0.629194,0.131526,0.128687,-0.550802,-0.555162
30.3,30.29,-0.705037,-0.705616,0.086415,0.087432,-0.481068,-0.482865
28.5,28.5,0.323647,0.313453,-0.52967,-0.539115,-0.644902,-0.642493
29.18,29.17,0.398279,0.398968,-0.618855,-0.618958,-0.545088,-0.544582
30.72,30.69,-0.707167,-0.707361,0.038115,0.037817,-0.488646,-0.488851
24.5,24.42,0.703779,0.82919,1.081081,1.17388,0.134474,0.072201
29.79,29.8,-0.706016,-0.70481,0.087427,0.087548,-0.482568,-0.483958
30.36,30.36,-0.718067,-0.700935,0.040087,0.04384,-0.490221,-0.489929
30.28,30.29,-0.720039,-0.704098,0.038085,0.044239,-0.490261,-0.490954
30.58,30.61,-0.708168,-0.707072,0.037601,0.037108,-0.487658,-0.487855
28.59,28.59,-0.157016,-0.159626,0.674335,0.674594,-0.585351,-0.582866
30.36,30.36,-0.720375,-0.722629,0.082879,0.080591,-0.482243,-0.48349
30.34,30.34,-0.694607,-0.703733,0.087476,0.087037,-0.482969,-0.482552
28.68,28.67,0.144662,0.181562,-0.662704,-0.759439,-0.546786,-0.554072
28.77,28.77,0.14169,0.14277,-0.66522,-0.663522,-0.545838,-0.54571
30.46,30.49,-0.621058,-0.620374,0.128522,0.129417,-0.555494,-0.554977
30.7,30.71,-0.690873,-0.694487,0.043626,0.041259,-0.485436,-0.488901
26.99,27.65,4.934818,-0.353563,0.990597,0.078918,-3.181174,-0.643189
30.31,30.31,-0.726229,-0.722384,0.069914,0.072414,-0.484444,-0.483681
29.92,29.91,-0.696641,-0.710663,0.092431,0.086921,-0.480927,-0.483515
30.48,30.49,-0.705174,-0.705576,0.039636,0.040632,-0.490114,-0.490106
30.69,30.7,-0.714593,-0.71042,0.036092,0.036317,-0.488733,-0.489496
28.68,28.67,-0.071508,-0.071894,-0.762311,-0.762202,-0.545284,-0.546188
30.4,30.35,-0.698075,-0.700955,0.086964,0.087049,-0.483005,-0.482728
28.64,28.64,-0.070551,-0.071238,-0.759333,-0.759229,-0.543739,-0.544345
28.17,28.19,0.219663,0.219361,0.552274,0.552167,-0.55942,-0.558922
30.37,30.33,-0.712446,-0.706399,0.082404,0.085132,-0.481678,-0.482697
30.54,30.52,-0.620567,-0.619755,0.129522,0.129343,-0.555478,-0.556976
30.48,30.48,-0.623562,-0.623551,0.126483,0.125591,-0.552534,-0.553045
29.88,29.86,-0.684265,-0.705915,0.093463,0.08773,-0.479806,-0.482864
30.13,30.11,-0.705038,-0.705602,0.089924,0.087847,-0.482531,-0.484162
28.62,28.62,-0.07906,-0.078161,-0.71932,-0.71911,-0.513808,-0.514399
30.48,30.48,-0.707658,-0.707269,0.037116,0.03721,-0.488661,-0.488056
29.2,29.2,0.40175,0.399974,-0.618842,-0.619039,-0.545058,-0.545777
30.34,30.36,-0.722852,-0.725803,0.081367,0.080076,-0.481781,-0.483223
29.18,29.18,0.399288,0.399969,-0.62084,-0.619145,-0.545603,-0.545277
29.88,29.89,-0.716838,-0.702842,0.082957,0.088142,-0.487721,-0.482932
30.13,30.09,-0.705194,-0.703093,0.046636,0.047465,-0.491538,-0.493413
30.57,30.55,-0.707678,-0.707457,0.037596,0.037219,-0.487153,-0.488859
28.61,28.58,-0.680365,-0.687129,-0.449592,-0.457952,-0.194913,-0.156799
28.5,28.5,0.155787,0.155987,-0.884093,-0.883991,-0.549197,-0.549294
30.39,30.41,-0.706669,-0.705575,0.04213,0.041135,-0.490599,-0.490401
30.42,30.42,-0.622059,-0.622861,0.128008,0.128598,-0.554507,-0.554006
30.61,30.62,-0.705683,-0.707548,0.037616,0.038129,-0.488137,-0.489951
27.68,25.88,-0.112384,-0.153809,0.854696,0.436929,-0.092561,-0.123999
29.69,29.67,-0.709425,-0.700966,0.083965,0.089545,-0.486142,-0.4829
30.33,30.34,-0.706004,-0.70592,0.087439,0.087123,-0.483569,-0.482169
30.37,30.36,-0.71905,-0.716169,0.038587,0.038303,-0.490246,-0.490625
30.48,30.48,-0.61905,-0.620443,0.129558,0.129146,-0.557969,-0.557385
30.55,30.55,-0.706681,-0.707558,0.037606,0.037618,-0.487645,-0.488955
29.68,29.7,-0.699069,-0.703524,0.088462,0.08775,-0.483497,-0.483744
30.52,30.52,-0.618563,-0.618272,0.129049,0.130247,-0.556969,-0.556953
28.61,28.62,-0.077611,-0.078288,-0.717848,-0.717232,-0.511274,-0.512976
30.61,30.62,-0.706654,-0.706682,0.037132,0.039209,-0.489654,-0.488229
30.4,30.41,-0.605245,-0.617718,0.131538,0.129707,-0.552317,-0.553348
28.94,28.93,0.300251,0.299746,-0.639644,-0.640257,-0.548178,-0.547188
30.69,30.68,-0.720488,-0.717718,0.031612,0.033521,-0.491339,-0.491594
30.54,30.54,-0.617549,-0.618066,0.131582,0.129554,-0.559937,-0.557359
29.6,29.59,-0.705998,-0.705516,0.087445,0.088034,-0.48407,-0.483157
28.53,28.54,0.147526,0.146651,-0.937622,-0.937909,-0.580429,-0.581742
28.59,28.59,-0.159991,-0.159621,0.67332,0.673897,-0.584887,-0.582974
30.27,30.26,-0.720015,-0.702329,0.039112,0.044932,-0.492753,-0.489929
30.68,30.68,-0.706674,-0.70658,0.038616,0.03821,-0.488636,-0.488039
30.46,30.48,-0.619071,-0.617292,0.129035,0.129236,-0.555972,-0.555553
30.61,30.63,-0.622578,-0.623659,0.12347,0.125582,-0.550556,-0.552344
30.58,30.58,-0.707685,-0.707457,0.037591,0.037419,-0.486652,-0.488957
28.97,28.96,0.43883,0.44282,-0.578242,-0.569883,-0.717579,-0.731375
30.36,30.36,-0.706034,-0.706019,0.088412,0.086922,-0.481555,-0.482073
30.34,30.34,-0.706496,-0.705431,0.087942,0.087419,-0.484068,-0.481761
30.36,30.36,-0.715385,-0.707488,0.081425,0.084929,-0.48422,-0.482709
30.51,30.51,-0.706161,-0.70766,0.036629,0.036712,-0.489155,-0.488265
30.72,30.71,-0.704709,-0.703493,0.039608,0.038736,-0.487606,-0.489308
30.31,30.27,-0.706652,-0.701812,0.040142,0.044454,-0.491122,-0.491433
30.24,30.21,-0.716372,-0.714023,0.082929,0.084413,-0.485213,-0.483372
30.63,30.65,-0.706184,-0.706473,0.039615,0.038519,-0.48862,-0.488836
30.72,30.71,-0.691336,-0.691921,0.043155,0.042461,-0.48795,-0.488464
29.04,29.04,0.407751,0.407065,-0.622779,-0.621972,-0.547554,-0.548553
29.51,29.5,-0.707958,-0.706307,0.086458,0.087833,-0.4856,-0.483267
30.57,30.59,-0.707672,-0.707462,0.038606,0.037214,-0.488143,-0.488458
30.49,30.47,-0.708662,-0.706871,0.036097,0.036811,-0.487179,-0.487957
30.69,30.69,-0.721523,-0.709243,0.034072,0.037813,-0.488816,-0.489068
28.95,28.94,0.297801,0.297767,-0.640627,-0.64036,-0.550214,-0.547507
30.69,30.7,-0.69477,-0.696154,0.042175,0.040871,-0.490495,-0.490322
30.64,30.62,-0.707173,-0.706879,0.038109,0.036904,-0.488145,-0.487355
30.57,30.59,-0.709201,-0.707584,0.039562,0.039799,-0.485141,-0.487729
30.64,30.64,-0.608738,-0.617041,0.128996,0.127487,-0.549371,-0.550963
30.58,30.59,-0.707639,-0.70756,0.037134,0.037716,-0.490164,-0.488754
30.43,30.46,-0.612124,-0.62372,0.129067,0.128326,-0.556412,-0.556621
30.6,30.59,-0.706677,-0.707461,0.039114,0.037416,-0.48863,-0.488656
30.3,30.3,-0.716595,-0.706871,0.040579,0.043329,-0.489201,-0.490788
29.2,29.2,0.40178,0.401274,-0.617808,-0.619024,-0.548051,-0.546667
28.56,28.54,0.142694,0.142869,-0.664201,-0.664323,-0.547321,-0.545417
30.34,30.36,-0.694311,-0.693714,0.046653,0.045555,-0.489439,-0.489146
29.68,29.63,-0.706019,-0.706293,0.087925,0.087045,-0.482562,-0.484077
30.48,30.5,-0.708116,-0.708342,0.039156,0.038627,-0.492649,-0.490153
30.7,30.68,-0.707637,-0.707461,0.036635,0.037716,-0.490169,-0.488753
28.5,28.51,0.140571,0.140866,-0.936158,-0.935958,-0.579972,-0.579867
28.95,28.95,0.295785,0.296966,-0.640166,-0.63977,-0.547722,-0.547107
30.48,30.51,-0.690821,-0.69212,0.044178,0.044365,-0.489938,-0.489246
30.21,30.2,-0.702686,-0.703398,0.045672,0.044548,-0.49353,-0.491545
30.7,30.7,-0.717025,-0.715555,0.034124,0.034213,-0.491782,-0.490366
30.43,30.46,-0.706141,-0.706089,0.039657,0.040213,-0.492126,-0.488513
30.69,30.69,-0.723982,-0.722001,0.031575,0.033185,-0.489367,-0.489932
30.49,30.48,-0.706179,-0.706867,0.037614,0.037117,-0.488142,-0.488454
29.81,29.82,-0.706992,-0.702245,0.08794,0.088948,-0.484073,-0.483419
30.42,30.4,-0.705657,-0.705276,0.04065,0.040737,-0.491609,-0.490403
23.07,28.96,-0.341014,0.433323,-0.632721,-0.579324,-0.498574,-0.72906
30.54,30.53,-0.712583,-0.704187,0.036628,0.040639,-0.491214,-0.490194
30.46,30.46,-0.619081,-0.621352,0.128524,0.128424,-0.554976,-0.555698
30.52,30.52,-0.713076,-0.702504,0.036128,0.03974,-0.491224,-0.489588
30.63,30.63,-0.706193,-0.706663,0.039104,0.038727,-0.487624,-0.489636
30.51,30.51,-0.623557,-0.623349,0.124482,0.124894,-0.552055,-0.553051
30.34,30.35,-0.710954,-0.708179,0.084921,0.084228,-0.48314,-0.482723
30.55,30.57,-0.704215,-0.698455,0.041112,0.041945,-0.488085,-0.489128
29.2,29.18,0.401764,0.402174,-0.620332,-0.619313,-0.545575,-0.547163
30.42,30.42,-0.706007,-0.706329,0.086934,0.088012,-0.483074,-0.481562
30.57,30.58,-0.690809,-0.697767,0.04419,0.041942,-0.490939,-0.488621
30.1,30.11,-0.702714,-0.702302,0.048652,0.047666,-0.492495,-0.493304
22.71,22.73,-0.45858,-0.457896,0.085861,0.087057,-0.564584,-0.564264
30.55,30.55,-0.698297,-0.700037,0.04361,0.041442,-0.486503,-0.489247
30.63,30.63,-0.705184,-0.706974,0.039126,0.038513,-0.489118,-0.488439
30.49,30.51,-0.706686,-0.707456,0.038604,0.036719,-0.487634,-0.488764
30.31,30.31,-0.72875,-0.721611,0.069863,0.072598,-0.480961,-0.48217
30.63,30.64,-0.707158,-0.706864,0.037622,0.038523,-0.489152,-0.48934
28.92,28.91,0.307961,0.305826,-0.656393,-0.652643,-0.563328,-0.560599
30.49,30.5,-0.689359,-0.696285,0.046666,0.042945,-0.488895,-0.488597
28.56,28.56,-0.068879,-0.068179,-0.724536,-0.724126,-0.533313,-0.534003
28.26,28.29,0.217667,0.216778,0.550247,0.549144,-0.557456,-0.557276
28.52,28.49,-0.263441,-0.229129,-0.765524,-0.814735,-0.295046,-0.289695
30.48,30.48,-0.706678,-0.707366,0.038111,0.037312,-0.488141,-0.488256
29.54,29.56,-0.724801,-0.69749,0.082898,0.089463,-0.485286,-0.483272
22.24,22.24,-0.69444,-0.7077,0.033771,0.00927,0.42652,0.402185
30.46,30.46,-0.706164,-0.707157,0.038131,0.036721,-0.489639,-0.488862
30.13,30.13,-0.703197,-0.703298,0.045154,0.045954,-0.492038,-0.49223
29.07,29.08,0.423442,0.421929,-0.634938,-0.634567,-0.568593,-0.566698
30.19,30.21,-0.704572,-0.701851,0.090899,0.088546,-0.480512,-0.483019
28.65,28.49,-0.09218,-0.135172,-0.362598,-0.514486,-0.65163,-0.727854
30.61,30.61,-0.624018,-0.621562,0.122509,0.123799,-0.554085,-0.552747
30.12,30.1,-0.702694,-0.702994,0.047168,0.046964,-0.493513,-0.493218
30.58,30.58,-0.706182,-0.706568,0.038113,0.037218,-0.488136,-0.48855
30.34,30.34,-0.622049,-0.622267,0.129522,0.127997,-0.555992,-0.553607
29.74,29.74,-0.705531,-0.705712,0.089423,0.087736,-0.482541,-0.483262
30.7,30.7,-0.715045,-0.715544,0.032624,0.033923,-0.49078,-0.49117
30.36,30.37,-0.686892,-0.695005,0.04867,0.046249,-0.488851,-0.489249
28.52,28.52,0.143652,0.142781,-0.663729,-0.664012,-0.544802,-0.546416
30.34,30.33,-0.687399,-0.702124,0.049659,0.043736,-0.488343,-0.489941
30.33,30.32,-0.705517,-0.705615,0.08693,0.087032,-0.482569,-0.482769
30.57,30.59,-0.70666,-0.706867,0.037126,0.037417,-0.489153,-0.488551
28.5,28.49,0.142676,0.142185,-0.664219,-0.664417,-0.545819,-0.546125
30.64,30.68,-0.70617,-0.701722,0.038125,0.040333,-0.489138,-0.488874
29.02,29.02,0.412791,0.411376,-0.622178,-0.621206,-0.554516,-0.552814
29.54,29.54,-0.707497,-0.706599,0.087427,0.087336,-0.483081,-0.483475
30.49,30.46,-0.704203,-0.705697,0.040121,0.039909,-0.488597,-0.488012
30.39,30.4,-0.706152,-0.705677,0.041652,0.041934,-0.492103,-0.490493
30.46,30.46,-0.615575,-0.61487,0.132082,0.131292,-0.559413,-0.559917
30.46,30.46,-0.620573,-0.620662,0.130519,0.129225,-0.555467,-0.555683
28.59,28.58,0.142655,0.143376,-0.663738,-0.66381,-0.544311,-0.546509
30.28,30.29,-0.691322,-0.698065,0.05069,0.046552,-0.492373,-0.490575
30.28,30.29,-0.687393,-0.704492,0.049665,0.043638,-0.488844,-0.490864
28.83,28.83,-0.237672,-0.238964,-0.496264,-0.494267,-0.657413,-0.658003
30.51,30.51,-0.623529,-0.617337,0.130526,0.129891,-0.556995,-0.560355
29.46,29.48,-0.708485,-0.706794,0.087928,0.08804,-0.483585,-0.48407
30.52,30.52,-0.617565,-0.618158,0.130062,0.130162,-0.557951,-0.558155
30.73,30.71,-0.689338,-0.700333,0.041673,0.04034,-0.488451,-0.488962
29.16,29.18,0.399274,0.400462,-0.618346,-0.619346,-0.545574,-0.544974
29.11,29.11,0.398282,0.399075,-0.61835,-0.61915,-0.545583,-0.545184
28.56,28.54,0.142682,0.142871,-0.664213,-0.66402,-0.546319,-0.545714
30.46,30.44,-0.706168,-0.705873,0.040132,0.039228,-0.490117,-0.489523
30.34,30.35,-0.721994,-0.713685,0.035097,0.03932,-0.491313,-0.491393
28.95,28.95,0.29626,0.296771,-0.639683,-0.639566,-0.54621,-0.547507
30.46,30.46,-0.621081,-0.62026,0.129502,0.129533,-0.55398,-0.556277
30.48,30.47,-0.618077,-0.620362,0.12854,0.129329,-0.555969,-0.55598
29.66,29.66,-0.707958,-0.691366,0.085454,0.092171,-0.485111,-0.482487
30.72,30.72,-0.690366,-0.689854,0.042637,0.042855,-0.485944,-0.48734
30.51,30.49,-0.706638,-0.704983,0.038652,0.040733,-0.49164,-0.49
29.2,29.2,0.400237,0.400131,-0.615362,-0.614366,-0.54453,-0.54442
29.75,29.73,-0.706989,-0.705709,0.088444,0.087337,-0.484568,-0.483267
30.33,30.35,-0.713944,-0.722948,0.084393,0.08137,-0.481669,-0.482082
28.89,28.88,-0.165383,-0.127852,-0.716177,-0.682085,-0.470445,-0.464624
30.49,30.49,-0.693776,-0.713476,0.04168,0.036123,-0.490493,-0.490927
28.98,28.98,0.676605,0.676414,-0.487722,-0.486913,-0.493101,-0.494095
24.78,24.52,0.502737,0.172408,0.860507,0.88867,0.372654,0.221243
28.73,28.74,0.14318,0.143157,-0.66471,-0.662427,-0.54632,-0.545393
28.56,28.5,-0.274669,-0.313858,-0.76695,-0.75617,-0.47247,-0.418493
28.76,28.74,0.145672,0.144661,-0.663686,-0.66451,-0.54779,-0.545905
29.56,29.59,-0.725781,-0.69751,0.081903,0.090446,-0.485807,-0.482059
28.48,28.5,0.14056,0.140769,-0.934163,-0.936057,-0.579949,-0.579969
30.66,30.69,-0.719522,-0.716243,0.034097,0.033815,-0.490301,-0.490676
29.6,29.64,-0.706984,-0.706098,0.087447,0.087243,-0.484579,-0.483873
28.59,28.57,-0.065405,-0.065989,-0.723015,-0.72431,-0.534267,-0.534588
28.67,28.65,0.143183,0.143581,-0.664206,-0.664203,-0.546816,-0.546912
30.7,30.68,-0.707139,-0.706648,0.035135,0.037639,-0.489681,-0.490349
30.33,30.29,-0.721993,-0.704789,0.036101,0.043036,-0.491803,-0.490673
30.43,30.47,-0.70764,-0.707063,0.03613,0.03782,-0.489674,-0.488949
28.88,29.0,0.321606,0.581748,-0.674125,-0.513914,-0.535861,-0.485506
28.64,28.62,-0.072089,-0.071526,-0.754376,-0.752599,-0.541693,-0.539865
30.45,30.42,-0.621595,-0.622273,0.129483,0.126888,-0.552482,-0.552618
30.24,30.21,-0.723821,-0.70563,0.08289,0.08802,-0.484276,-0.481956
29.53,29.53,-0.718887,-0.703029,0.083888,0.088052,-0.482719,-0.483837
30.72,30.71,-0.707663,-0.707068,0.039116,0.038014,-0.48914,-0.488546
30.46,30.47,-0.707628,-0.707273,0.037146,0.037406,-0.491165,-0.487753
25.63,25.72,-1.681426,-0.420277,-1.217335,0.1241,0.834029,0.25081
30.04,30.05,-0.701713,-0.702198,0.049167,0.047371,-0.493482,-0.493607
30.69,30.68,-0.716047,-0.705264,0.032109,0.038141,-0.489793,-0.490232
28.95,28.95,0.29578,0.297262,-0.639169,-0.63967,-0.547711,-0.547003
30.57,30.55,-0.623574,-0.622964,0.126471,0.125786,-0.551532,-0.552436
30.37,30.36,-0.713062,-0.697958,0.038147,0.044254,-0.493205,-0.490199
30.34,30.36,-0.724966,-0.719411,0.034587,0.037518,-0.491345,-0.492766
28.43,28.55,0.302389,0.302047,-0.54423,-0.547986,-0.643749,-0.638385
29.8,29.79,-0.705009,-0.705906,0.087947,0.087639,-0.484055,-0.483566
29.11,29.11,0.382592,0.381796,-0.600675,-0.601082,-0.526987,-0.526597
30.49,30.51,-0.704216,-0.705596,0.040109,0.040814,-0.487596,-0.488602
30.34,30.33,-0.638883,-0.633545,0.12547,0.12778,-0.556184,-0.555811
30.39,30.37,-0.705018,-0.705811,0.08844,0.087634,-0.483549,-0.483165
30.64,30.66,-0.707639,-0.704002,0.037134,0.039824,-0.490164,-0.488699
30.33,30.33,-0.714883,-0.70305,0.082436,0.087329,-0.485205,-0.481741
30.48,30.49,-0.614578,-0.61605,0.131088,0.131298,-0.559416,-0.560728
30.46,30.45,-0.604776,-0.624328,0.132015,0.128712,-0.550304,-0.555721
30.34,30.34,-0.694134,-0.711144,0.08946,0.083726,-0.481941,-0.483355
30.37,30.35,-0.731738,-0.719762,0.078865,0.081996,-0.48389,-0.483349
30.6,30.58,-0.706687,-0.706668,0.0376,0.037518,-0.487145,-0.488648
30.13,30.13,-0.705526,-0.697683,0.087423,0.089467,-0.482063,-0.483674
30.4,30.4,-0.705163,-0.702908,0.042154,0.042338,-0.492089,-0.490063
28.62,28.62,-0.080081,-0.079795,-0.712835,-0.711641,-0.514244,-0.513828
29.72,29.75,-0.706512,-0.705806,0.087425,0.087239,-0.482572,-0.483469
28.68,27.99,-0.542245,-0.127447,0.446265,-0.31588,-0.447529,-0.397161
27.1,27.1,0.244855,0.245554,-0.648735,-0.650933,-0.514703,-0.514121
30.46,30.49,-0.706645,-0.707771,0.037642,0.036801,-0.49065,-0.487364
30.13,30.13,-0.70368,-0.7034,0.046167,0.046552,-0.493533,-0.492224
30.68,30.68,-0.716524,-0.71733,0.033129,0.033815,-0.491789,-0.490987
29.21,29.2,0.400301,0.40088,-0.620313,-0.619323,-0.547591,-0.546774
28.85,28.56,-0.149349,-0.53797,-0.925034,-0.672823,-0.392531,0.083986
30.57,30.55,-0.598261,-0.609942,0.13261,0.131082,-0.556252,-0.557372
28.48,28.49,0.147537,0.147745,-0.939617,-0.938503,-0.580451,-0.581739
29.6,29.58,-0.706998,-0.705709,0.087934,0.087839,-0.483572,-0.483562
30.4,30.37,-0.642362,-0.619898,0.125949,0.129901,-0.555708,-0.553565
30.7,30.7,-0.706648,-0.706787,0.037138,0.0377,-0.490155,-0.487145
29.23,29.23,0.401785,0.402753,-0.620812,-0.618826,-0.547083,-0.546051
30.7,30.71,-0.707675,-0.707159,0.038101,0.037221,-0.487648,-0.488956
30.33,30.34,-0.705045,-0.706904,0.088915,0.086626,-0.48154,-0.482584
30.69,30.7,-0.71753,-0.716535,0.034615,0.033619,-0.49128,-0.491082
30.39,30.4,-0.606703,-0.623464,0.130559,0.12909,-0.554344,-0.553605
30.49,30.49,-0.621048,-0.620458,0.129033,0.129633,-0.55649,-0.556378
30.45,30.44,-0.62256,-0.621473,0.129004,0.129505,-0.5545,-0.554384
28.52,28.53,0.14654,0.147246,-0.938623,-0.938508,-0.580448,-0.581443
30.4,30.42,-0.705702,-0.70558,0.041107,0.040629,-0.488098,-0.489806
29.59,29.57,-0.72085,-0.712937,0.082396,0.085215,-0.483755,-0.483354
30.34,30.35,-0.714053,-0.703906,0.039146,0.043432,-0.493703,-0.49006
30.33,30.32,-0.706025,-0.706417,0.086916,0.086418,-0.481572,-0.481781
29.5,29.52,-0.707984,-0.706221,0.087936,0.088021,-0.484081,-0.482262
30.48,30.5,-0.694788,-0.693993,0.042157,0.043265,-0.488993,-0.489675
28.43,28.44,-0.345171,-0.342272,0.337351,0.34541,-0.704502,-0.701781
30.13,30.08,-0.702694,-0.703791,0.046165,0.047759,-0.493024,-0.493215
29.56,29.55,-0.691696,-0.713812,0.092438,0.085529,-0.479882,-0.484861
30.45,30.42,-0.705024,-0.705621,0.08743,0.087226,-0.482559,-0.482366
30.58,30.59,-0.708181,-0.709858,0.041097,0.038493,-0.48812,-0.487763
30.48,30.47,-0.705676,-0.705674,0.039629,0.039932,-0.489617,-0.489915
30.69,30.69,-0.715075,-0.71683,0.0346,0.03342,-0.489255,-0.491187
30.63,30.64,-0.705685,-0.706667,0.039118,0.038522,-0.488622,-0.489137
29.93,29.95,-0.691146,-0.709175,0.092493,0.086225,-0.484384,-0.48321
28.62,28.63,-0.078281,-0.077379,-0.731072,-0.731962,-0.531966,-0.532369
30.21,30.19,-0.70173,-0.702527,0.04564,0.046436,-0.490517,-0.490615
30.46,30.47,-0.707177,-0.707269,0.036601,0.03721,-0.48716,-0.488056
30.43,30.41,-0.602268,-0.619119,0.131051,0.130191,-0.552297,-0.552553
30.64,30.67,-0.705671,-0.706868,0.038631,0.038218,-0.489629,-0.488842
30.48,30.48,-0.706679,-0.703317,0.040617,0.041021,-0.489114,-0.488479
29.53,29.56,-0.699596,-0.701444,0.090936,0.088357,-0.481971,-0.48382
30.63,30.64,-0.63841,-0.61882,0.122942,0.126383,-0.553203,-0.550991
29.18,29.18,0.38463,0.383181,-0.604123,-0.600879,-0.530013,-0.526383
30.73,30.72,-0.69084,-0.697068,0.043157,0.041046,-0.487946,-0.488625
30.54,30.54,-0.620029,-0.618948,0.129566,0.130061,-0.558979,-0.558363
28.47,28.45,-0.336668,-0.334066,0.380088,0.381626,-0.688416,-0.691081
28.67,28.66,-0.07729,-0.076404,-0.731068,-0.730971,-0.531957,-0.531447
30.36,30.35,-0.685395,-0.69462,0.049186,0.046641,-0.489834,-0.48854
30.31,30.32,-0.731218,-0.71607,0.069866,0.07732,-0.481983,-0.48317
28.83,28.76,-0.244146,-0.25866,-0.489799,-0.479761,-0.657897,-0.659412
28.35,28.35,0.142033,0.142328,-0.932667,-0.933471,-0.579418,-0.578824
28.44,28.46,-0.244866,-0.228915,-0.581791,-0.54252,-0.639912,-0.606871
30.72,30.71,-0.706178,-0.701022,0.038618,0.039038,-0.488631,-0.488782
30.04,30.06,-0.70218,-0.702601,0.047188,0.047463,-0.495011,-0.493108
30.25,30.24,-0.704041,-0.707796,0.089934,0.086322,-0.483023,-0.482495
30.58,30.63,-0.696739,-0.703901,0.040677,0.039626,-0.49103,-0.4888
30.48,30.51,-0.690343,-0.694019,0.045166,0.044443,-0.48892,-0.488059
30.27,30.28,-0.713607,-0.705273,0.042609,0.044049,-0.491155,-0.492068
29.68,29.67,-0.712977,-0.715496,0.088885,0.084823,-0.48161,-0.484783
30.49,30.49,-0.618599,-0.620065,0.130016,0.129931,-0.554454,-0.556171
30.58,30.58,-0.62456,-0.623558,0.12547,0.125283,-0.551552,-0.552347
30.37,30.36,-0.687369,-0.702689,0.048686,0.041858,-0.490357,-0.49157
30.6,30.61,-0.708153,-0.706964,0.037114,0.037719,-0.488666,-0.488849
30.54,30.53,-0.612143,-0.615998,0.132558,0.130951,-0.556373,-0.556725
29.54,29.57,-0.707004,-0.706413,0.087928,0.086823,-0.483071,-0.482277
28.56,28.55,0.14367,0.142567,-0.663711,-0.663928,-0.546305,-0.545215
28.56,28.58,0.142183,0.142994,-0.663717,-0.664699,-0.546318,-0.547324
30.36,30.37,-0.72001,-0.703794,0.037112,0.042442,-0.492275,-0.490671
30.66,30.63,-0.706663,-0.706862,0.036621,0.038725,-0.488658,-0.489538
30.28,30.3,-0.720039,-0.712298,0.038085,0.040226,-0.490261,-0.491672
30.72,30.71,-0.707194,-0.707081,0.03859,0.038704,-0.486637,-0.487837
28.61,28.61,-0.080004,-0.079835,-0.720279,-0.717801,-0.517333,-0.516001
29.0,29.0,0.30569,0.303892,-0.639138,-0.638756,-0.547124,-0.546234
30.55,30.55,-0.708144,-0.707268,0.037624,0.036709,-0.489661,-0.487861
30.12,30.13,-0.705009,-0.706,0.088951,0.088045,-0.484545,-0.484163
29.79,29.79,-0.707014,-0.705795,0.087417,0.08755,-0.482075,-0.484468
25.06,25.03,-0.727032,-0.74537,0.721275,0.700046,0.358892,0.342965
30.57,30.58,-0.605248,-0.617137,0.127525,0.126888,-0.550359,-0.550971
30.52,30.47,-0.706175,-0.706966,0.039122,0.037015,-0.489127,-0.488356
30.61,30.64,-0.708646,-0.707062,0.037617,0.037219,-0.489165,-0.488755
30.7,30.71,-0.707146,-0.70796,0.037634,0.037812,-0.490154,-0.488556
29.21,29.21,0.399778,0.399556,-0.61984,-0.618661,-0.545587,-0.544173
30.22,30.21,-0.69181,-0.705579,0.048189,0.044641,-0.491904,-0.491663
29.56,29.57,-0.688693,-0.716891,0.093981,0.08431,-0.482843,-0.484
22.74,22.74,-0.459094,-0.45849,0.085841,0.087557,-0.563086,-0.564564
30.64,30.61,-0.707648,-0.706576,0.03863,0.039116,-0.490147,-0.488729
30.09,30.07,-0.702209,-0.702802,0.050168,0.048764,-0.493976,-0.493496
29.84,29.84,-0.706508,-0.706196,0.08793,0.087444,-0.483067,-0.484072
30.55,30.55,-0.620559,-0.624012,0.132538,0.130437,-0.557448,-0.558003
30.39,30.41,-0.638399,-0.614165,0.126463,0.131409,-0.555668,-0.552697
30.68,30.66,-0.70714,-0.703593,0.038644,0.038334,-0.491144,-0.489113
30.7,30.69,-0.71603,-0.716644,0.033629,0.033307,-0.491779,-0.490085
29.66,29.64,-0.70552,-0.70175,0.088432,0.088548,-0.483053,-0.483219
30.52,30.5,-0.705186,-0.705774,0.039624,0.040031,-0.489112,-0.489914
29.56,29.55,-0.707028,-0.706615,0.088907,0.087721,-0.481558,-0.482369
29.88,29.87,-0.724789,-0.715192,0.081907,0.084428,-0.485798,-0.485085
30.42,30.41,-0.705206,-0.705877,0.041109,0.040728,-0.488094,-0.489907
29.18,29.2,0.412345,0.413366,-0.62915,-0.63012,-0.555601,-0.557606
30.49,30.46,-0.70566,-0.705488,0.041149,0.040121,-0.491604,-0.489009
30.57,30.56,-0.622571,-0.623756,0.125483,0.125283,-0.552036,-0.552348
30.51,30.52,-0.62006,-0.618971,0.128532,0.129738,-0.555986,-0.556363
28.62,28.61,-0.072987,-0.073594,-0.759301,-0.759516,-0.547266,-0.546172
30.21,30.2,-0.723326,-0.709986,0.082891,0.087408,-0.484272,-0.482302
30.39,30.38,-0.637886,-0.629602,0.125479,0.128273,-0.556676,-0.554069
27.02,26.32,-0.360277,-0.32533,-0.030526,0.147684,-0.728334,-0.368285
30.63,30.65,-0.643347,-0.626724,0.122443,0.125279,-0.554755,-0.552975
30.39,30.38,-0.617146,-0.624119,0.131993,0.127821,-0.552415,-0.55623
23.36,27.84,0.098266,4.115689,0.808631,2.39726,-0.59714,-4.805018
29.03,29.03,0.674627,0.676902,-0.484214,-0.484211,-0.495082,-0.494661
30.31,30.32,-0.706984,-0.705127,0.086444,0.087427,-0.48409,-0.48226
30.61,30.6,-0.707673,-0.707364,0.036599,0.037515,-0.487165,-0.488554
30.33,30.33,-0.70208,-0.712136,0.087412,0.081916,-0.480029,-0.482483
30.27,30.28,-0.716091,-0.713901,0.043597,0.040606,-0.491165,-0.490579
30.51,30.49,-0.707164,-0.707062,0.037616,0.036517,-0.488651,-0.488462
29.79,29.76,-0.705508,-0.705506,0.088444,0.087443,-0.484054,-0.483765
30.34,30.34,-0.622109,-0.626035,0.129463,0.129487,-0.550984,-0.554324
22.84,22.41,-0.638023,-0.682684,0.084048,0.027958,0.495198,0.440981
30.22,30.19,-0.703182,-0.703895,0.04567,0.045649,-0.493534,-0.491938
30.51,30.49,-0.705173,-0.705876,0.04064,0.040428,-0.490603,-0.489811
30.39,30.36,-0.706043,-0.705824,0.087902,0.087321,-0.480559,-0.481966
29.18,29.18,0.401759,0.401573,-0.618331,-0.61862,-0.546053,-0.54696
30.46,30.47,-0.613553,-0.613179,0.131626,0.132708,-0.562406,-0.560988
30.21,30.23,-0.689373,-0.7111,0.050163,0.041443,-0.489357,-0.49295
30.3,30.29,-0.693308,-0.708254,0.046669,0.042527,-0.490432,-0.490909
28.61,28.6,-0.079503,-0.07968,-0.721275,-0.721957,-0.51734,-0.518752
30.55,30.54,-0.619062,-0.619747,0.129546,0.129451,-0.556967,-0.557676
30.69,30.67,-0.717526,-0.710804,0.03512,0.035125,-0.491775,-0.490013
30.7,30.68,-0.708178,-0.707267,0.03709,0.037612,-0.486662,-0.488352
30.6,30.61,-0.706157,-0.704188,0.038137,0.039234,-0.490139,-0.489509
30.07,30.1,-0.703187,-0.702794,0.046668,0.046666,-0.493523,-0.493219
30.33,30.36,-0.715939,-0.717576,0.084374,0.081006,-0.480685,-0.483242
29.6,29.61,-0.706023,-0.706498,0.086417,0.087339,-0.481577,-0.483675
28.46,28.44,0.137074,0.13658,-0.934692,-0.934592,-0.578483,-0.578686
30.54,30.53,-0.619082,-0.618163,0.130026,0.129755,-0.55546,-0.557559
30.42,30.41,-0.704665,-0.705779,0.041657,0.041028,-0.49209,-0.489903
28.65,27.61,-0.125989,0.049604,-0.639116,-0.464989,-0.604467,-0.686319
30.39,30.37,-0.699214,-0.704556,0.042176,0.041066,-0.492037,-0.492697
30.64,30.68,-0.718489,-0.710114,0.033139,0.036026,-0.493309,-0.490097
29.79,29.79,-0.706484,-0.705801,0.087954,0.087946,-0.48507,-0.484162
30.63,30.65,-0.707654,-0.707556,0.038624,0.038222,-0.489646,-0.489349
30.37,30.38,-0.706162,-0.708635,0.041141,0.040436,-0.491107,-0.491337
28.5,28.53,0.238114,0.288681,-0.631528,-0.565262,-0.579681,-0.624471
30.36,30.36,-0.72401,-0.721118,0.036562,0.037491,-0.489311,-0.490978
30.63,30.65,-0.708143,-0.706768,0.039631,0.038821,-0.49064,-0.489135
28.7,28.69,-0.077784,-0.077595,-0.732572,-0.732381,-0.531478,-0.530773
30.14,30.1,-0.705504,-0.706212,0.088949,0.08783,-0.484549,-0.482965
30.46,30.48,-0.619103,-0.620643,0.130507,0.128944,-0.553952,-0.557189
30.61,30.61,-0.707188,-0.704387,0.038596,0.039934,-0.487138,-0.489703
30.28,30.28,-0.706523,-0.705622,0.088416,0.087025,-0.48206,-0.482168
30.63,30.63,-0.637878,-0.622586,0.121976,0.126069,-0.555714,-0.551027
30.13,30.13,-0.705497,-0.705814,0.086449,0.08703,-0.484077,-0.48267
30.68,30.64,-0.705689,-0.706172,0.038613,0.039225,-0.488126,-0.489426
30.45,30.43,-0.62057,-0.621475,0.129017,0.128501,-0.554983,-0.553795
30.43,30.49,-0.689841,-0.695395,0.045174,0.043347,-0.489417,-0.488584
29.77,29.8,-0.706998,-0.706206,0.087934,0.087936,-0.483572,-0.483465
28.59,28.54,-0.677884,-0.663671,-0.489179,-0.476463,-0.136737,-0.161313
30.69,30.69,-0.718571,-0.719823,0.036066,0.03339,-0.487766,-0.489711
29.72,29.68,-0.723815,-0.701857,0.082896,0.089242,-0.484777,-0.482911
30.54,30.53,-0.614066,-0.610343,0.128098,0.131376,-0.559445,-0.557072
29.59,29.62,-0.70551,-0.706,0.088943,0.087443,-0.484049,-0.483869
30.7,30.72,-0.690332,-0.694018,0.042168,0.042038,-0.488454,-0.487084
29.75,29.76,-0.705019,-0.706114,0.087437,0.087728,-0.483059,-0.482765
28.5,28.58,-0.198161,-0.07742,-0.818075,-0.608693,-0.216937,-0.378706
30.1,30.13,-0.704511,-0.705901,0.087451,0.087844,-0.484057,-0.484064
30.54,30.5,-0.708176,-0.706678,0.0401,0.039314,-0.488131,-0.488628
29.03,29.04,0.390559,0.390049,-0.602616,-0.60193,-0.528943,-0.528038
28.83,28.55,-0.014898,-0.056498,-0.707922,-0.493449,-0.780591,-0.609025
30.52,30.52,-0.617561,-0.618361,0.13157,0.130056,-0.558935,-0.557757
30.13,30.12,-0.70322,-0.702608,0.047136,0.047155,-0.491014,-0.492411
30.39,30.37,-0.70569,-0.712299,0.041119,0.039423,-0.4891,-0.49128
30.72,30.73,-0.69231,-0.691634,0.042166,0.042752,-0.488972,-0.487657
30.37,30.34,-0.69929,-0.694693,0.047115,0.045865,-0.487974,-0.490353
29.2,29.2,0.401278,0.402176,-0.619823,-0.619412,-0.546575,-0.547265
29.2,29.2,0.399772,0.400268,-0.618843,-0.619845,-0.545576,-0.545082
30.58,30.61,-0.689878,-0.702416,0.045138,0.040231,-0.486412,-0.488881
30.55,30.53,-0.619047,-0.619557,0.129059,0.129945,-0.557975,-0.557168
30.22,30.17,-0.718347,-0.710162,0.082429,0.086527,-0.485736,-0.483716
29.5,29.49,-0.725309,-0.706196,0.082884,0.087243,-0.484289,-0.483974
28.48,28.5,-0.343431,-0.349684,-0.705372,-0.70941,-0.471869,-0.46145
29.04,29.04,0.391612,0.39149,-0.606061,-0.603979,-0.532479,-0.531455
30.37,30.38,-0.704197,-0.705577,0.04113,0.041935,-0.489587,-0.490592
30.19,30.22,-0.703699,-0.707456,0.044142,0.043638,-0.491052,-0.491791
30.68,30.68,-0.621086,-0.617998,0.125987,0.125612,-0.552017,-0.552996
28.67,28.67,-0.072527,-0.07214,-0.758331,-0.759242,-0.544747,-0.543552
30.68,30.67,-0.605743,-0.628712,0.127523,0.125165,-0.550364,-0.552493
30.34,30.33,-0.719047,-0.715277,0.039092,0.039208,-0.490741,-0.490908
30.37,30.38,-0.705173,-0.709811,0.041643,0.039943,-0.491093,-0.492254
30.25,30.22,-0.687379,-0.701529,0.051684,0.046145,-0.490824,-0.49101
30.25,30.24,-0.720517,-0.695292,0.038101,0.047763,-0.491767,-0.490837
30.42,30.4,-0.704705,-0.70587,0.041116,0.040736,-0.48859,-0.490508
30.49,30.51,-0.619058,-0.619761,0.13005,0.128736,-0.557463,-0.556182
30.66,30.62,-0.708147,-0.70648,0.038123,0.038713,-0.489656,-0.488332
28.43,28.43,0.135091,0.136187,-0.9347,-0.93419,-0.5785,-0.579086
28.73,28.74,0.142667,0.142176,-0.663727,-0.664225,-0.545312,-0.545522
29.66,29.67,-0.721847,-0.700951,0.08339,0.089058,-0.483752,-0.483907
30.69,30.68,-0.633449,-0.629989,0.123465,0.12397,-0.553655,-0.553019
30.27,30.25,-0.706019,-0.705613,0.086922,0.086933,-0.482073,-0.48287
28.68,28.67,-0.25656,-0.256921,-0.466298,-0.467067,-0.666754,-0.669371
29.23,29.23,0.399751,0.398975,-0.618362,-0.618649,-0.544068,-0.54538
30.39,30.39,-0.622571,-0.622359,0.129995,0.129307,-0.553988,-0.554795
30.64,30.63,-0.706164,-0.706581,0.037127,0.03851,-0.489149,-0.488135
30.24,30.22,-0.707536,-0.707692,0.088893,0.086527,-0.480561,-0.482993
30.31,30.34,-0.702557,-0.696121,0.088431,0.088847,-0.482025,-0.481364
30.07,30.06,-0.702706,-0.702503,0.047156,0.047663,-0.492512,-0.493105
30.64,30.64,-0.706668,-0.706371,0.039625,0.038623,-0.489626,-0.489134
28.43,28.43,0.135588,0.135585,-0.933694,-0.934299,-0.578985,-0.578491
30.63,30.63,-0.70616,-0.706566,0.039639,0.038425,-0.490623,-0.489338
29.8,29.8,-0.707494,-0.705615,0.086929,0.087734,-0.483087,-0.483061
29.07,29.07,0.398724,0.401239,-0.612886,-0.614646,-0.543514,-0.545716
29.21,29.22,0.402237,0.40176,-0.617343,-0.61823,-0.545036,-0.546152
28.21,28.44,-0.373603,-0.406233,-0.453224,-0.422757,-0.629556,-0.60996
30.61,30.62,-0.706683,-0.699839,0.039108,0.041041,-0.488129,-0.48905
30.63,30.62,-0.705679,-0.706173,0.040127,0.038322,-0.489612,-0.488935
30.22,30.22,-0.690171,-0.701777,0.089974,0.089224,-0.4819,-0.481308
28.67,28.66,-0.07681,-0.076606,-0.731583,-0.730474,-0.530456,-0.531343
30.52,30.5,-0.721989,-0.714384,0.033096,0.037006,-0.490835,-0.490023
30.14,30.15,-0.703691,-0.703488,0.047158,0.04586,-0.493021,-0.492834
30.66,30.64,-0.707176,-0.706958,0.037604,0.038828,-0.48765,-0.489838
29.77,29.74,-0.706993,-0.706104,0.086936,0.087036,-0.483583,-0.483274
30.52,30.52,-0.628446,-0.623285,0.128543,0.12977,-0.559565,-0.560408
29.92,29.93,-0.69563,-0.701478,0.09095,0.089828,-0.481937,-0.481699
29.71,29.74,-0.706978,-0.706398,0.08645,0.087139,-0.48459,-0.483676
28.46,28.45,0.137571,0.137192,-0.933687,-0.934974,-0.578968,-0.579887
30.43,30.44,-0.622558,-0.622064,0.126498,0.127201,-0.553527,-0.553715
30.61,30.62,-0.707172,-0.704592,0.040116,0.039927,-0.489124,-0.489204
30.21,30.23,-0.690692,-0.710561,0.092453,0.08532,-0.480875,-0.483032
30.49,30.51,-0.616608,-0.619749,0.128527,0.129449,-0.554453,-0.557476
30.68,30.66,-0.64786,-0.698161,0.060215,0.041141,-0.482371,-0.488533
30.64,30.63,-0.624062,-0.616606,0.124973,0.125521,-0.551553,-0.553286
30.45,30.44,-0.622068,-0.622466,0.127498,0.127595,-0.553511,-0.553413
30.07,30.1,-0.704024,-0.705411,0.086941,0.086938,-0.483057,-0.483169
30.46,30.46,-0.611708,-0.624626,0.1325,0.12831,-0.551361,-0.555527
29.53,29.55,-0.707473,-0.721637,0.087451,0.083202,-0.485084,-0.484654
30.49,30.51,-0.722007,-0.713526,0.034082,0.038279,-0.489822,-0.487697
30.39,30.39,-0.621615,-0.622079,0.130967,0.129693,-0.551464,-0.553586
30.39,30.38,-0.702997,-0.722207,0.084974,0.079915,-0.485074,-0.485297
30.12,30.11,-0.70319,-0.702691,0.047166,0.04657,-0.493517,-0.49352
29.72,29.73,-0.705517,-0.710563,0.087934,0.087023,-0.483058,-0.483613
28.67,28.67,-0.076298,-0.077195,-0.730061,-0.730169,-0.532438,-0.532046
29.66,29.71,-0.704001,-0.711252,0.085962,0.086023,-0.48457,-0.483631
28.71,28.71,0.142685,0.142372,-0.663709,-0.663825,-0.546814,-0.545516
29.86,29.84,-0.705021,-0.69937,0.087935,0.08966,-0.483054,-0.483687
28.05,28.07,-0.416164,-0.419666,-0.32995,-0.332401,-0.649566,-0.645918
29.68,29.64,-0.706034,-0.708508,0.087409,0.087605,-0.481065,-0.481586
29.72,29.69,-0.702572,-0.703835,0.088918,0.089039,-0.481018,-0.483231
30.64,30.68,-0.707167,-0.706063,0.038115,0.038233,-0.488646,-0.489837
29.2,29.18,0.400275,0.399468,-0.618835,-0.619352,-0.546072,-0.544783
30.66,30.68,-0.705142,-0.704881,0.037161,0.038631,-0.491644,-0.489321
28.61,28.61,-0.079087,-0.080294,-0.71333,-0.711045,-0.514241,-0.513825
30.49,30.48,-0.707661,-0.707166,0.036611,0.036912,-0.488166,-0.488158
23.52,23.39,-0.41629,-0.406725,0.070043,0.061903,0.779962,0.788067
30.46,30.48,-0.706154,-0.70518,0.039645,0.040834,-0.491124,-0.490201
29.8,29.77,-0.706482,-0.70581,0.086452,0.087335,-0.484586,-0.483168
30.49,30.48,-0.707646,-0.706973,0.036124,0.036608,-0.489173,-0.487659
30.46,30.46,-0.706156,-0.706376,0.040143,0.040121,-0.491118,-0.489317
22.89,22.88,-0.458582,-0.458002,0.087363,0.08715,-0.565067,-0.563762
30.37,30.34,-0.713909,-0.713611,0.083426,0.083327,-0.484184,-0.484183
30.57,30.59,-0.708153,-0.707263,0.037114,0.037315,-0.488666,-0.488555
28.48,28.5,0.14107,0.140463,-0.936654,-0.935365,-0.579973,-0.579563
30.52,30.54,-0.61956,-0.619353,0.130042,0.129952,-0.556967,-0.557667
29.93,29.91,-0.71888,-0.70828,0.085901,0.086632,-0.484199,-0.483598
30.49,30.5,-0.621051,-0.619866,0.129532,0.129331,-0.556484,-0.555975
28.65,28.67,-0.074157,-0.073405,-0.747947,-0.750797,-0.537631,-0.541063
30.49,30.49,-0.692802,-0.706454,0.042669,0.038638,-0.489471,-0.490437
30.64,30.65,-0.707672,-0.706578,0.038606,0.038613,-0.488143,-0.488435
30.52,30.49,-0.697281,-0.70142,0.043638,0.041341,-0.488497,-0.489661
29.2,29.2,0.399259,0.399562,-0.617859,-0.619056,-0.544567,-0.544478
30.64,30.64,-0.708143,-0.706268,0.039631,0.037824,-0.49064,-0.489042
29.54,29.56,-0.688702,-0.698793,0.09347,0.090247,-0.481848,-0.482473
30.33,30.35,-0.71594,-0.71769,0.08337,0.082897,-0.480195,-0.48292
28.44,28.44,0.13554,0.136166,-0.931736,-0.933608,-0.575958,-0.577677
30.36,30.33,-0.705505,-0.705836,0.087945,0.08771,-0.48406,-0.481161
30.72,30.7,-0.689849,-0.700824,0.042158,0.039741,-0.487448,-0.489073
30.4,30.4,-0.705158,-0.705276,0.040153,0.040937,-0.491611,-0.490501
30.49,30.47,-0.638889,-0.625905,0.126467,0.127412,-0.556173,-0.555949
28.7,26.06,-0.532532,-0.320707,0.494764,-0.282901,-0.37026,0.584557
29.69,29.69,-0.68867,-0.696795,0.091998,0.089467,-0.483868,-0.483366
30.34,30.35,-0.700075,-0.699092,0.087942,0.088237,-0.482009,-0.481396
29.18,29.2,0.398279,0.399679,-0.618855,-0.61964,-0.545088,-0.545686
30.43,30.44,-0.622542,-0.622147,0.128018,0.12862,-0.555513,-0.555602
29.75,29.74,-0.705492,-0.70708,0.087957,0.087048,-0.485061,-0.484585
30.31,30.3,-0.697262,-0.707155,0.045662,0.043041,-0.490978,-0.491796
30.66,30.64,-0.706689,-0.707267,0.039102,0.038716,-0.487629,-0.48884
30.51,30.51,-0.696293,-0.693214,0.043137,0.044357,-0.487993,-0.488955
30.46,30.46,-0.705673,-0.706164,0.040133,0.039935,-0.490113,-0.49042
30.48,30.49,-0.688856,-0.703809,0.045171,0.040722,-0.488908,-0.488687
30.66,30.62,-0.707173,-0.707367,0.038109,0.038514,-0.488145,-0.488743
29.03,29.04,0.419336,0.42067,-0.626066,-0.630128,-0.561015,-0.562952
30.63,30.59,-0.707164,-0.707347,0.037616,0.036929,-0.488651,-0.489662
30.66,30.68,-0.620041,-0.622372,0.124038,0.125684,-0.555536,-0.552132
28.27,28.11,-0.403158,-0.417481,-0.333297,-0.341214,-0.657505,-0.642292
30.12,30.12,-0.715918,-0.710952,0.084896,0.085826,-0.482682,-0.48373
30.28,30.3,-0.726276,-0.726064,0.072876,0.071687,-0.481906,-0.482519
30.37,30.38,-0.711605,-0.715961,0.038122,0.037812,-0.490688,-0.49113
30.7,30.71,-0.70666,-0.700558,0.038129,0.040011,-0.489643,-0.486563
29.48,29.51,-0.705537,-0.699671,0.089417,0.089154,-0.48204,-0.483194
30.31,30.29,-0.694757,-0.692342,0.044194,0.04765,-0.492476,-0.488709
30.3,30.29,-0.723952,-0.687682,0.036117,0.04887,-0.493823,-0.489156
30.7,30.69,-0.724445,-0.709135,0.031104,0.03702,-0.49188,-0.489477
30.66,30.64,-0.707182,-0.707054,0.038602,0.039032,-0.487638,-0.490237
26.45,26.42,9.459255,9.307726,5.372294,5.047997,-6.241262,-5.804378
28.61,28.63,-0.147659,-0.180499,0.674809,0.663634,-0.580256,-0.58227
30.42,30.43,-0.62256,-0.62226,0.129004,0.129609,-0.5545,-0.554991
30.48,30.47,-0.614043,-0.613657,0.130627,0.131922,-0.562422,-0.562103
29.2,29.18,0.401755,0.401365,-0.619839,-0.617628,-0.545069,-0.54655
30.25,30.23,-0.705513,-0.705225,0.088438,0.086825,-0.483554,-0.482067
30.58,30.58,-0.695319,-0.710223,0.045129,0.038221,-0.487462,-0.490174
28.94,28.95,0.300759,0.300543,-0.638627,-0.639848,-0.549665,-0.547677
30.25,30.25,-0.692832,-0.702215,0.048155,0.04585,-0.489409,-0.49152
30.49,30.52,-0.697793,-0.703517,0.043119,0.04122,-0.487005,-0.488479
30.31,30.31,-0.7297,-0.724284,0.068898,0.071789,-0.483985,-0.482102
30.42,30.43,-0.704698,-0.705479,0.042126,0.04033,-0.48958,-0.489808
30.28,30.3,-0.692814,-0.704376,0.048173,0.042753,-0.490911,-0.491875
30.36,30.37,-0.689847,-0.697866,0.046171,0.04505,-0.489406,-0.489989
30.42,30.41,-0.620054,-0.628326,0.127535,0.129569,-0.555997,-0.553542
30.64,30.63,-0.70618,-0.706862,0.04012,0.038926,-0.489115,-0.489635
30.31,30.29,-0.705663,-0.696292,0.041647,0.047149,-0.491598,-0.489851
29.04,29.02,0.399636,0.399352,-0.609451,-0.60994,-0.538458,-0.539368
30.64,30.63,-0.70766,-0.706074,0.038618,0.039024,-0.489145,-0.489227
28.44,28.45,-0.58603,-0.540121,-0.516332,-0.515376,-0.298532,-0.355723
30.25,30.25,-0.693832,-0.707146,0.049647,0.042448,-0.489401,-0.492303
30.46,30.45,-0.61267,-0.627419,0.131523,0.129286,-0.553384,-0.554639
29.13,29.13,0.393206,0.398725,-0.608958,-0.612383,-0.540011,-0.543809
29.51,29.5,-0.705984,-0.705213,0.084951,0.084732,-0.484098,-0.482191
24.85,24.52,-1.94342,-0.472633,1.218972,1.233326,0.393033,0.155832
30.4,30.42,-0.705669,-0.705284,0.041641,0.04113,-0.491097,-0.489897
30.43,30.42,-0.705693,-0.705383,0.042621,0.04133,-0.489583,-0.489996
28.48,28.49,0.146535,0.147745,-0.937625,-0.938503,-0.580437,-0.581739
30.51,30.49,-0.706153,-0.705885,0.040648,0.04052,-0.491614,-0.489108
30.3,30.29,-0.716609,-0.697981,0.042069,0.046036,-0.488683,-0.489077
30.72,30.72,-0.692329,-0.694404,0.044654,0.042347,-0.488443,-0.488086
28.86,28.86,0.317337,0.318387,-0.665414,-0.663646,-0.514763,-0.51213
30.6,30.63,-0.708675,-0.706663,0.039594,0.039129,-0.48764,-0.489832
30.48,30.46,-0.603245,-0.618098,0.13056,0.129321,-0.553313,-0.554558
28.3,28.31,0.141555,0.14243,-0.933654,-0.933668,-0.580435,-0.579025
30.7,30.72,-0.690352,-0.697068,0.044655,0.041046,-0.487925,-0.488625
29.86,29.85,-0.705513,-0.705412,0.089442,0.087739,-0.484043,-0.48346
28.61,28.59,-0.07902,-0.07929,-0.722288,-0.721661,-0.515845,-0.518345
30.33,30.34,-0.712564,-0.712894,0.03765,0.039922,-0.493206,-0.49148
28.65,28.66,-0.076814,-0.076797,-0.729582,-0.729866,-0.530935,-0.53224
25.74,26.05,-2.223889,4.043034,-3.140862,2.566505,1.516272,-3.868092
30.49,30.53,-0.72203,-0.715073,0.036065,0.036106,-0.488798,-0.49004
28.74,28.73,0.144195,0.142275,-0.666689,-0.663723,-0.547336,-0.545716
30.7,30.68,-0.707666,-0.707558,0.037608,0.03812,-0.488155,-0.48915
30.51,30.5,-0.714053,-0.703297,0.034634,0.04064,-0.49175,-0.489986
29.2,29.21,0.399758,0.400259,-0.618356,-0.619452,-0.544568,-0.544577
30.49,30.47,-0.707162,-0.707265,0.037118,0.037013,-0.488657,-0.488258
29.18,29.2,0.399782,0.399281,-0.618332,-0.619242,-0.546571,-0.545785
30.25,30.22,-0.684915,-0.705983,0.05218,0.044532,-0.489796,-0.490967
30.49,30.49,-0.620054,-0.620173,0.128538,0.12922,-0.556487,-0.555178
30.31,30.29,-0.721506,-0.713788,0.037599,0.040319,-0.491781,-0.491583
29.21,29.21,0.400278,0.401866,-0.617327,-0.618924,-0.547057,-0.54646
29.53,29.54,-0.703554,-0.701147,0.089425,0.088559,-0.482023,-0.483915
29.57,29.54,-0.705535,-0.7059,0.087915,0.087544,-0.481556,-0.483968
30.36,30.38,-0.706031,-0.705623,0.08691,0.087926,-0.481071,-0.482458
30.54,30.53,-0.694779,-0.706241,0.042668,0.038353,-0.489989,-0.49154
29.21,29.21,0.403241,0.402164,-0.617328,-0.619023,-0.546029,-0.546459
28.43,28.44,0.136084,0.136294,-0.933693,-0.934783,-0.578981,-0.579492
29.81,29.8,-0.704519,-0.706212,0.087943,0.088031,-0.48355,-0.483063
30.45,30.46,-0.708149,-0.706264,0.039625,0.039032,-0.49014,-0.48993
30.21,30.2,-0.704177,-0.697954,0.044159,0.046565,-0.492558,-0.491575
30.72,30.72,-0.690826,-0.697069,0.041667,0.041045,-0.488464,-0.488525
29.8,29.81,-0.705988,-0.706095,0.087955,0.087346,-0.485066,-0.484172
30.52,30.54,-0.719017,-0.712104,0.034609,0.037816,-0.491293,-0.490295
30.63,30.63,-0.707669,-0.703802,0.038107,0.040027,-0.488149,-0.488996
29.13,29.13,0.421916,0.421036,-0.634481,-0.634872,-0.565596,-0.566509
30.33,30.31,-0.730211,-0.724467,0.069382,0.071603,-0.482982,-0.483308
30.52,30.56,-0.722474,-0.697173,0.032103,0.042845,-0.491351,-0.488906
28.62,28.62,-0.135037,-0.135657,-0.69147,-0.690494,-0.734866,-0.733258
30.34,30.35,-0.625056,-0.633371,0.12998,0.128258,-0.553509,-0.554001
30.43,30.42,-0.622073,-0.622954,0.129498,0.128603,-0.553989,-0.554508
29.68,29.65,-0.698148,-0.688515,0.090401,0.09326,-0.478458,-0.480847
28.61,28.66,-0.358544,-0.312335,-0.816809,-0.841948,0.128292,0.000585
30.39,30.41,-0.706162,-0.705185,0.041141,0.04113,-0.491107,-0.489897
29.79,29.79,-0.706508,-0.7061,0.088933,0.087743,-0.483557,-0.483967
30.49,30.5,-0.722511,-0.703621,0.034573,0.040412,-0.48932,-0.487688
28.53,28.54,-0.191656,-0.202636,0.655717,0.649083,-0.582858,-0.582226
30.52,30.54,-0.619071,-0.619152,0.129035,0.129554,-0.555972,-0.55767
30.6,30.59,-0.606732,-0.627817,0.128024,0.12447,-0.550867,-0.552393
30.4,30.4,-0.623047,-0.622175,0.127506,0.128592,-0.554521,-0.553299
30.49,30.49,-0.705694,-0.697875,0.039611,0.042233,-0.488115,-0.488018
29.18,29.19,0.411366,0.410939,-0.628138,-0.627468,-0.5571,-0.554893
28.85,28.86,0.316249,0.3184,-0.661001,-0.664234,-0.508712,-0.512937
30.6,30.6,-0.707655,-0.707449,0.036617,0.037227,-0.488667,-0.48956
29.16,29.16,0.40028,0.399962,-0.619833,-0.619453,-0.546083,-0.544579
28.53,28.57,-0.14644,-0.154541,-0.685997,-0.697929,-0.737407,-0.726493
29.65,29.66,-0.687707,-0.694949,0.093978,0.091441,-0.482334,-0.481023
30.63,30.58,-0.707179,-0.707363,0.038103,0.037715,-0.487644,-0.488652
29.88,29.87,-0.6927,-0.706209,0.091419,0.087331,-0.4784,-0.482971
30.48,30.48,-0.705189,-0.706666,0.03912,0.04063,-0.488617,-0.490216
30.45,30.44,-0.621066,-0.620663,0.130018,0.129525,-0.555477,-0.55578
24.08,24.09,-0.443495,-0.44416,0.116724,0.116049,-0.554586,-0.556703
30.31,30.3,-0.689362,-0.696279,0.048168,0.045658,-0.489379,-0.490269
29.74,29.75,-0.707482,-0.705605,0.086941,0.087944,-0.484088,-0.48396
30.43,30.43,-0.622042,-0.622069,0.130532,0.1288,-0.556982,-0.553997
30.52,30.57,-0.722963,-0.705093,0.033111,0.039819,-0.492346,-0.488709
30.33,30.33,-0.696142,-0.698799,0.089429,0.087734,-0.479955,-0.480898
30.68,30.67,-0.706663,-0.706283,0.037624,0.038812,-0.489148,-0.488229
30.73,30.71,-0.690382,-0.697361,0.045629,0.040448,-0.48591,-0.488735
28.68,28.68,-0.257511,-0.256822,-0.464758,-0.462353,-0.670752,-0.67142
30.37,30.36,-0.708945,-0.713434,0.08345,0.083707,-0.484642,-0.482574
29.69,29.67,-0.721782,-0.703132,0.081449,0.088549,-0.488282,-0.483732
30.28,30.3,-0.686876,-0.704906,0.05019,0.044523,-0.490837,-0.489856
28.64,28.61,-0.143005,-0.138147,-0.695044,-0.693122,-0.730468,-0.731205
30.7,30.7,-0.707174,-0.707053,0.037106,0.037328,-0.487655,-0.489555
28.62,28.62,-0.077642,-0.07891,-0.71437,-0.714855,-0.510233,-0.511753
30.7,30.71,-0.689361,-0.690545,0.043656,0.042856,-0.487427,-0.487646
30.52,30.5,-0.620558,-0.619268,0.130033,0.130039,-0.556474,-0.556563
29.11,29.12,0.399791,0.399867,-0.618825,-0.619549,-0.547078,-0.544881
30.52,30.52,-0.619073,-0.619163,0.130537,0.130145,-0.556456,-0.557062
28.7,28.71,0.142206,0.142172,-0.665699,-0.663427,-0.547342,-0.545513
22.34,22.38,-0.457624,-0.4577,0.086832,0.086754,-0.56206,-0.563965
30.19,30.17,-0.704189,-0.703492,0.04515,0.045656,-0.492046,-0.492435
30.57,30.55,-0.623036,-0.620457,0.131027,0.130235,-0.556985,-0.556672
30.51,30.51,-0.706171,-0.706171,0.041634,0.039928,-0.490601,-0.489819
30.37,30.38,-0.706672,-0.704878,0.041626,0.04074,-0.490104,-0.490499
28.56,28.55,-0.335237,-0.308449,-0.598298,-0.596884,-0.581279,-0.599262
29.16,29.16,0.402249,0.401859,-0.618335,-0.618329,-0.545548,-0.546153
30.07,30.07,-0.702703,-0.703388,0.046658,0.047667,-0.492517,-0.493714
29.93,29.92,-0.700547,-0.712915,0.087964,0.084233,-0.484016,-0.484667
28.89,28.91,0.297767,0.298788,-0.637653,-0.640428,-0.548678,-0.549903
30.43,30.43,-0.621082,-0.621272,0.128499,0.129008,-0.553491,-0.554388
22.68,22.35,-0.654822,-0.695968,-0.0293,0.007243,0.458206,0.41699
29.83,29.8,-0.706999,-0.705997,0.086931,0.087546,-0.483083,-0.484169
29.18,29.2,0.399749,0.399365,-0.617863,-0.618354,-0.544062,-0.544873
30.49,30.48,-0.620069,-0.619863,0.129025,0.129434,-0.55548,-0.556275
30.49,30.47,-0.63936,-0.625905,0.126489,0.127412,-0.558181,-0.555949
28.47,28.45,0.137588,0.137176,-0.934672,-0.93499,-0.579981,-0.578585
30.37,30.35,-0.71507,-0.716754,0.038115,0.03821,-0.491219,-0.491333
30.61,30.58,-0.728423,-0.710245,0.032081,0.0383,-0.491403,-0.48847
30.39,30.37,-0.707174,-0.712589,0.041618,0.03943,-0.489608,-0.491883
30.51,30.54,-0.70718,-0.706574,0.0371,0.037414,-0.487155,-0.488248
30.22,30.22,-0.720024,-0.69795,0.038602,0.046569,-0.491757,-0.491876
30.54,30.52,-0.617069,-0.618568,0.130064,0.130548,-0.557946,-0.557252
30.73,30.68,-0.70668,-0.706667,0.03861,0.038021,-0.488135,-0.488943
30.61,30.61,-0.70715,-0.706775,0.03713,0.037811,-0.489658,-0.488145
30.25,30.28,-0.687393,-0.71537,0.049665,0.04112,-0.488844,-0.492289
30.49,30.48,-0.708169,-0.706376,0.036597,0.036812,-0.487169,-0.487852
30.49,30.48,-0.708139,-0.70687,0.036627,0.037313,-0.489673,-0.488252
29.59,29.56,-0.699564,-0.709486,0.08846,0.086612,-0.483502,-0.482306
30.48,30.48,-0.620564,-0.620658,0.130026,0.128828,-0.555974,-0.555888
30.45,30.43,-0.622066,-0.621948,0.130508,0.128622,-0.554979,-0.555701
30.12,30.12,-0.686209,-0.70817,0.091989,0.086544,-0.482344,-0.4845
30.22,30.26,-0.706143,-0.710206,0.042162,0.041046,-0.493099,-0.492846
30.33,30.32,-0.714881,-0.705425,0.079931,0.085219,-0.484232,-0.481285
30.12,30.12,-0.702721,-0.702804,0.046639,0.047759,-0.491015,-0.492906
30.36,30.35,-0.62307,-0.623265,0.129489,0.12909,-0.553497,-0.553603
30.52,30.52,-0.724999,-0.716783,0.034053,0.036577,-0.488346,-0.488246
29.18,29.18,0.401745,0.401272,-0.616841,-0.618826,-0.545536,-0.546564
30.51,30.5,-0.704672,-0.705385,0.040648,0.040526,-0.4911,-0.489505
29.04,29.03,0.674107,0.670682,-0.48424,-0.4823,-0.493083,-0.489585
28.76,28.76,0.143168,0.142982,-0.664722,-0.665011,-0.545319,-0.546225
30.45,30.44,-0.621054,-0.621862,0.130031,0.128609,-0.556479,-0.554598
28.94,28.93,0.297272,0.296785,-0.641164,-0.640354,-0.54722,-0.548317
30.55,30.54,-0.633385,-0.620115,0.129545,0.129578,-0.5616,-0.560082
30.52,30.52,-0.619554,-0.62025,0.130048,0.128439,-0.557467,-0.55659
30.18,30.19,-0.70371,-0.698942,0.046137,0.046564,-0.491029,-0.491884
30.55,30.57,-0.604662,-0.606074,0.131125,0.130796,-0.559329,-0.557241
30.6,30.59,-0.698282,-0.704026,0.044127,0.041304,-0.487999,-0.48738
30.58,30.57,-0.718563,-0.718338,0.035573,0.035499,-0.488273,-0.490375
29.59,29.58,-0.687705,-0.700671,0.092476,0.089544,-0.48185,-0.482697
30.7,30.71,-0.689352,-0.69054,0.044166,0.043161,-0.488423,-0.488144
30.46,30.44,-0.623037,-0.621856,0.130023,0.128615,-0.556496,-0.555099
30.72,30.72,-0.706653,-0.700637,0.038135,0.03983,-0.490144,-0.488169
30.31,30.29,-0.704665,-0.711612,0.042661,0.041023,-0.492579,-0.491356
29.04,29.04,0.392619,0.393691,-0.605541,-0.605456,-0.533967,-0.532454
28.14,28.16,0.220135,0.219952,0.552252,0.551764,-0.557412,-0.558421
30.34,30.37,-0.709125,-0.705779,0.040138,0.042032,-0.491645,-0.490392
30.51,30.49,-0.705194,-0.705877,0.041121,0.039926,-0.489095,-0.489515
30.46,30.48,-0.707144,-0.70727,0.036132,0.037208,-0.48967,-0.487955
30.42,30.43,-0.705685,-0.705687,0.040121,0.040821,-0.489111,-0.489203
29.86,29.85,-0.70701,-0.709181,0.087922,0.08672,-0.48257,-0.482904
30.33,30.36,-0.714924,-0.725614,0.083398,0.08107,-0.48219,-0.48281
29.69,29.67,-0.6971,-0.704338,0.08996,0.08883,-0.482962,-0.482537
30.49,30.5,-0.706657,-0.706076,0.042143,0.040325,-0.491601,-0.489613
30.33,30.33,-0.721483,-0.715173,0.035616,0.038512,-0.492805,-0.491015
30.28,30.32,-0.726749,-0.722095,0.070892,0.073009,-0.482935,-0.483271
29.54,29.58,-0.725303,-0.697401,0.081887,0.089653,-0.4843,-0.482468
30.66,30.68,-0.706172,-0.70668,0.038624,0.038208,-0.489132,-0.487939
29.8,29.79,-0.706004,-0.705707,0.087439,0.087239,-0.483569,-0.483468
30.37,30.37,-0.694757,-0.707645,0.045197,0.041039,-0.492965,-0.491422
30.46,30.49,-0.621042,-0.620165,0.129039,0.129027,-0.556991,-0.555681
29.11,29.11,0.382066,0.381692,-0.600707,-0.600485,-0.524487,-0.526491
30.34,30.33,-0.69824,-0.707439,0.044169,0.041148,-0.491505,-0.49212
28.67,28.68,-0.071997,-0.071796,-0.761304,-0.762404,-0.546278,-0.545989
30.69,30.68,-0.720502,-0.713675,0.032098,0.035018,-0.490332,-0.49034
28.15,28.16,0.221147,0.220338,0.550771,0.552057,-0.558422,-0.557713
30.34,30.34,-0.711937,-0.707887,0.084424,0.085728,-0.483655,-0.482904
30.7,30.7,-0.706676,-0.707069,0.035605,0.037112,-0.487167,-0.488155
28.62,28.63,-0.080154,-0.080432,-0.707391,-0.708978,-0.510677,-0.511499
30.63,30.64,-0.707179,-0.707165,0.038103,0.03902,-0.487644,-0.489237
30.51,30.49,-0.707673,-0.707071,0.036599,0.03701,-0.487165,-0.487956
30.64,30.63,-0.706661,-0.706874,0.039631,0.038815,-0.490127,-0.488635
30.18,30.17,-0.704657,-0.703203,0.045677,0.044947,-0.494549,-0.491439
30.12,30.09,-0.705526,-0.705511,0.087423,0.087238,-0.482063,-0.483267
29.65,29.65,-0.705989,-0.706306,0.086952,0.087232,-0.484576,-0.483073
30.21,30.23,-0.690804,-0.700239,0.047705,0.04575,-0.492903,-0.490903
28.44,28.43,0.137086,0.13688,-0.93468,-0.934187,-0.579484,-0.57908
30.45,30.47,-0.707649,-0.70716,0.036623,0.03732,-0.489168,-0.488855
29.57,29.58,-0.726267,-0.699467,0.082412,0.088659,-0.486807,-0.483398
29.54,29.54,-0.70604,-0.706494,0.088406,0.088145,-0.481054,-0.484367
29.6,29.57,-0.713383,-0.71342,0.082454,0.084925,-0.486194,-0.484263
22.45,22.45,-0.459591,-0.458509,0.089348,0.087438,-0.564553,-0.562962
30.49,30.51,-0.619552,-0.61816,0.12955,0.129759,-0.557473,-0.557859
23.99,24.42,1.725454,0.78079,1.487839,1.127463,-0.227703,0.109422
30.21,30.21,-0.689232,-0.696321,0.092934,0.090149,-0.478853,-0.481851
30.48,30.46,-0.707148,-0.705678,0.04014,0.040228,-0.491127,-0.489711
30.57,30.55,-0.64238,-0.632852,0.122423,0.12357,-0.552743,-0.553849
29.18,29.18,0.402771,0.402061,-0.618808,-0.618927,-0.547553,-0.546158
30.6,30.57,-0.61856,-0.619066,0.130557,0.129441,-0.557954,-0.556568
28.5,28.46,0.326637,0.32149,-0.523627,-0.532362,-0.648814,-0.645752
28.39,27.25,-0.350348,-0.500508,-0.485774,-0.319028,-0.61119,-0.437502
28.24,28.25,0.218664,0.218168,0.549254,0.548149,-0.557459,-0.556975
30.48,30.47,-0.705667,-0.705769,0.039136,0.039935,-0.490124,-0.490216
29.21,29.2,0.402234,0.40096,-0.617848,-0.61844,-0.544541,-0.545561
30.48,30.48,-0.614551,-0.614663,0.130613,0.131703,-0.561424,-0.560812
30.64,30.64,-0.704696,-0.707166,0.03962,0.03912,-0.488607,-0.489236
30.68,30.69,-0.689854,-0.705768,0.044158,0.039135,-0.487926,-0.490024
30.6,30.62,-0.707173,-0.708168,0.038109,0.037199,-0.488145,-0.487463
30.45,30.46,-0.620556,-0.621153,0.127527,0.128826,-0.555501,-0.555892
30.66,30.67,-0.706161,-0.703697,0.037632,0.03883,-0.489644,-0.488908
30.66,30.67,-0.707669,-0.706361,0.038107,0.03793,-0.488149,-0.489642
30.27,30.26,-0.714113,-0.70756,0.041093,0.042731,-0.489674,-0.491001
30.61,30.6,-0.70766,-0.707761,0.037614,0.037211,-0.488656,-0.488361
30.45,30.45,-0.631507,-0.618789,0.130953,0.129221,-0.553554,-0.554765
28.61,28.61,-0.079107,-0.080333,-0.710842,-0.709278,-0.513712,-0.511401
30.48,30.5,-0.694278,-0.694101,0.042675,0.043557,-0.490485,-0.489071
30.3,30.3,-0.704544,-0.706518,0.087919,0.087519,-0.481547,-0.48207
30.51,30.5,-0.707161,-0.706875,0.038121,0.037008,-0.489146,-0.487754
28.98,28.98,0.674625,0.675514,-0.487225,-0.486422,-0.493613,-0.493697
30.24,30.3,-0.704139,-0.698841,0.042692,0.045363,-0.495079,-0.491496
30.46,30.47,-0.707643,-0.706571,0.036629,0.037317,-0.489668,-0.488449
30.48,30.52,-0.707173,-0.706869,0.038109,0.037014,-0.488145,-0.488255
30.63,30.65,-0.707639,-0.707269,0.03914,0.039215,-0.491143,-0.488934
30.14,30.12,-0.710441,-0.705506,0.083937,0.087243,-0.484148,-0.483667
30.13,30.12,-0.704164,-0.703198,0.046177,0.046456,-0.494539,-0.492524
30.19,30.2,-0.695812,-0.702608,0.049141,0.046052,-0.489424,-0.491922
30.28,30.29,-0.689358,-0.711899,0.049676,0.040933,-0.490364,-0.492261
29.54,29.53,-0.687702,-0.699782,0.092981,0.090446,-0.482345,-0.482779
30.68,30.69,-0.717028,-0.707441,0.033619,0.037035,-0.491287,-0.490163
30.64,30.63,-0.707171,-0.707467,0.036607,0.03741,-0.487661,-0.488155
30.31,30.35,-0.724481,-0.699342,0.036584,0.044454,-0.491318,-0.49071
30.46,30.46,-0.70521,-0.70589,0.039601,0.040515,-0.487109,-0.488708
29.23,29.19,0.400293,0.39928,-0.618817,-0.618942,-0.547574,-0.545781
29.71,29.7,-0.706496,-0.702541,0.087942,0.088848,-0.484068,-0.483523
28.48,28.49,-0.427024,-0.369986,-0.586135,-0.629814,-0.459224,-0.416849
30.51,30.5,-0.691869,-0.691346,0.045623,0.04505,-0.485923,-0.487929
30.46,30.46,-0.706659,-0.705879,0.039132,0.040325,-0.490133,-0.489511
28.92,28.94,-0.442667,-0.280222,-0.80591,-0.902776,0.191296,0.143225
30.6,30.62,-0.706641,-0.706861,0.03915,0.039228,-0.491635,-0.489832
30.64,30.64,-0.707187,-0.706369,0.039599,0.038825,-0.487627,-0.489332
30.57,30.63,-0.706188,-0.706776,0.038107,0.03751,-0.487636,-0.487948
28.38,28.37,0.141068,0.14194,-0.934149,-0.934567,-0.580946,-0.57904
30.52,30.52,-0.700264,-0.713701,0.040611,0.037098,-0.486554,-0.489115
30.49,30.48,-0.706158,-0.706778,0.037133,0.037106,-0.48965,-0.487552
29.13,29.13,0.418428,0.420426,-0.632505,-0.634087,-0.565103,-0.565604
30.45,30.44,-0.621078,-0.621472,0.129003,0.129406,-0.553986,-0.554385
30.19,30.19,-0.704207,-0.700909,0.044129,0.04557,-0.490055,-0.492815
30.48,30.48,-0.706147,-0.705376,0.040654,0.040936,-0.492114,-0.490401
29.07,29.07,0.401256,0.405279,-0.61483,-0.618068,-0.54702,-0.550227
28.29,28.32,0.212727,0.213913,0.550247,0.548743,-0.559002,-0.558007
28.73,28.74,0.145648,0.144956,-0.66371,-0.664813,-0.545787,-0.545505
30.51,30.5,-0.691335,-0.703698,0.044159,0.040734,-0.48844,-0.489688
30.51,30.49,-0.724962,-0.689544,0.031583,0.044774,-0.490377,-0.489219
29.93,29.92,-0.704009,-0.705018,0.086455,0.087436,-0.484064,-0.483059
30.42,30.41,-0.705176,-0.70558,0.041138,0.04133,-0.490598,-0.490098
29.54,29.52,-0.706512,-0.705196,0.086422,0.086353,-0.482082,-0.484276
29.56,29.57,-0.7253,-0.712236,0.082392,0.085324,-0.484796,-0.483948
30.36,30.34,-0.697602,-0.697408,0.088948,0.088443,-0.481976,-0.481379
30.45,30.44,-0.706648,-0.706262,0.04165,0.040638,-0.492107,-0.490813
30.7,30.69,-0.642364,-0.63257,0.123943,0.124157,-0.554729,-0.552839
30.3,30.29,-0.692326,-0.70329,0.046162,0.043956,-0.489427,-0.492052
29.62,29.62,-0.70551,-0.706498,0.088943,0.08804,-0.484049,-0.483968
30.57,30.57,-0.725949,-0.708455,0.029579,0.039115,-0.489907,-0.489247
27.13,27.13,0.245339,0.24404,-0.648745,-0.64926,-0.513697,-0.512712
28.56,28.53,-0.148127,-0.118134,0.675335,0.684724,-0.582758,-0.582391
29.12,29.12,0.389164,0.390356,-0.605037,-0.606134,-0.535494,-0.535195
30.46,30.46,-0.613181,-0.626798,0.131004,0.128311,-0.551891,-0.556347
29.69,29.68,-0.706531,-0.714016,0.089913,0.085323,-0.482043,-0.484364
28.47,26.32,-0.146528,-0.147431,0.627343,0.174227,-0.489123,-0.403704
30.58,30.58,-0.7195,-0.705069,0.035623,0.039442,-0.492788,-0.490516
30.3,30.31,-0.715098,-0.698763,0.041095,0.045644,-0.490184,-0.48989
28.46,28.47,0.140679,0.140403,-0.661733,-0.663619,-0.545808,-0.546733
29.92,29.9,-0.725306,-0.711829,0.082386,0.085336,-0.484295,-0.484745
30.72,30.7,-0.724935,-0.716846,0.031108,0.034306,-0.492386,-0.490275
30.72,30.69,-0.695803,-0.70677,0.044136,0.038619,-0.487978,-0.488937
28.71,28.7,0.14169,0.142478,-0.664217,-0.66442,-0.546328,-0.545822
29.6,29.57,-0.696624,-0.705722,0.091446,0.088327,-0.48194,-0.482655
29.77,29.75,-0.706016,-0.706803,0.08843,0.087229,-0.483057,-0.482977
28.65,28.65,-0.079531,-0.079659,-0.713783,-0.713009,-0.518257,-0.516246
28.56,28.55,0.141676,0.142576,-0.662727,-0.663719,-0.54581,-0.546014
30.66,30.64,-0.707181,-0.707052,0.039605,0.038532,-0.488128,-0.490142
29.04,29.04,0.421882,0.418552,-0.630503,-0.630172,-0.564549,-0.559966
30.36,30.38,-0.706013,-0.705623,0.086928,0.087926,-0.482573,-0.482458
30.4,30.38,-0.603287,-0.623376,0.131522,0.128777,-0.550297,-0.552506
30.43,30.41,-0.622078,-0.622073,0.130496,0.129397,-0.553978,-0.55389
30.48,30.47,-0.705176,-0.705581,0.041138,0.040828,-0.490598,-0.489803
30.48,30.46,-0.705669,-0.705687,0.041641,0.04022,-0.491097,-0.48901
29.88,29.85,-0.719819,-0.694306,0.081937,0.090088,-0.486757,-0.484439
30.4,30.39,-0.705683,-0.708641,0.042128,0.04083,-0.49009,-0.490932
29.88,29.86,-0.685719,-0.703341,0.092988,0.088237,-0.482328,-0.482735
30.48,30.47,-0.707154,-0.707149,0.035621,0.036529,-0.488674,-0.489465
30.51,30.49,-0.706676,-0.707077,0.035605,0.037205,-0.487167,-0.487553
30.39,30.38,-0.728288,-0.715281,0.079358,0.082132,-0.482351,-0.484912
30.61,30.63,-0.624068,-0.62346,0.124967,0.125282,-0.551053,-0.552246
29.81,29.8,-0.706494,-0.705998,0.087443,0.087445,-0.484074,-0.48407
30.57,30.56,-0.686397,-0.706561,0.045661,0.03873,-0.487378,-0.489836
28.7,28.73,-0.254053,-0.257361,-0.479297,-0.478242,-0.663374,-0.660886
22.24,22.23,-0.455161,-0.455156,0.090837,0.089939,-0.562494,-0.562504
30.22,30.21,-0.702598,-0.701887,0.090396,0.089413,-0.479499,-0.480506
30.14,30.13,-0.706024,-0.703625,0.088923,0.087447,-0.482551,-0.483448
30.49,30.47,-0.70818,-0.707175,0.037589,0.037305,-0.486657,-0.487653
30.42,30.41,-0.705663,-0.705576,0.040644,0.040934,-0.491108,-0.490303
30.52,30.51,-0.693838,-0.695701,0.044126,0.043838,-0.486458,-0.48808
30.6,30.62,-0.707174,-0.707466,0.037106,0.03731,-0.487655,-0.488156
30.61,30.62,-0.625046,-0.624054,0.125978,0.126284,-0.552552,-0.552741
29.83,29.86,-0.710492,-0.711662,0.089904,0.086309,-0.482578,-0.482629
28.68,28.69,-0.075324,-0.076101,-0.729072,-0.730262,-0.531417,-0.532238
28.39,28.39,0.136063,0.136363,-0.933212,-0.933107,-0.577473,-0.57777
30.37,30.38,-0.618092,-0.626429,0.128023,0.127584,-0.554472,-0.553748
30.63,30.65,-0.706173,-0.706959,0.03762,0.038928,-0.488643,-0.489837
28.61,28.61,-0.075084,-0.074583,-0.752903,-0.752594,-0.5407,-0.541294
30.63,30.64,-0.705184,-0.706167,0.039126,0.038529,-0.489118,-0.489534
30.27,30.24,-0.722452,-0.703707,0.037138,0.045037,-0.495301,-0.490841
29.89,29.86,-0.699084,-0.697912,0.087945,0.090138,-0.482001,-0.481465
30.43,30.43,-0.704689,-0.70518,0.041633,0.041435,-0.490087,-0.490394
30.7,30.71,-0.70766,-0.703608,0.037614,0.03902,-0.488656,-0.488104
29.66,29.71,-0.7253,-0.716095,0.082392,0.083913,-0.484796,-0.483997
30.69,30.68,-0.697787,-0.705961,0.042122,0.037634,-0.487016,-0.489743
30.42,30.42,-0.705668,-0.705378,0.042645,0.041035,-0.491587,-0.4903
29.84,29.84,-0.704516,-0.706104,0.088448,0.087938,-0.484046,-0.483665
30.36,30.38,-0.722,-0.705671,0.036094,0.041138,-0.491302,-0.490702
30.36,30.36,-0.687871,-0.694198,0.048678,0.045966,-0.489861,-0.490347
30.63,30.64,-0.707167,-0.706467,0.039118,0.038825,-0.489135,-0.489433
30.48,30.48,-0.705694,-0.706092,0.039611,0.041113,-0.488115,-0.488703
30.45,30.45,-0.621052,-0.620862,0.128528,0.129322,-0.555995,-0.555583
30.64,30.67,-0.719526,-0.70211,0.031586,0.038535,-0.488827,-0.488797
30.46,30.47,-0.708159,-0.70775,0.037108,0.03662,-0.488165,-0.488968
30.34,30.36,-0.715417,-0.727173,0.082897,0.08039,-0.4822,-0.484834
30.51,30.51,-0.696237,-0.698453,0.041689,0.041345,-0.492017,-0.489034
29.83,29.83,-0.705992,-0.705413,0.087451,0.087438,-0.484571,-0.483263
23.67,25.48,2.592543,0.272898,2.052222,0.355327,-0.137144,0.223788
30.34,30.35,-0.700258,-0.701726,0.046132,0.04394,-0.489496,-0.490135
30.46,30.47,-0.706659,-0.70598,0.039132,0.040524,-0.490133,-0.48951
30.49,30.49,-0.708156,-0.706771,0.037612,0.036813,-0.48866,-0.488056
28.73,28.73,-0.253063,-0.25523,-0.473279,-0.470465,-0.665801,-0.668292
30.52,30.52,-0.620041,-0.619466,0.129554,0.129837,-0.557978,-0.556467
30.49,30.47,-0.707652,-0.707166,0.037122,0.037415,-0.489162,-0.488453
30.49,30.48,-0.707151,-0.706373,0.040638,0.041027,-0.491121,-0.490008
30.6,30.62,-0.707654,-0.70687,0.038624,0.038718,-0.489646,-0.488937
30.48,30.48,-0.688366,-0.696099,0.045167,0.043134,-0.488402,-0.487691
30.48,30.48,-0.619071,-0.620465,0.129035,0.129425,-0.555972,-0.555679
30.6,30.64,-0.707174,-0.707072,0.037106,0.037911,-0.487655,-0.488246
30.63,30.64,-0.706151,-0.707266,0.038143,0.039118,-0.49064,-0.489136
29.95,29.92,-0.696624,-0.705597,0.091446,0.086748,-0.48194,-0.484074
30.33,30.34,-0.707996,-0.705632,0.08692,0.087516,-0.48259,-0.481561
29.16,29.17,0.401783,0.402262,-0.61931,-0.618823,-0.547567,-0.546456
30.18,30.16,-0.704655,-0.703391,0.044175,0.045558,-0.494065,-0.492536
30.51,30.49,-0.707655,-0.707067,0.036617,0.037113,-0.488667,-0.488256
30.43,30.42,-0.705682,-0.705664,0.040626,0.040844,-0.489606,-0.491106
30.55,30.55,-0.707162,-0.70717,0.036114,0.037511,-0.488167,-0.488151
26.05,26.12,0.006237,0.01089,0.957604,0.947589,0.016322,0.029573
30.63,30.63,-0.6176,-0.622643,0.126517,0.124105,-0.553483,-0.553655
30.54,30.52,-0.61708,-0.616654,0.132058,0.129582,-0.557924,-0.55925
30.28,30.28,-0.719519,-0.703001,0.038111,0.044049,-0.492259,-0.491347
29.75,29.74,-0.706998,-0.705812,0.087934,0.088436,-0.483572,-0.483456
25.9,26.12,-0.004405,0.01089,0.949816,0.947589,0.038681,0.029573
30.72,30.7,-0.716529,-0.716336,0.034126,0.033319,-0.491778,-0.490983
30.68,30.68,-0.687365,-0.701148,0.044678,0.040616,-0.4889,-0.487263
30.16,30.17,-0.704195,-0.703789,0.045144,0.045455,-0.491545,-0.49244
29.69,29.67,-0.71495,-0.699868,0.085879,0.089356,-0.48116,-0.483394
30.45,30.45,-0.70517,-0.706759,0.041144,0.040134,-0.491098,-0.490523
30.1,30.12,-0.704511,-0.702149,0.087451,0.088143,-0.484057,-0.482826
30.68,30.66,-0.706669,-0.706865,0.037618,0.03772,-0.488647,-0.488848
29.96,29.91,-0.695104,-0.708579,0.089979,0.08663,-0.483946,-0.4835
29.2,29.21,0.399761,0.400056,-0.617851,-0.619357,-0.545063,-0.544176
30.52,30.54,-0.618073,-0.618769,0.130048,0.129743,-0.556953,-0.556662
30.34,30.35,-0.711613,-0.697969,0.040622,0.045447,-0.49116,-0.489885
30.28,30.3,-0.690857,-0.70527,0.049658,0.042848,-0.489375,-0.491781
29.71,29.71,-0.707004,-0.706207,0.087928,0.087734,-0.483071,-0.483267
30.37,30.4,-0.705162,-0.705677,0.039648,0.041432,-0.491115,-0.490298
30.7,30.7,-0.694281,-0.69597,0.041167,0.040757,-0.489501,-0.48912
30.55,30.56,-0.618061,-0.618668,0.13006,0.129243,-0.557955,-0.556567
29.0,29.0,0.671621,0.672316,-0.486262,-0.485557,-0.491625,-0.492012
30.36,30.39,-0.705226,-0.705769,0.043596,0.04154,-0.487565,-0.490999
30.31,30.29,-0.712619,-0.707062,0.041105,0.042735,-0.490162,-0.491197
29.84,29.83,-0.705502,-0.705313,0.08845,0.08774,-0.484555,-0.483459
30.31,30.28,-0.721482,-0.703782,0.036619,0.043356,-0.493295,-0.492063
30.63,30.63,-0.705679,-0.707359,0.039124,0.039123,-0.489122,-0.489638
30.6,30.61,-0.707158,-0.706757,0.037622,0.037127,-0.489152,-0.489354
30.58,30.58,-0.707167,-0.706865,0.038115,0.037117,-0.488646,-0.488554
30.42,30.43,-0.622049,-0.621266,0.128519,0.128813,-0.555502,-0.554791
30.46,30.46,-0.637906,-0.626206,0.126963,0.128009,-0.555658,-0.555945
29.93,29.93,-0.722797,-0.710445,0.082425,0.085638,-0.486777,-0.484529
30.6,30.57,-0.624524,-0.627706,0.124502,0.124381,-0.554067,-0.553294
30.51,30.49,-0.707632,-0.707262,0.034634,0.036615,-0.489691,-0.488363
30.66,30.63,-0.70668,-0.706863,0.039613,0.039226,-0.488625,-0.489732
30.43,30.44,-0.705664,-0.706272,0.03964,0.039525,-0.490619,-0.489524
30.72,30.7,-0.691327,-0.690835,0.042663,0.042961,-0.488456,-0.488249
30.13,30.13,-0.705012,-0.7055,0.087443,0.088151,-0.48356,-0.484558
30.3,30.29,-0.693815,-0.710136,0.046655,0.042121,-0.489435,-0.49093
30.49,30.51,-0.697731,-0.697841,0.040674,0.041966,-0.491039,-0.490725
30.61,30.58,-0.707661,-0.707269,0.036611,0.037611,-0.488166,-0.488252
29.03,29.04,0.420848,0.421877,-0.629546,-0.631411,-0.561542,-0.563758
30.7,30.69,-0.716033,-0.716145,0.034128,0.034015,-0.491773,-0.490674
30.4,30.42,-0.705667,-0.705274,0.040139,0.04104,-0.490613,-0.4907
28.52,28.52,0.147024,0.146936,-0.938633,-0.93792,-0.579443,-0.580738
28.95,28.95,0.296254,0.29717,-0.639689,-0.639864,-0.545709,-0.547507
28.68,28.65,-0.555276,-0.559367,-0.426501,-0.418419,-0.502607,-0.504053
30.64,30.65,-0.707155,-0.706179,0.038127,0.038316,-0.489647,-0.488435
30.43,30.41,-0.704681,-0.705086,0.040137,0.041632,-0.490104,-0.49009
30.1,30.08,-0.701702,-0.701502,0.048175,0.048077,-0.493994,-0.494093
30.66,30.68,-0.706184,-0.703199,0.038612,0.038934,-0.488131,-0.489103
30.51,30.49,-0.614057,-0.613576,0.132117,0.131904,-0.561904,-0.5606
30.66,30.63,-0.707188,-0.705974,0.038596,0.038924,-0.487138,-0.489227
30.39,30.41,-0.706177,-0.704882,0.040624,0.040434,-0.48961,-0.490002
29.8,29.8,-0.706488,-0.705608,0.087449,0.088743,-0.484575,-0.484052
30.18,30.16,-0.703701,-0.703887,0.045645,0.045256,-0.491536,-0.492443
30.72,30.71,-0.690825,-0.699936,0.04267,0.03984,-0.488953,-0.488764
28.53,28.54,-0.205995,-0.2056,0.648681,0.64798,-0.583062,-0.582665
29.62,29.6,-0.706508,-0.706495,0.08793,0.087041,-0.483067,-0.483778
29.77,29.77,-0.707497,-0.706004,0.087427,0.087639,-0.483081,-0.483667
30.72,30.69,-0.713071,-0.712477,0.034127,0.03493,-0.490746,-0.490932
30.57,30.59,-0.70718,-0.70726,0.0371,0.036918,-0.487155,-0.48866
29.69,29.68,-0.692633,-0.698079,0.092488,0.089266,-0.484397,-0.48368
30.46,30.48,-0.70766,-0.707257,0.037614,0.037021,-0.488656,-0.488959
23.42,25.01,-0.846378,-0.223931,1.113395,0.899223,-0.357464,-0.064475
30.55,30.58,-0.72494,-0.703204,0.032106,0.040032,-0.492374,-0.489191
30.58,30.59,-0.718565,-0.710153,0.036072,0.038795,-0.488267,-0.488063
28.71,28.74,0.141185,0.142483,-0.66473,-0.663914,-0.545336,-0.546418
30.48,30.45,-0.62106,-0.620275,0.130024,0.129117,-0.555978,-0.554879
30.46,30.46,-0.707144,-0.706062,0.040645,0.039839,-0.491622,-0.49062
29.81,29.8,-0.704998,-0.706308,0.086956,0.087231,-0.484567,-0.482973
30.45,30.45,-0.603746,-0.611158,0.131556,0.129948,-0.553306,-0.554691
30.48,30.48,-0.607243,-0.625822,0.132018,0.129202,-0.551327,-0.555428
30.1,30.11,-0.702706,-0.703097,0.047156,0.046559,-0.492512,-0.492722
30.46,30.49,-0.697781,-0.694006,0.043131,0.043553,-0.488006,-0.48867
30.58,30.59,-0.687902,-0.698656,0.046641,0.041841,-0.486378,-0.48883
29.51,29.49,-0.706518,-0.707297,0.087419,0.087731,-0.482071,-0.483376
29.54,29.51,-0.725265,-0.711052,0.08042,0.085824,-0.486821,-0.483631
30.7,30.68,-0.688868,-0.7013,0.04516,0.038756,-0.487906,-0.490291
29.2,29.19,0.403264,0.402474,-0.618307,-0.618909,-0.547543,-0.547557
30.68,30.68,-0.612162,-0.621387,0.126021,0.125883,-0.551939,-0.55172
30.33,30.35,-0.690808,-0.692133,0.046197,0.046457,-0.491918,-0.489022
29.18,29.18,0.399805,0.39978,-0.620315,-0.619939,-0.547596,-0.545688
30.6,30.59,-0.707648,-0.707161,0.03863,0.037419,-0.490147,-0.488854
30.61,30.61,-0.70764,-0.70715,0.03613,0.037229,-0.489674,-0.489657
30.48,30.48,-0.615058,-0.613466,0.131603,0.132116,-0.560917,-0.561598
30.45,30.45,-0.639366,-0.608589,0.126483,0.130349,-0.55768,-0.554063
30.51,30.5,-0.688868,-0.711019,0.04516,0.038216,-0.487906,-0.48998
30.48,30.46,-0.705194,-0.705692,0.041121,0.039913,-0.489095,-0.488413
30.48,30.48,-0.70767,-0.707764,0.037104,0.036907,-0.48766,-0.487963
30.61,30.58,-0.724489,-0.704581,0.033568,0.039938,-0.489348,-0.490105
30.51,30.51,-0.618584,-0.619569,0.130533,0.129531,-0.55595,-0.555971
28.61,28.6,-0.078505,-0.079788,-0.721266,-0.721765,-0.517832,-0.51815
30.51,30.52,-0.613627,-0.612794,0.133057,0.130592,-0.556881,-0.559105
30.07,30.08,-0.702682,-0.702506,0.04718,0.048563,-0.494515,-0.493295
30.16,30.16,-0.703691,-0.703803,0.047158,0.046344,-0.493021,-0.491628
25.57,22.86,-5.582583,-1.303443,-4.407539,-1.11977,4.18801,0.418782
30.7,30.71,-0.707654,-0.706876,0.03762,0.037709,-0.489156,-0.487947
30.48,30.48,-0.620562,-0.620768,0.128524,0.129518,-0.55549,-0.55528
30.36,30.37,-0.708139,-0.702509,0.040136,0.042443,-0.491135,-0.490359
30.51,30.52,-0.62257,-0.623456,0.126486,0.125186,-0.552525,-0.552547
30.42,30.43,-0.613077,-0.613357,0.133112,0.131424,-0.561383,-0.562106
29.16,29.15,0.398766,0.399965,-0.61836,-0.61955,-0.544577,-0.54478
29.54,29.57,-0.705517,-0.706904,0.08693,0.087228,-0.482569,-0.482878
30.31,30.35,-0.705535,-0.705819,0.086912,0.087426,-0.481067,-0.482466
28.65,28.67,-0.0763,-0.076303,-0.729563,-0.729865,-0.532433,-0.532136
30.46,30.46,-0.705679,-0.706177,0.040127,0.040223,-0.489612,-0.489415
30.49,30.5,-0.70718,-0.707568,0.0371,0.037508,-0.487155,-0.488055
30.46,30.45,-0.620535,-0.62095,0.127046,0.128933,-0.557009,-0.55639
30.34,30.34,-0.687895,-0.698353,0.049658,0.044555,-0.488348,-0.4905
30.34,30.31,-0.720348,-0.720908,0.072376,0.072309,-0.479857,-0.482768
29.86,29.85,-0.70503,-0.707278,0.087425,0.086546,-0.482058,-0.484392
30.52,30.53,-0.70909,-0.716536,0.037164,0.035222,-0.493181,-0.491665
30.68,30.67,-0.707143,-0.706674,0.038139,0.038816,-0.490649,-0.488734
30.36,30.36,-0.723492,-0.722593,0.037086,0.036194,-0.491303,-0.491506
30.37,30.39,-0.706635,-0.706056,0.039156,0.040346,-0.492136,-0.491315
30.54,30.55,-0.617586,-0.617963,0.130543,0.129859,-0.556443,-0.557756
30.42,30.41,-0.70514,-0.705168,0.040171,0.040946,-0.493113,-0.491201
30.7,30.69,-0.714543,-0.705464,0.033635,0.038239,-0.491766,-0.490132
30.7,30.72,-0.691318,-0.696768,0.043173,0.04095,-0.489452,-0.488824
28.76,28.77,0.143662,0.142971,-0.663218,-0.663919,-0.545799,-0.545813
30.48,30.5,-0.707646,-0.706686,0.037128,0.0375,-0.489663,-0.487146
30.45,30.45,-0.7062,-0.705773,0.042607,0.040432,-0.488586,-0.49011
23.19,24.38,-1.210687,-0.347398,-2.960735,-1.82287,-1.687021,-0.807027
30.55,30.55,-0.618569,-0.618764,0.130046,0.129748,-0.556958,-0.557063
30.37,30.37,-0.621589,-0.623653,0.129488,0.128797,-0.552983,-0.554211
29.51,29.52,-0.706013,-0.706014,0.086928,0.087128,-0.482573,-0.482571
29.57,29.57,-0.701588,-0.712422,0.090418,0.084934,-0.480992,-0.484755
30.54,30.52,-0.711101,-0.70467,0.036628,0.039947,-0.4907,-0.490907
30.72,30.71,-0.692797,-0.703493,0.041672,0.038736,-0.489482,-0.489308
30.04,30.06,-0.702171,-0.701395,0.047699,0.048987,-0.496007,-0.495084
30.33,30.34,-0.695244,-0.696465,0.043699,0.044466,-0.492987,-0.490785
29.54,29.53,-0.706974,-0.70611,0.087958,0.088334,-0.485575,-0.483359
28.65,28.66,-0.07098,-0.071619,-0.763782,-0.760619,-0.5473,-0.545065
29.88,29.89,-0.692145,-0.707799,0.089473,0.087622,-0.482424,-0.482781
30.68,30.71,-0.707176,-0.70677,0.038608,0.038118,-0.488139,-0.488742
29.84,29.83,-0.705988,-0.706014,0.087955,0.08793,-0.485066,-0.482962
30.54,30.54,-0.7072,-0.706781,0.038584,0.037404,-0.486136,-0.487448
30.37,30.39,-0.616191,-0.627507,0.132964,0.127893,-0.549892,-0.554956
29.2,29.21,0.402261,0.402161,-0.618323,-0.618625,-0.54655,-0.546354
29.53,29.53,-0.689715,-0.702365,0.093947,0.089428,-0.480349,-0.481912
30.36,30.36,-0.623543,-0.62246,0.128507,0.128002,-0.555015,-0.55411
30.3,30.29,-0.716349,-0.717248,0.071922,0.073617,-0.482332,-0.482521
30.7,30.71,-0.707167,-0.706874,0.038115,0.038513,-0.488646,-0.488438
30.48,30.49,-0.707162,-0.70667,0.037118,0.036915,-0.488657,-0.488254
29.57,29.57,-0.691696,-0.708184,0.092438,0.086931,-0.479882,-0.483493
29.53,29.54,-0.706972,-0.705514,0.086456,0.087335,-0.485091,-0.483065
28.68,28.66,-0.255064,-0.251747,-0.472301,-0.47084,-0.664806,-0.669168
30.51,30.48,-0.696287,-0.696177,0.043143,0.043054,-0.488494,-0.489396
30.48,30.49,-0.615058,-0.614759,0.131603,0.131104,-0.560917,-0.560819
30.66,30.67,-0.708129,-0.706273,0.038141,0.038421,-0.491158,-0.488935
30.72,30.71,-0.711093,-0.71445,0.035132,0.033629,-0.490717,-0.491264
30.69,30.69,-0.632942,-0.6293,0.122476,0.124368,-0.554163,-0.552708
28.97,28.97,0.634021,0.634228,-0.470267,-0.469856,-0.464723,-0.465618
29.21,29.21,0.399781,0.399865,-0.620339,-0.619351,-0.545593,-0.544779
30.49,30.5,-0.70468,-0.705084,0.04114,0.04043,-0.490593,-0.489703
30.18,30.21,-0.69877,-0.702045,0.047141,0.047226,-0.489973,-0.4898
28.61,28.61,-0.080095,-0.080078,-0.711344,-0.712129,-0.513727,-0.514838
30.72,30.71,-0.707185,-0.703496,0.038097,0.039034,-0.487144,-0.489204
30.22,30.21,-0.721971,-0.703896,0.03863,0.045246,-0.494779,-0.491642
30.45,30.44,-0.621075,-0.621963,0.129508,0.129309,-0.554481,-0.554792
29.66,29.68,-0.689689,-0.717574,0.091466,0.083515,-0.481378,-0.484515
30.6,30.6,-0.643344,-0.621286,0.121944,0.125985,-0.55476,-0.551918
30.69,30.7,-0.689845,-0.689259,0.043666,0.043358,-0.488432,-0.487529
28.94,28.95,0.296772,0.297269,-0.639165,-0.639262,-0.547702,-0.547799
30.49,30.48,-0.705181,-0.705801,0.038627,0.040003,-0.489124,-0.487611
30.31,30.33,-0.705548,-0.706112,0.0869,0.087329,-0.480065,-0.48277
30.55,30.55,-0.626501,-0.62055,0.13102,0.130441,-0.557516,-0.557271
30.7,30.72,-0.68986,-0.690442,0.044152,0.04316,-0.487425,-0.488043
30.63,30.64,-0.706665,-0.706664,0.039126,0.038525,-0.489632,-0.489438
30.6,30.6,-0.70667,-0.707154,0.036615,0.037025,-0.488158,-0.489259
30.4,30.41,-0.70468,-0.705176,0.042144,0.041138,-0.491083,-0.490598
30.51,30.55,-0.707664,-0.70697,0.03711,0.036912,-0.48816,-0.488057
29.21,29.21,0.400773,0.400586,-0.619332,-0.620024,-0.546073,-0.546684
30.72,30.72,-0.691835,-0.694501,0.041646,0.041747,-0.48697,-0.487993
30.7,30.71,-0.69576,-0.693294,0.040669,0.04217,-0.490021,-0.489581
30.58,30.58,-0.714561,-0.707462,0.03462,0.038919,-0.490753,-0.48924
28.46,28.47,0.07801,0.077829,-0.872278,-0.873364,-0.519185,-0.520201
30.52,30.54,-0.618551,-0.617562,0.129061,0.130264,-0.557971,-0.558249
30.37,30.37,-0.68838,-0.697757,0.046657,0.044358,-0.487885,-0.490497
28.61,28.59,-0.079007,-0.079584,-0.721273,-0.72206,-0.517336,-0.518452
28.77,28.75,0.144175,0.143661,-0.665205,-0.663921,-0.546317,-0.545406
29.71,29.73,-0.686735,-0.702161,0.092961,0.090137,-0.480334,-0.482704
29.6,29.64,-0.705989,-0.706394,0.086952,0.087745,-0.484576,-0.48427
30.34,30.33,-0.716385,-0.707492,0.082917,0.085025,-0.484211,-0.482407
30.4,30.39,-0.631463,-0.632554,0.127486,0.126781,-0.555596,-0.555313
28.65,28.63,-0.078157,-0.078023,-0.71088,-0.714455,-0.510199,-0.51154
30.52,30.55,-0.605666,-0.615158,0.131109,0.129095,-0.558336,-0.559744
28.74,28.7,-0.261992,-0.257221,-0.470308,-0.470781,-0.666847,-0.667512
30.28,30.31,-0.72498,-0.700713,0.037081,0.043764,-0.491317,-0.491832
30.43,30.42,-0.704668,-0.705488,0.041152,0.041224,-0.491595,-0.489498
30.52,30.53,-0.711094,-0.704769,0.037637,0.039446,-0.49169,-0.490714
30.24,30.24,-0.70503,-0.702048,0.088428,0.088045,-0.482548,-0.482927
28.92,28.57,0.373215,-0.181099,-0.085253,0.272636,-0.838787,-0.72094
30.64,30.67,-0.70668,-0.705468,0.03861,0.038134,-0.488135,-0.489733
30.64,30.63,-0.705686,-0.706566,0.038115,0.038825,-0.488132,-0.489434
29.81,29.81,-0.705526,-0.70639,0.088426,0.087749,-0.482552,-0.484571
30.7,30.68,-0.7012,-0.703391,0.038155,0.038638,-0.490096,-0.489509
30.33,30.34,-0.622063,-0.622552,0.130009,0.127808,-0.554985,-0.554613
30.22,30.22,-0.705655,-0.708042,0.04366,0.043344,-0.493078,-0.492401
29.11,29.11,0.419941,0.418409,-0.634981,-0.632624,-0.566119,-0.563501
30.51,30.5,-0.620063,-0.619066,0.129031,0.129842,-0.55598,-0.556764
30.12,30.18,-0.720336,-0.713037,0.083419,0.085213,-0.485743,-0.483255
30.51,30.51,-0.688873,-0.699664,0.046157,0.042323,-0.487895,-0.487732
30.39,30.39,-0.622554,-0.62246,0.12901,0.129306,-0.555001,-0.554696
30.42,30.42,-0.705176,-0.705188,0.042142,0.041127,-0.491087,-0.489596
29.71,29.71,-0.706001,-0.7061,0.08694,0.088144,-0.483575,-0.484163
30.66,30.67,-0.706164,-0.702717,0.037127,0.039423,-0.489149,-0.488192
30.33,30.3,-0.703674,-0.699848,0.041661,0.044942,-0.492081,-0.490007
30.4,30.41,-0.706658,-0.704975,0.040136,0.040841,-0.490622,-0.4907
29.66,29.62,-0.705992,-0.706392,0.087451,0.086945,-0.484571,-0.484079
30.6,30.59,-0.708143,-0.707654,0.038628,0.037419,-0.490151,-0.489058
30.51,30.5,-0.706171,-0.70688,0.036118,0.037304,-0.488159,-0.48745
29.92,29.95,-0.699603,-0.70285,0.089926,0.088234,-0.480981,-0.48233
30.49,30.47,-0.705693,-0.70558,0.041617,0.040128,-0.489094,-0.489611
30.46,30.45,-0.628964,-0.613349,0.126012,0.130331,-0.556593,-0.554104
30.31,30.31,-0.702585,-0.701182,0.087903,0.087421,-0.479527,-0.480522
30.57,30.59,-0.70766,-0.70706,0.038618,0.037221,-0.489145,-0.488955
29.81,29.81,-0.706016,-0.706005,0.087427,0.087539,-0.482568,-0.483568
30.54,30.52,-0.618568,-0.617767,0.131049,0.130759,-0.557447,-0.557944
29.92,29.92,-0.716382,-0.707768,0.083422,0.08625,-0.484706,-0.4848
30.46,30.48,-0.707167,-0.707263,0.038115,0.037316,-0.488646,-0.488555
29.11,29.11,0.42191,0.419818,-0.633483,-0.633702,-0.565584,-0.564703
28.14,28.2,-0.422765,-0.412745,-0.375757,-0.373209,-0.616584,-0.626285
29.21,29.2,0.399282,0.399687,-0.619842,-0.619632,-0.545591,-0.546387
29.83,29.86,-0.726758,-0.720255,0.081412,0.083301,-0.486823,-0.48414
30.69,30.69,-0.715053,-0.715358,0.035123,0.034212,-0.491252,-0.490264
30.43,30.44,-0.705679,-0.705777,0.040127,0.041231,-0.489612,-0.490201
30.34,30.34,-0.706007,-0.705136,0.087938,0.087518,-0.483563,-0.481557
30.37,30.36,-0.686402,-0.698468,0.048666,0.045142,-0.488346,-0.489492
30.34,30.34,-0.722483,-0.703694,0.036105,0.042744,-0.492308,-0.490867
29.72,29.67,-0.691181,-0.712842,0.093461,0.086013,-0.481869,-0.483344
29.53,29.52,-0.705992,-0.706195,0.087451,0.087446,-0.484571,-0.484171
30.55,30.56,-0.618583,-0.618668,0.131536,0.129243,-0.55644,-0.556567
30.48,30.49,-0.705192,-0.705576,0.040622,0.040933,-0.489101,-0.490203
30.33,30.35,-0.719352,-0.70404,0.074891,0.086826,-0.481323,-0.481756
30.72,30.71,-0.706691,-0.706577,0.036092,0.037912,-0.48616,-0.488142
29.23,29.22,0.400749,0.399468,-0.618352,-0.618851,-0.54456,-0.544977
29.65,29.64,-0.706502,-0.701855,0.087936,0.089043,-0.483568,-0.482914
30.46,30.47,-0.705692,-0.707261,0.038109,0.037117,-0.487631,-0.488658
29.65,29.66,-0.725812,-0.711453,0.080869,0.085918,-0.482814,-0.483333
30.39,30.39,-0.630955,-0.616043,0.128504,0.130004,-0.557083,-0.552629
30.13,30.13,-0.705526,-0.705312,0.087423,0.087739,-0.482063,-0.48346
30.39,30.36,-0.696799,-0.706563,0.047137,0.041335,-0.488954,-0.490808
24.64,24.42,0.422468,0.69772,0.815088,1.100112,0.265256,0.159581
30.16,30.17,-0.702216,-0.703602,0.048156,0.045845,-0.492496,-0.491633
30.72,30.71,-0.706704,-0.706176,0.039589,0.03832,-0.486621,-0.488735
29.16,29.15,0.401785,0.402565,-0.619809,-0.618716,-0.547573,-0.546952
30.7,30.68,-0.706678,-0.706866,0.038111,0.037217,-0.488141,-0.488553
30.28,30.31,-0.716576,-0.695386,0.0416,0.046063,-0.491192,-0.490457
30.6,30.63,-0.707162,-0.706961,0.037118,0.03692,-0.488657,-0.488758
30.55,30.57,-0.724496,-0.714265,0.032558,0.03502,-0.488358,-0.490746
29.8,29.81,-0.706509,-0.706314,0.086926,0.087325,-0.482578,-0.482471
30.54,30.51,-0.619572,-0.61916,0.13003,0.128443,-0.555965,-0.55658
30.52,30.52,-0.619038,-0.617975,0.128566,0.130047,-0.558481,-0.556853
30.39,30.38,-0.705667,-0.705281,0.040139,0.041534,-0.490613,-0.490293
29.72,29.68,-0.703055,-0.71047,0.089931,0.087318,-0.482513,-0.483208
28.95,28.98,0.473029,0.474918,-0.558569,-0.554246,-0.725074,-0.727312
29.6,29.61,-0.706491,-0.705417,0.086944,0.088035,-0.48408,-0.483156
30.22,30.24,-0.719043,-0.696902,0.0406,0.048536,-0.491726,-0.48924
28.43,28.44,-0.335223,-0.341109,0.341432,0.348698,-0.708877,-0.701032
29.74,29.71,-0.692619,-0.703426,0.090998,0.08815,-0.484915,-0.483839
30.09,30.07,-0.701223,-0.702497,0.049163,0.04817,-0.492977,-0.4938
30.68,30.68,-0.68885,-0.712878,0.044174,0.035527,-0.488919,-0.490929
29.75,29.78,-0.705995,-0.706507,0.08795,0.087229,-0.484565,-0.482875
30.48,30.46,-0.621567,-0.620271,0.131014,0.12892,-0.55547,-0.555082
30.61,30.6,-0.70617,-0.707754,0.037122,0.037018,-0.488648,-0.488864
30.55,30.58,-0.636942,-0.612575,0.125435,0.127006,-0.552662,-0.55103
30.34,30.34,-0.623578,-0.622272,0.129475,0.128795,-0.5525,-0.553598
30.3,30.33,-0.705022,-0.705125,0.086932,0.08783,-0.482564,-0.482655
30.64,30.64,-0.707648,-0.706266,0.037626,0.03893,-0.489657,-0.489731
30.64,30.67,-0.708147,-0.703503,0.038123,0.039629,-0.489656,-0.488898
29.23,29.21,0.403754,0.402648,-0.618312,-0.618532,-0.547038,-0.545647
30.13,30.09,-0.704193,-0.702202,0.047151,0.047167,-0.492524,-0.493208
29.86,29.87,-0.712409,-0.711249,0.083443,0.087128,-0.485173,-0.484319
30.37,30.34,-0.706512,-0.705831,0.087425,0.087214,-0.482572,-0.481366
30.14,30.13,-0.705045,-0.7053,0.087911,0.087751,-0.481051,-0.484461
30.57,30.56,-0.695326,-0.695208,0.04412,0.044139,-0.486471,-0.487973
29.18,29.18,0.399262,0.399772,-0.618358,-0.619244,-0.544573,-0.54538
30.63,30.64,-0.706668,-0.706072,0.038622,0.037822,-0.489136,-0.48884
30.7,30.7,-0.7106,-0.705651,0.034629,0.036746,-0.490218,-0.490451
30.61,30.64,-0.705204,-0.706265,0.04061,0.038529,-0.4881,-0.489635
30.45,30.46,-0.706162,-0.705967,0.040138,0.040235,-0.490618,-0.490414
30.46,30.47,-0.707191,-0.706667,0.039094,0.036617,-0.487132,-0.488358
29.59,29.58,-0.712966,-0.70503,0.08689,0.089231,-0.481632,-0.482939
28.92,28.92,0.298259,0.298457,-0.639159,-0.63986,-0.547689,-0.547395
30.69,30.7,-0.706186,-0.707455,0.036605,0.037622,-0.487152,-0.489255
29.96,29.91,-0.698071,-0.709752,0.089475,0.085539,-0.484479,-0.484424
30.39,30.38,-0.608178,-0.61435,0.130566,0.130218,-0.555359,-0.553313
29.02,29.02,0.407741,0.410857,-0.619781,-0.619527,-0.548021,-0.551598
29.12,29.12,0.388143,0.387539,-0.609583,-0.606987,-0.531046,-0.531423
28.52,28.52,0.148531,0.14735,-0.941115,-0.938603,-0.579958,-0.581844
30.58,30.58,-0.693765,-0.710303,0.040689,0.036636,-0.491004,-0.491094
30.61,30.62,-0.620094,-0.629407,0.126994,0.124861,-0.552498,-0.552302
30.46,30.48,-0.615064,-0.613758,0.131597,0.131518,-0.560416,-0.561808
30.52,30.51,-0.688843,-0.691424,0.045183,0.04447,-0.489909,-0.489439
30.46,30.47,-0.70717,-0.707081,0.038614,0.0371,-0.48864,-0.487154
30.24,30.23,-0.696783,-0.712615,0.048656,0.042613,-0.49094,-0.491146
30.7,30.68,-0.692351,-0.695679,0.044131,0.041554,-0.486445,-0.488908
28.65,28.64,-0.080043,-0.080533,-0.714301,-0.714799,-0.516765,-0.516975
30.52,30.51,-0.703164,-0.697141,0.039169,0.041172,-0.492105,-0.490828
30.46,30.45,-0.621047,-0.620672,0.130037,0.129416,-0.556979,-0.554979
29.5,29.51,-0.707502,-0.706497,0.083912,0.086237,-0.481117,-0.483286
30.46,30.47,-0.705168,-0.706069,0.040646,0.040132,-0.491104,-0.490116
30.7,30.71,-0.694279,-0.691229,0.040669,0.042461,-0.489506,-0.488257
30.07,30.07,-0.700706,-0.701911,0.05069,0.049468,-0.495459,-0.493681
29.2,29.19,0.401269,0.401765,-0.618327,-0.617824,-0.546558,-0.546749
30.58,30.58,-0.707656,-0.706968,0.035614,0.037916,-0.488177,-0.488646
30.01,30.0,-0.706016,-0.705411,0.087427,0.087639,-0.482568,-0.483461
29.5,29.52,-0.725772,-0.705321,0.08141,0.087931,-0.486313,-0.482856
28.64,28.63,-0.077512,-0.077926,-0.723767,-0.722382,-0.51685,-0.516037
28.65,28.64,-0.077826,-0.078979,-0.731611,-0.725961,-0.528462,-0.525804
29.63,29.65,-0.705505,-0.701759,0.087945,0.088038,-0.48406,-0.482223
29.66,29.66,-0.691621,-0.70105,0.091007,0.088356,-0.485407,-0.483616
30.69,30.67,-0.716589,-0.712397,0.03507,0.035312,-0.487259,-0.489524
29.18,29.18,0.40126,0.400462,-0.618838,-0.618744,-0.545563,-0.545268
29.18,29.2,0.413877,0.415379,-0.630605,-0.631186,-0.558609,-0.559605
30.45,30.48,-0.706166,-0.705569,0.039633,0.04064,-0.490123,-0.490707
28.29,28.32,0.213225,0.213913,0.548746,0.548743,-0.558514,-0.558007
30.34,30.37,-0.724962,-0.701816,0.036095,0.043347,-0.492329,-0.490644
30.58,30.59,-0.719046,-0.696405,0.036586,0.043525,-0.489768,-0.487088
29.53,29.51,-0.7149,-0.703041,0.084425,0.088642,-0.484682,-0.483129
30.13,30.12,-0.704522,-0.705302,0.088442,0.087649,-0.483545,-0.484262
29.09,29.02,-0.192377,-0.226889,-0.666369,-0.65988,-0.515194,-0.501596
29.68,29.65,-0.718833,-0.696325,0.082938,0.090647,-0.486737,-0.481746
30.13,30.12,-0.705016,-0.705719,0.086938,0.087929,-0.483065,-0.48276
30.54,30.54,-0.604231,-0.62279,0.134071,0.128668,-0.555285,-0.559915
29.68,29.64,-0.705986,-0.706693,0.086453,0.087141,-0.484582,-0.483879
30.49,30.49,-0.619074,-0.620358,0.12853,0.129032,-0.555476,-0.556183
29.6,29.64,-0.706523,-0.705708,0.088416,0.088039,-0.48206,-0.48366
30.31,30.33,-0.703086,-0.705316,0.087895,0.08553,-0.479031,-0.482182
30.64,30.61,-0.708151,-0.706773,0.035612,0.037011,-0.488182,-0.487953
30.66,30.68,-0.715033,-0.707328,0.033639,0.036547,-0.492271,-0.491069
30.42,30.41,-0.705654,-0.705581,0.040151,0.04153,-0.491615,-0.490096
28.64,28.64,-0.071101,-0.070953,-0.754877,-0.757636,-0.541189,-0.544024
22.75,22.76,-0.458582,-0.458891,0.087363,0.08715,-0.565067,-0.564071
30.58,30.58,-0.723507,-0.704176,0.032057,0.039145,-0.487854,-0.490411
29.6,29.57,-0.689644,-0.707203,0.091009,0.087826,-0.484889,-0.482974
30.52,30.52,-0.617538,-0.618171,0.129587,0.130249,-0.559959,-0.557152
29.74,29.73,-0.706007,-0.706011,0.086934,0.087632,-0.483074,-0.483066
30.6,30.61,-0.689824,-0.702205,0.044188,0.039642,-0.49043,-0.489587
30.49,30.49,-0.615083,-0.614759,0.131579,0.131605,-0.558913,-0.561014
28.95,28.95,0.663052,0.660059,-0.489441,-0.489069,-0.478712,-0.477432
22.89,22.86,-0.458585,-0.45889,0.087862,0.087251,-0.565062,-0.56417
30.33,30.34,-0.723997,-0.715374,0.036574,0.039311,-0.490312,-0.491208
30.49,30.5,-0.705705,-0.706578,0.037093,0.037409,-0.48614,-0.487847
30.45,30.47,-0.705688,-0.705679,0.039617,0.040529,-0.488616,-0.489807
30.13,30.13,-0.704991,-0.70601,0.086962,0.087132,-0.485068,-0.482971
30.64,30.65,-0.708161,-0.707161,0.03861,0.038622,-0.488649,-0.489341
29.81,29.81,-0.706493,-0.705903,0.088446,0.087641,-0.484564,-0.483766
30.48,30.48,-0.706698,-0.706586,0.038592,0.037401,-0.486633,-0.487146
30.7,30.71,-0.707161,-0.707072,0.038121,0.037108,-0.489146,-0.487855
30.22,30.21,-0.693665,-0.706816,0.09094,0.087919,-0.480417,-0.482268
30.36,30.37,-0.715429,-0.724987,0.083889,0.079299,-0.481688,-0.484728
30.43,30.41,-0.705661,-0.705575,0.040145,0.041134,-0.491114,-0.490401
29.65,29.66,-0.70701,-0.691863,0.088925,0.091866,-0.48306,-0.482194
30.61,30.64,-0.707137,-0.70647,0.038145,0.039625,-0.491149,-0.489524
30.6,30.62,-0.706172,-0.706666,0.039627,0.039025,-0.489622,-0.489533
30.42,30.39,-0.705665,-0.705273,0.042146,0.042144,-0.491592,-0.491288
30.58,30.6,-0.708157,-0.706961,0.036609,0.037522,-0.48817,-0.489051
30.49,30.47,-0.618606,-0.620857,0.128003,0.128726,-0.552974,-0.555791
30.51,30.5,-0.719495,-0.705787,0.032619,0.040318,-0.49182,-0.488909
30.31,30.32,-0.723502,-0.713361,0.036576,0.038144,-0.490308,-0.493107
30.28,30.32,-0.706046,-0.706007,0.0884,0.087336,-0.480553,-0.48327
30.42,30.4,-0.705681,-0.705879,0.041629,0.040826,-0.490096,-0.489706
29.92,29.94,-0.706004,-0.699776,0.087439,0.089649,-0.483569,-0.482889
30.39,30.4,-0.627996,-0.618902,0.127998,0.129609,-0.55556,-0.55386
23.91,24.31,1.791758,2.593474,1.537108,2.532813,-0.197017,-1.610885
29.92,29.92,-0.687706,-0.700464,0.09047,0.08865,-0.480871,-0.483006
29.51,29.51,-0.706509,-0.706398,0.086926,0.085334,-0.482578,-0.482895
29.68,29.66,-0.692189,-0.695457,0.091937,0.091728,-0.479892,-0.480123
30.43,30.45,-0.617576,-0.623245,0.127544,0.129812,-0.555976,-0.555598
30.45,30.48,-0.70618,-0.706478,0.04012,0.040721,-0.489115,-0.489412
29.65,29.64,-0.706028,-0.694245,0.087415,0.091354,-0.481566,-0.48182
30.72,30.71,-0.70618,-0.694987,0.036611,0.041053,-0.487653,-0.488507
30.43,30.4,-0.705179,-0.705769,0.041637,0.041139,-0.490592,-0.490803
29.8,29.78,-0.706506,-0.706007,0.087431,0.087938,-0.483073,-0.483564
30.52,30.5,-0.707659,-0.707272,0.035109,0.037607,-0.487682,-0.487951
30.48,30.47,-0.61859,-0.62027,0.129523,0.129422,-0.55496,-0.555377
29.11,29.09,0.418908,0.42103,-0.63302,-0.634879,-0.563602,-0.566008
30.51,30.5,-0.690361,-0.691839,0.046151,0.04445,-0.487908,-0.48794
30.45,30.45,-0.637392,-0.626012,0.126983,0.128708,-0.557156,-0.555936
30.64,30.64,-0.707161,-0.70697,0.038121,0.038717,-0.489146,-0.488837
30.7,30.67,-0.709605,-0.709718,0.037144,0.035927,-0.491683,-0.489995
28.59,28.58,0.14319,0.143776,-0.6642,-0.664607,-0.547316,-0.546414
22.24,22.35,-0.708945,-0.691901,0.018537,0.011475,0.40268,0.423184
30.39,30.42,-0.705192,-0.705785,0.040622,0.041223,-0.489101,-0.4895
28.73,28.73,-0.610289,-0.507812,0.216172,0.161411,-0.582457,-0.684065
30.54,30.57,-0.726908,-0.704193,0.031612,0.03983,-0.493399,-0.489302
29.92,29.92,-0.689169,-0.707986,0.092495,0.086228,-0.483866,-0.483099
28.64,28.65,-0.080557,-0.080025,-0.714321,-0.715185,-0.515267,-0.517877
30.33,30.33,-0.721025,-0.716572,0.038087,0.039398,-0.49077,-0.490516
28.59,28.61,-0.076562,-0.076767,-0.718289,-0.717795,-0.515778,-0.515474
29.66,29.65,-0.707005,-0.706983,0.086924,0.086946,-0.482582,-0.484385
30.57,30.57,-0.623066,-0.623856,0.126484,0.125783,-0.552529,-0.552544
30.52,30.5,-0.69385,-0.695214,0.045117,0.044333,-0.485946,-0.48757
30.36,30.36,-0.719564,-0.710627,0.038568,0.041021,-0.488748,-0.490847
29.77,29.8,-0.70503,-0.705611,0.087425,0.087136,-0.482058,-0.483168
30.09,30.12,-0.704205,-0.702913,0.047139,0.047247,-0.491523,-0.491811
30.28,30.27,-0.722483,-0.700137,0.037108,0.045151,-0.492797,-0.490809
30.54,30.53,-0.619092,-0.62086,0.129516,0.129225,-0.554464,-0.555785
30.31,30.3,-0.688851,-0.702444,0.048686,0.045417,-0.490871,-0.488823
28.52,28.52,0.147526,0.147341,-0.937622,-0.938813,-0.580429,-0.580945
22.29,22.29,-0.454661,-0.454641,0.087834,0.087954,-0.561522,-0.563224
29.69,29.68,-0.715366,-0.709669,0.08345,0.08753,-0.486701,-0.484
30.66,30.66,-0.609196,-0.615535,0.126524,0.125906,-0.551406,-0.551769
30.34,30.33,-0.69184,-0.704203,0.048159,0.04333,-0.4894,-0.490064
30.49,30.5,-0.614563,-0.618132,0.130601,0.130789,-0.560423,-0.560552
30.42,30.4,-0.705693,-0.704881,0.041617,0.041439,-0.489094,-0.490592
27.17,27.15,0.245345,0.244611,-0.648739,-0.646574,-0.514198,-0.511876
30.4,30.41,-0.705188,-0.705082,0.04213,0.041535,-0.490086,-0.490392
30.63,30.63,-0.707669,-0.70698,0.03911,0.037704,-0.488639,-0.487547
30.49,30.47,-0.708174,-0.70717,0.037595,0.03701,-0.487158,-0.487957
30.51,30.51,-0.61857,-0.619354,0.132551,0.129549,-0.557931,-0.557371
30.4,30.41,-0.622545,-0.622168,0.128517,0.129402,-0.555507,-0.554292
30.51,30.51,-0.70715,-0.707572,0.03713,0.037103,-0.489658,-0.487559
29.54,29.57,-0.724302,-0.705121,0.082401,0.088236,-0.485288,-0.483152
30.28,30.29,-0.689384,-0.706162,0.050151,0.042946,-0.488355,-0.491888
30.48,30.47,-0.707667,-0.708051,0.036605,0.037217,-0.487665,-0.488964
28.61,28.61,-0.072997,-0.072702,-0.759811,-0.75881,-0.54627,-0.546456
30.54,30.54,-0.619552,-0.619157,0.128546,0.129549,-0.556983,-0.557269
29.59,29.59,-0.703499,-0.705617,0.08597,0.087832,-0.485067,-0.48296
29.72,29.71,-0.70599,-0.705905,0.085949,0.086837,-0.484087,-0.483275
30.58,30.59,-0.718073,-0.704322,0.035569,0.041505,-0.487767,-0.487581
30.33,30.33,-0.622083,-0.62157,0.127985,0.128303,-0.552504,-0.553998
30.25,30.25,-0.705216,-0.7113,0.046114,0.040839,-0.48954,-0.492558
28.53,28.54,-0.692202,-0.690868,-0.476125,-0.483993,-0.106661,-0.09051
29.53,29.53,-0.705495,-0.706605,0.088456,0.086929,-0.485056,-0.482879
29.88,29.85,-0.697126,-0.707585,0.091438,0.086135,-0.481443,-0.483497
30.64,30.62,-0.706692,-0.706967,0.039601,0.03882,-0.487623,-0.489137
29.84,29.84,-0.705979,-0.706099,0.088466,0.087744,-0.486062,-0.484067
30.7,30.7,-0.706149,-0.707368,0.036641,0.038312,-0.490156,-0.488545
30.7,30.71,-0.705187,-0.707267,0.037618,0.037713,-0.488133,-0.488451
29.59,29.56,-0.714451,-0.702927,0.086386,0.087955,-0.481651,-0.484037
30.55,30.56,-0.706661,-0.707462,0.036122,0.037716,-0.488664,-0.488753
30.48,30.51,-0.694269,-0.691528,0.041179,0.044264,-0.490502,-0.488941
30.64,30.62,-0.707651,-0.706861,0.038125,0.039228,-0.489651,-0.489832
30.45,30.52,-0.708157,-0.707274,0.036609,0.036804,-0.48817,-0.487459
29.65,29.66,-0.691161,-0.704039,0.091977,0.088631,-0.482888,-0.482537
30.64,30.67,-0.718513,-0.706831,0.032112,0.036851,-0.490816,-0.491261
30.63,30.62,-0.707665,-0.706563,0.040619,0.038427,-0.489623,-0.489539
30.1,30.08,-0.701689,-0.701217,0.048187,0.049269,-0.494995,-0.493577
30.43,30.46,-0.706186,-0.705683,0.040114,0.040124,-0.488615,-0.489311
29.66,29.67,-0.688703,-0.702566,0.092467,0.089425,-0.481358,-0.481713
30.72,30.7,-0.707114,-0.703182,0.035159,0.037847,-0.491684,-0.490016
29.07,29.07,0.415865,0.415979,-0.627082,-0.62797,-0.560556,-0.561366
30.54,30.54,-0.635851,-0.627044,0.126039,0.127358,-0.56116,-0.560167
30.6,30.62,-0.634476,-0.623772,0.124429,0.126169,-0.551149,-0.551437
30.45,30.45,-0.614172,-0.609795,0.132004,0.131031,-0.552389,-0.553064
28.57,28.58,-0.078942,-0.078544,-0.724217,-0.725118,-0.521376,-0.521082
29.84,29.84,-0.70504,-0.706,0.086914,0.087643,-0.481062,-0.483967
29.2,29.2,0.403294,0.403762,-0.618278,-0.617903,-0.550046,-0.547835
28.71,28.71,0.142138,0.142473,-0.664263,-0.663723,-0.542318,-0.545714
30.52,30.51,-0.726466,-0.709535,0.033566,0.03872,-0.489866,-0.489962
30.34,30.34,-0.724003,-0.703121,0.037571,0.043927,-0.490301,-0.489546
28.62,28.62,-0.078134,-0.078091,-0.712863,-0.716932,-0.511223,-0.512971
28.18,28.17,0.221148,0.22044,0.551775,0.551759,-0.558911,-0.557816
30.16,30.18,-0.704203,-0.703404,0.045637,0.045846,-0.491039,-0.491631
30.31,30.33,-0.705057,-0.705823,0.087899,0.086519,-0.480049,-0.481675
30.48,30.52,-0.707666,-0.706967,0.037608,0.036914,-0.488155,-0.488257
30.49,30.5,-0.719036,-0.709138,0.037097,0.03832,-0.490764,-0.489763
29.0,28.72,0.075127,-0.253144,0.807251,0.620344,-0.446592,-0.673349
30.46,30.46,-0.705687,-0.706369,0.041623,0.039928,-0.489595,-0.489821
30.57,30.55,-0.7161,-0.703303,0.037571,0.040133,-0.487728,-0.48929
30.46,30.48,-0.705682,-0.705792,0.039623,0.040514,-0.489117,-0.488607
29.53,29.53,-0.692658,-0.705103,0.09146,0.088052,-0.481905,-0.484556
30.54,30.5,-0.710168,-0.713415,0.039582,0.038091,-0.487153,-0.4886
30.7,30.71,-0.706172,-0.707262,0.038624,0.037517,-0.489132,-0.488753
25.0,25.04,-1.000318,-0.922472,0.839967,0.793532,0.272213,0.284585
30.33,30.31,-0.729212,-0.71754,0.071399,0.074123,-0.484453,-0.483219
30.34,30.36,-0.704511,-0.704621,0.087451,0.087138,-0.484057,-0.482959
29.53,29.53,-0.70652,-0.717586,0.088921,0.084105,-0.482555,-0.483807
30.37,30.37,-0.622549,-0.622177,0.127009,0.12839,-0.554522,-0.553101
28.67,28.67,-0.073188,-0.073261,-0.745961,-0.747841,-0.536598,-0.537922
28.59,28.6,-0.080157,-0.079747,-0.707896,-0.709586,-0.510182,-0.510498
30.54,30.53,-0.708156,-0.706971,0.037612,0.037211,-0.48866,-0.488053
30.52,30.5,-0.707189,-0.70657,0.036589,0.036615,-0.486159,-0.488157
30.63,30.63,-0.706668,-0.706274,0.038622,0.03832,-0.489136,-0.488836
29.66,29.65,-0.706496,-0.701066,0.087942,0.088641,-0.484068,-0.482411
30.46,30.45,-0.612063,-0.613074,0.131133,0.132313,-0.562398,-0.561292
30.63,30.63,-0.705662,-0.703891,0.038138,0.039936,-0.490135,-0.489699
22.93,22.93,-0.453644,-0.455116,0.084353,0.085667,-0.562053,-0.563954
29.68,29.67,-0.692165,-0.700471,0.090958,0.088343,-0.481405,-0.482309
30.49,30.51,-0.708156,-0.707359,0.037612,0.036617,-0.48866,-0.488564
30.33,30.36,-0.697139,-0.704616,0.089419,0.08594,-0.479463,-0.482872
30.07,30.08,-0.702723,-0.70221,0.048142,0.048462,-0.491499,-0.493094
30.58,30.63,-0.708179,-0.706874,0.038592,0.038012,-0.487146,-0.488244
30.4,30.41,-0.704188,-0.704891,0.041641,0.041328,-0.490583,-0.489692
30.51,30.49,-0.70472,-0.705178,0.0406,0.040434,-0.487094,-0.490105
29.59,29.59,-0.707536,-0.697409,0.088893,0.090147,-0.480561,-0.482061
28.59,28.61,0.144194,0.143878,-0.663181,-0.664704,-0.548799,-0.546615
30.46,30.46,-0.707171,-0.705682,0.041119,0.039923,-0.489613,-0.489214
30.66,30.63,-0.627488,-0.633559,0.122496,0.124456,-0.554116,-0.553144
28.47,28.47,0.142177,0.141608,-0.663723,-0.6643,-0.545817,-0.547732
30.36,30.33,-0.698107,-0.700882,0.088436,0.087725,-0.480985,-0.480816
30.7,30.71,-0.69182,-0.690438,0.042162,0.043364,-0.488467,-0.488441
28.62,28.64,-0.080054,-0.080172,-0.71331,-0.712626,-0.516253,-0.515044
30.13,30.13,-0.717925,-0.708697,0.084865,0.088215,-0.480696,-0.482582
30.69,30.71,-0.70715,-0.706866,0.03713,0.03832,-0.489658,-0.489041
30.49,30.47,-0.705691,-0.705986,0.040115,0.040216,-0.48861,-0.488812
30.4,30.39,-0.622568,-0.622266,0.129497,0.1289,-0.553993,-0.554098
30.63,30.66,-0.707179,-0.701529,0.038103,0.04053,-0.487644,-0.488569
29.91,29.88,-0.721366,-0.705708,0.084882,0.088441,-0.48323,-0.483855
30.39,30.38,-0.706494,-0.705228,0.08644,0.087123,-0.483585,-0.481963
30.25,30.27,-0.687375,-0.701128,0.049683,0.045349,-0.490346,-0.491016
30.49,30.5,-0.689862,-0.701033,0.045655,0.042436,-0.487909,-0.489345
29.77,29.78,-0.705502,-0.706295,0.08845,0.087545,-0.484555,-0.484172
30.58,30.59,-0.719997,-0.7115,0.033614,0.036423,-0.491813,-0.490405
28.77,28.75,0.144673,0.143767,-0.665702,-0.663913,-0.546319,-0.546006
29.56,29.59,-0.705012,-0.70561,0.088446,0.087738,-0.48405,-0.483462
30.6,30.6,-0.620075,-0.621063,0.123503,0.125008,-0.552537,-0.55353
30.09,30.11,-0.702194,-0.700523,0.048678,0.04857,-0.494493,-0.493278
28.44,28.45,-0.600135,-0.609549,-0.537149,-0.526844,-0.230269,-0.219015
30.43,30.44,-0.705663,-0.705577,0.040644,0.040832,-0.491108,-0.490104
30.7,30.7,-0.707164,-0.706869,0.037616,0.037716,-0.488651,-0.488547
28.64,28.64,-0.079934,-0.07941,-0.719709,-0.723389,-0.523337,-0.524075
30.21,30.21,-0.693162,-0.707094,0.091951,0.086834,-0.481403,-0.483385
30.69,30.68,-0.71951,-0.719606,0.034109,0.032507,-0.491303,-0.490821
30.39,30.39,-0.636899,-0.627207,0.127484,0.127696,-0.557146,-0.555056
30.63,30.6,-0.708156,-0.707562,0.037612,0.036812,-0.48866,-0.488263
30.6,30.58,-0.699702,-0.70577,0.040679,0.038832,-0.492058,-0.489727
30.7,30.71,-0.707155,-0.707357,0.03913,0.038023,-0.490137,-0.48935
30.6,30.6,-0.688395,-0.704589,0.047144,0.040031,-0.486878,-0.489503
29.03,29.02,0.662599,0.662795,-0.482882,-0.48148,-0.485153,-0.485537
29.66,29.66,-0.725772,-0.695419,0.082413,0.090563,-0.486803,-0.482841
28.65,28.64,-0.077281,-0.076791,-0.730558,-0.731365,-0.532953,-0.532056
30.6,30.58,-0.716588,-0.699774,0.037076,0.043013,-0.488238,-0.487123
30.72,30.7,-0.69133,-0.691725,0.042158,0.043161,-0.487961,-0.488554
30.45,30.46,-0.705153,-0.705668,0.040159,0.040138,-0.492111,-0.490513
30.58,30.59,-0.706188,-0.706665,0.038107,0.038023,-0.487636,-0.489143
28.65,28.66,-0.078773,-0.078176,-0.733075,-0.732169,-0.531492,-0.531977
28.67,28.68,0.143691,0.142988,-0.664192,-0.664906,-0.547813,-0.546725
28.98,28.96,0.30272,0.301332,-0.641149,-0.63935,-0.546671,-0.547464
30.46,30.47,-0.705682,-0.705592,0.039623,0.040617,-0.489117,-0.488804
30.28,30.28,-0.715591,-0.711513,0.040595,0.041325,-0.490194,-0.491552
29.18,29.2,0.398777,0.399085,-0.620355,-0.619441,-0.5446,-0.545889
30.4,30.41,-0.622569,-0.622167,0.128493,0.1287,-0.553504,-0.553999
30.68,30.68,-0.71109,-0.698634,0.034633,0.04056,-0.490723,-0.490147
30.19,30.19,-0.702218,-0.703406,0.045145,0.046045,-0.491027,-0.491529
30.42,30.43,-0.70419,-0.705676,0.04214,0.040831,-0.490578,-0.490105
29.83,29.84,-0.706499,-0.706491,0.08844,0.087345,-0.484063,-0.484276
29.79,29.8,-0.706518,-0.7062,0.087419,0.08754,-0.482071,-0.48377
29.12,29.12,0.387643,0.385524,-0.606581,-0.60472,-0.532018,-0.529812
30.22,30.21,-0.689355,-0.703014,0.049177,0.045139,-0.490369,-0.490734
30.18,30.16,-0.703196,-0.703005,0.04716,0.046051,-0.493017,-0.491926
30.39,30.37,-0.728743,-0.72161,0.077391,0.08042,-0.484882,-0.485587
30.49,30.48,-0.707158,-0.707462,0.037622,0.036713,-0.489152,-0.488263
30.69,30.71,-0.704689,-0.706773,0.037121,0.037613,-0.488134,-0.488247
30.12,30.13,-0.70601,-0.706204,0.087433,0.087536,-0.483068,-0.48347
30.46,30.45,-0.634406,-0.622326,0.126003,0.127836,-0.557642,-0.556915
30.7,30.71,-0.690807,-0.700141,0.042688,0.040233,-0.490455,-0.48836
30.51,30.52,-0.631913,-0.602213,0.129034,0.132408,-0.56009,-0.55739
28.59,28.63,-0.076586,-0.076552,-0.71731,-0.719181,-0.514265,-0.516289
29.2,29.2,0.400256,0.401177,-0.619856,-0.620426,-0.54408,-0.546182
30.54,30.54,-0.619542,-0.618967,0.13006,0.129843,-0.558469,-0.556763
30.46,30.46,-0.705682,-0.705481,0.039623,0.040729,-0.489117,-0.489804
30.45,30.45,-0.630483,-0.622144,0.128481,0.127921,-0.555075,-0.55561
28.53,28.54,-0.2055,-0.206202,0.64768,0.647869,-0.582568,-0.581971
30.45,30.46,-0.706162,-0.706375,0.040138,0.03922,-0.490618,-0.489027
29.74,29.73,-0.712984,-0.70631,0.086872,0.088131,-0.48013,-0.483163
30.49,30.5,-0.721493,-0.707439,0.034101,0.038139,-0.49132,-0.490751
28.65,28.66,-0.073112,-0.073112,-0.749897,-0.7507,-0.54115,-0.540758
30.36,30.34,-0.694639,-0.698502,0.089951,0.088336,-0.481438,-0.48109
28.71,28.73,0.143159,0.142376,-0.664229,-0.663621,-0.544812,-0.545914
28.89,28.88,-0.281734,-0.122523,-0.702893,-0.671261,-0.408695,-0.475474
30.46,30.46,-0.622599,-0.621881,0.128463,0.128089,-0.551,-0.552801
30.3,30.28,-0.700783,-0.70014,0.047104,0.045148,-0.487487,-0.490609
30.39,30.4,-0.706001,-0.70601,0.08694,0.086932,-0.483575,-0.482873
28.17,28.2,0.218671,0.21926,0.551266,0.552064,-0.558939,-0.558724
30.4,30.42,-0.705182,-0.705384,0.042136,0.041329,-0.490587,-0.489896
30.37,30.35,-0.705538,-0.705229,0.087411,0.087524,-0.481061,-0.482059
29.66,29.67,-0.68719,-0.709177,0.090994,0.086423,-0.482864,-0.483107
28.52,28.54,-0.192142,-0.200257,0.656226,0.651598,-0.583858,-0.583179
30.18,30.15,-0.703697,-0.7029,0.047153,0.046157,-0.49252,-0.492424
29.57,29.56,-0.710985,-0.710364,0.0884,0.086624,-0.482099,-0.483516
28.62,28.61,-0.138016,-0.137748,-0.693992,-0.693418,-0.733418,-0.731305
30.37,30.38,-0.608226,-0.621203,0.131521,0.130381,-0.551842,-0.552469
29.66,29.67,-0.694656,-0.701362,0.090936,0.089043,-0.480426,-0.482709
29.88,29.84,-0.705502,-0.699073,0.087447,0.088958,-0.484066,-0.483291
30.54,30.56,-0.706176,-0.706876,0.037116,0.037709,-0.488147,-0.487947
30.39,30.42,-0.705185,-0.705588,0.041631,0.041222,-0.490092,-0.489398
30.39,30.39,-0.706002,-0.705417,0.085937,0.087433,-0.483085,-0.482863
30.12,30.11,-0.705556,-0.712613,0.088396,0.085141,-0.480048,-0.485455
30.36,30.34,-0.717088,-0.713796,0.039075,0.039709,-0.488721,-0.490589
28.92,28.91,0.3115,0.305013,-0.65882,-0.652264,-0.567832,-0.559199
30.51,30.49,-0.707672,-0.70716,0.037602,0.036818,-0.487654,-0.48866
30.33,30.34,-0.61265,-0.626825,0.129035,0.128987,-0.553913,-0.554437
30.31,30.29,-0.705532,-0.705917,0.087417,0.087227,-0.481562,-0.482469
30.13,30.13,-0.706014,-0.705696,0.085925,0.086849,-0.482084,-0.484174
25.01,25.04,-0.759169,-0.802909,0.683123,0.724873,0.327127,0.333831
30.63,30.63,-0.706669,-0.706768,0.037618,0.038821,-0.488647,-0.489135
30.34,30.33,-0.685871,-0.704363,0.046696,0.042365,-0.490367,-0.492781
29.83,29.82,-0.704516,-0.706114,0.088448,0.087929,-0.484046,-0.482863
29.74,29.78,-0.705018,-0.706805,0.08844,0.087027,-0.483549,-0.482779
30.69,30.7,-0.715042,-0.716345,0.033128,0.033311,-0.491275,-0.490283
30.6,30.6,-0.713616,-0.717863,0.037586,0.035681,-0.488207,-0.488766
24.52,24.42,0.641099,0.846612,0.968813,1.176924,0.159705,0.073489
30.39,30.38,-0.623071,-0.622086,0.128485,0.129084,-0.553007,-0.552692
30.12,30.11,-0.702216,-0.703398,0.048156,0.046253,-0.492496,-0.492327
29.96,29.95,-0.705016,-0.704623,0.086938,0.088139,-0.483065,-0.483249
30.33,30.34,-0.694167,-0.697803,0.089929,0.089246,-0.479431,-0.481874
30.18,30.19,-0.703215,-0.7037,0.046139,0.045546,-0.491025,-0.491637
29.18,29.18,0.3993,0.399981,-0.620828,-0.619835,-0.546604,-0.545986
28.53,28.55,-0.205996,-0.206393,0.647678,0.647375,-0.582572,-0.582379
29.79,29.79,-0.704517,-0.705606,0.087445,0.087943,-0.483556,-0.483861
30.69,30.72,-0.707648,-0.706875,0.03863,0.037911,-0.490147,-0.488145
29.77,29.81,-0.706022,-0.706208,0.087421,0.087833,-0.482067,-0.483266
29.46,29.51,-0.706019,-0.70701,0.087925,0.087421,-0.482562,-0.482376
29.16,29.14,0.39979,0.399276,-0.619828,-0.619548,-0.546588,-0.545187
30.48,30.48,-0.706653,-0.706871,0.038135,0.036711,-0.490144,-0.487958
30.72,30.7,-0.708145,-0.706864,0.036621,0.03732,-0.489172,-0.488752
30.21,30.24,-0.69279,-0.69827,0.047193,0.048049,-0.492425,-0.49066
30.68,30.67,-0.690331,-0.698935,0.044174,0.040354,-0.489433,-0.489751
30.58,30.58,-0.705668,-0.707361,0.038132,0.037517,-0.489634,-0.488754
29.59,29.62,-0.706022,-0.7062,0.087421,0.08724,-0.482067,-0.483673
30.43,30.44,-0.608161,-0.621652,0.128577,0.128522,-0.555882,-0.555599
29.15,29.17,0.400272,0.398988,-0.618336,-0.619339,-0.546066,-0.546089
30.54,30.52,-0.61807,-0.617968,0.129549,0.130555,-0.556959,-0.557648
30.52,30.51,-0.632899,-0.625071,0.128033,0.130063,-0.56011,-0.56052
30.46,30.45,-0.634928,-0.628997,0.127479,0.128887,-0.556127,-0.555158
30.4,30.4,-0.622551,-0.622073,0.128511,0.129298,-0.555006,-0.553891
30.33,30.36,-0.706693,-0.701032,0.04311,0.043541,-0.489086,-0.489933
30.46,30.48,-0.614581,-0.614869,0.131587,0.130993,-0.55941,-0.55992
30.64,30.64,-0.70666,-0.707473,0.038129,0.037805,-0.489643,-0.48785
30.36,30.36,-0.709134,-0.717753,0.039628,0.039503,-0.490649,-0.491327
30.63,30.63,-0.707672,-0.706568,0.038606,0.039024,-0.488143,-0.489432
30.63,30.61,-0.706661,-0.707161,0.039631,0.038723,-0.490127,-0.48944
30.63,30.62,-0.706686,-0.707173,0.038604,0.037407,-0.487634,-0.487852
30.48,30.47,-0.706147,-0.706366,0.040654,0.03953,-0.492114,-0.489925
30.54,30.55,-0.619073,-0.619069,0.130537,0.129538,-0.556456,-0.556366
24.1,24.38,1.020097,0.689183,1.260761,1.268235,0.017043,0.070151
29.56,29.58,-0.705998,-0.706091,0.087445,0.086849,-0.48407,-0.484278
29.86,29.86,-0.718406,-0.691476,0.084376,0.092058,-0.481708,-0.481487
28.65,28.64,-0.077116,-0.07722,-0.714338,-0.714442,-0.512733,-0.512334
30.37,30.38,-0.638847,-0.629489,0.125506,0.127987,-0.559189,-0.555072
29.15,29.17,0.399754,0.399472,-0.618861,-0.619047,-0.544073,-0.54528
30.19,30.18,-0.702686,-0.703604,0.044669,0.045543,-0.493041,-0.491335
28.48,28.48,-0.599658,-0.608184,-0.454447,-0.436628,-0.305963,-0.313949
28.47,27.1,0.183671,-0.045687,-0.885876,1.818233,-0.557991,-3.611857
30.69,30.7,-0.706666,-0.706866,0.03712,0.037619,-0.488653,-0.488749
29.53,29.53,-0.706,-0.706517,0.088947,0.088021,-0.484554,-0.482365
30.66,30.67,-0.705686,-0.704889,0.038115,0.038723,-0.488132,-0.488719
30.13,30.12,-0.692173,-0.708585,0.093457,0.087526,-0.481878,-0.48339
30.48,30.49,-0.618581,-0.620159,0.130034,0.129234,-0.555956,-0.556279
30.25,30.29,-0.692862,-0.70487,0.049128,0.042653,-0.487395,-0.491981
28.8,28.78,-0.133103,-0.131797,-0.726621,-0.725998,-0.756284,-0.757969
30.24,30.25,-0.715086,-0.697264,0.041107,0.046363,-0.491185,-0.491171
30.36,30.36,-0.7215,-0.702797,0.037605,0.042851,-0.492282,-0.491259
30.37,30.38,-0.705167,-0.708633,0.041649,0.040638,-0.491594,-0.491535
30.18,30.18,-0.703186,-0.703891,0.044162,0.045753,-0.49255,-0.492338
28.95,28.94,0.297262,0.297273,-0.638165,-0.639558,-0.547687,-0.548003
30.63,30.62,-0.70619,-0.706471,0.039609,0.038921,-0.488119,-0.489131
30.66,30.68,-0.717524,-0.705549,0.033617,0.038052,-0.491291,-0.491237
30.14,30.13,-0.689671,-0.703621,0.091484,0.087852,-0.48288,-0.483945
30.54,30.53,-0.618076,-0.619257,0.130547,0.129949,-0.556948,-0.557366
28.7,28.69,-0.075333,-0.0762,-0.729583,-0.730062,-0.530421,-0.532337
30.4,30.41,-0.706658,-0.705674,0.040136,0.041335,-0.490622,-0.4905
29.16,29.16,0.401768,0.401574,-0.618824,-0.618318,-0.54656,-0.547157
30.31,30.3,-0.685887,-0.702217,0.049689,0.043942,-0.490333,-0.49054
29.89,29.89,-0.707034,-0.700473,0.088901,0.090045,-0.481057,-0.48289
30.51,30.5,-0.620563,-0.619962,0.13103,0.129334,-0.556463,-0.556277
30.69,30.71,-0.706666,-0.707072,0.038123,0.037309,-0.489142,-0.487953
29.51,29.52,-0.694653,-0.705019,0.092444,0.088639,-0.48141,-0.483547
30.12,30.14,-0.705,-0.705412,0.087455,0.08804,-0.484562,-0.483557
30.7,30.7,-0.707658,-0.706967,0.037116,0.038218,-0.488661,-0.488843
28.48,28.74,-0.343709,0.015034,0.09009,-0.135738,-0.757378,-0.752412
30.52,30.51,-0.717098,-0.710043,0.037561,0.038806,-0.487236,-0.488964
30.51,30.49,-0.704695,-0.70509,0.041627,0.040625,-0.489586,-0.4893
30.25,30.25,-0.696307,-0.710528,0.050143,0.043127,-0.489918,-0.491723
30.45,30.47,-0.62257,-0.62257,0.12749,0.127289,-0.553015,-0.552916
30.4,30.43,-0.706672,-0.705676,0.041626,0.041133,-0.490104,-0.490302
30.46,30.46,-0.705663,-0.706457,0.040644,0.04024,-0.491108,-0.490919
30.66,30.65,-0.70619,-0.706969,0.039609,0.038718,-0.488119,-0.488938
30.64,30.64,-0.706656,-0.706758,0.038634,0.03853,-0.490138,-0.48984
29.06,29.06,0.390134,0.388008,-0.60656,-0.604605,-0.532998,-0.53029
28.68,28.69,0.143175,0.142971,-0.662709,-0.66402,-0.546799,-0.545713
30.64,30.62,-0.706159,-0.707164,0.03613,0.037015,-0.48916,-0.488458
30.42,30.41,-0.705675,-0.705876,0.041635,0.041231,-0.490597,-0.490202
30.64,30.67,-0.719994,-0.710401,0.033116,0.036235,-0.491819,-0.490999
29.93,29.92,-0.723783,-0.704715,0.082427,0.087543,-0.487286,-0.483556
28.64,28.64,-0.070487,-0.071353,-0.763281,-0.758142,-0.547289,-0.543532
30.45,30.45,-0.616655,-0.62095,0.130486,0.128531,-0.551426,-0.556194
28.61,28.61,-0.07559,-0.074491,-0.754419,-0.752501,-0.539219,-0.54069
29.79,29.79,-0.705012,-0.706701,0.088446,0.088035,-0.48405,-0.483569
30.49,30.52,-0.721017,-0.706199,0.035587,0.040903,-0.490297,-0.487904
30.31,30.33,-0.701573,-0.699293,0.086422,0.087934,-0.480537,-0.481101
30.58,30.59,-0.691845,-0.700953,0.044644,0.041817,-0.487437,-0.487548
30.16,30.17,-0.704678,-0.703599,0.045154,0.045547,-0.492551,-0.491736
30.6,30.58,-0.713633,-0.710555,0.039575,0.03959,-0.487684,-0.487957
30.66,30.68,-0.718014,-0.718028,0.033622,0.032906,-0.491796,-0.490302
30.4,30.4,-0.70653,-0.705134,0.087407,0.087821,-0.48107,-0.481854
29.12,29.12,0.398793,0.399074,-0.619838,-0.61885,-0.546096,-0.545181
30.16,30.19,-0.686209,-0.701673,0.092993,0.089229,-0.482833,-0.481708
30.36,30.38,-0.706171,-0.7123,0.041634,0.039222,-0.490601,-0.491082
29.68,29.7,-0.706506,-0.701165,0.086428,0.089343,-0.482583,-0.482704
30.63,30.63,-0.70619,-0.706379,0.039609,0.039116,-0.488119,-0.488628
29.65,29.68,-0.695081,-0.708683,0.089,0.086424,-0.48546,-0.483003
28.94,28.95,0.283555,0.293836,-0.620483,-0.636226,-0.529073,-0.544088
29.6,29.58,-0.706981,-0.705996,0.085945,0.087046,-0.484095,-0.484074
30.28,30.28,-0.713071,-0.716263,0.03864,0.040314,-0.492698,-0.491905
30.37,30.36,-0.692788,-0.694398,0.045691,0.045361,-0.491941,-0.489855
30.66,30.61,-0.707143,-0.706665,0.038139,0.038625,-0.490649,-0.489437
30.7,30.7,-0.706688,-0.706959,0.036597,0.037123,-0.486655,-0.489056
30.6,30.56,-0.707661,-0.706872,0.036611,0.037412,-0.488166,-0.48815
30.36,30.37,-0.724966,-0.701603,0.034587,0.04276,-0.491345,-0.49155
30.68,30.69,-0.693298,-0.714563,0.042667,0.034818,-0.489475,-0.49065
30.72,30.71,-0.707654,-0.707267,0.03762,0.037612,-0.489156,-0.488352
30.7,30.71,-0.706655,-0.707954,0.036128,0.037316,-0.489165,-0.488862
28.48,28.48,0.142189,0.142093,-0.663711,-0.664109,-0.546819,-0.546924
30.43,30.44,-0.613051,-0.612962,0.131634,0.132226,-0.562902,-0.562294
29.79,29.78,-0.706009,-0.706201,0.088436,0.08764,-0.483558,-0.483769
30.64,30.65,-0.706669,-0.707175,0.037618,0.037104,-0.488647,-0.487555
30.31,30.29,-0.686897,-0.704224,0.049667,0.044012,-0.48884,-0.488654
30.42,30.37,-0.724262,-0.717189,0.078429,0.083104,-0.486835,-0.483415
30.6,30.6,-0.690328,-0.715945,0.044679,0.03472,-0.489928,-0.491165
30.24,30.2,-0.703664,-0.702697,0.042171,0.045461,-0.493077,-0.492531
30.6,30.62,-0.706663,-0.707366,0.037624,0.038515,-0.489148,-0.488843
30.05,30.07,-0.700725,-0.7021,0.048666,0.047871,-0.492978,-0.493701
29.59,29.59,-0.689193,-0.711125,0.092471,0.085148,-0.481863,-0.485543
30.49,30.48,-0.615061,-0.61526,0.132102,0.130796,-0.560911,-0.560226
30.64,30.62,-0.705693,-0.706576,0.040614,0.039016,-0.488605,-0.488731
29.53,29.53,-0.705027,-0.706405,0.087929,0.087834,-0.482553,-0.483368
30.7,30.71,-0.691327,-0.703102,0.042663,0.038532,-0.488456,-0.488806
30.61,30.62,-0.706683,-0.706861,0.039108,0.039228,-0.488129,-0.489832
30.51,30.52,-0.689375,-0.705397,0.046149,0.040715,-0.487398,-0.488601
29.16,29.17,0.399267,0.399075,-0.619355,-0.618748,-0.544584,-0.54538
30.37,30.38,-0.707473,-0.705612,0.087451,0.087636,-0.485084,-0.483263
29.92,29.92,-0.717349,-0.707965,0.083442,0.08655,-0.486718,-0.484999
30.3,30.29,-0.692847,-0.698361,0.048641,0.045149,-0.488402,-0.490092
30.52,30.51,-0.697781,-0.695103,0.043131,0.044145,-0.488006,-0.488473
25.36,25.36,3.444965,3.346092,-9.38538,-9.396699,4.921287,4.910082
30.7,30.71,-0.693313,-0.701506,0.042151,0.038045,-0.487979,-0.489299
30.49,30.49,-0.622542,-0.621265,0.128018,0.129315,-0.555513,-0.555086
30.63,30.64,-0.705667,-0.706764,0.039136,0.038524,-0.490124,-0.489339
30.36,30.37,-0.689866,-0.695514,0.049662,0.046335,-0.489366,-0.488251
30.58,30.63,-0.707178,-0.711213,0.04011,0.037417,-0.488623,-0.489991
29.54,29.56,-0.721358,-0.712616,0.083386,0.08534,-0.483247,-0.485353
30.63,30.66,-0.707146,-0.706765,0.038638,0.038423,-0.490643,-0.48924
30.7,30.71,-0.690344,-0.693907,0.043159,0.041849,-0.487942,-0.487987
30.55,30.55,-0.628441,-0.613701,0.127545,0.130374,-0.559576,-0.557813
29.63,29.64,-0.705496,-0.706893,0.087453,0.086938,-0.484566,-0.483682
26.66,26.28,0.033465,0.019497,0.933085,0.947599,-0.010266,0.023036
30.63,30.62,-0.704703,-0.706873,0.039614,0.039317,-0.488106,-0.48893
30.46,30.47,-0.689354,-0.693208,0.044665,0.044162,-0.488417,-0.489358
30.7,30.71,-0.707159,-0.706982,0.036619,0.038003,-0.488663,-0.487543
30.43,30.42,-0.70517,-0.705472,0.041144,0.041339,-0.491098,-0.490798
30.69,30.69,-0.709593,-0.701615,0.036153,0.03974,-0.492195,-0.48928
30.51,30.48,-0.693301,-0.697379,0.043166,0.043038,-0.48947,-0.488405
30.58,30.6,-0.707144,-0.707266,0.037136,0.037112,-0.490159,-0.488257
30.42,30.39,-0.705179,-0.705274,0.040634,0.04104,-0.490103,-0.4907
30.64,30.65,-0.60677,-0.620218,0.12949,0.12677,-0.548347,-0.550398
30.69,30.68,-0.610695,-0.616125,0.127511,0.125408,-0.550908,-0.55198
30.63,30.67,-0.707667,-0.706475,0.036605,0.037514,-0.487665,-0.488246
30.16,30.17,-0.703675,-0.703797,0.04517,0.045246,-0.493544,-0.491641
29.77,29.81,-0.706012,-0.706098,0.088935,0.087343,-0.483552,-0.483972
29.8,29.8,-0.705995,-0.705998,0.086946,0.087946,-0.484076,-0.484265
30.7,30.69,-0.639372,-0.631986,0.121965,0.12465,-0.555227,-0.552127
30.42,30.42,-0.705185,-0.705578,0.041631,0.040731,-0.490092,-0.490005
30.34,30.35,-0.621067,-0.62256,0.128012,0.128302,-0.554498,-0.554207
30.31,30.31,-0.734644,-0.726257,0.068393,0.071391,-0.485035,-0.482825
29.68,29.67,-0.700544,-0.712232,0.087465,0.084827,-0.484022,-0.484053
29.69,29.71,-0.705009,-0.705407,0.087947,0.087443,-0.484055,-0.483764
30.6,30.6,-0.708136,-0.70746,0.036128,0.037417,-0.489678,-0.488756
28.91,28.91,0.310543,0.304917,-0.660795,-0.65196,-0.569866,-0.559597
30.64,30.62,-0.707156,-0.706465,0.03612,0.037424,-0.488668,-0.489048
30.61,30.64,-0.707167,-0.707353,0.039118,0.038728,-0.489135,-0.489943
29.54,29.56,-0.706538,-0.703527,0.088903,0.087948,-0.481053,-0.483642
30.6,30.59,-0.708159,-0.707074,0.038111,0.037809,-0.488654,-0.488047
28.61,28.61,-0.074333,-0.074442,-0.725559,-0.723764,-0.532871,-0.532852
30.48,30.47,-0.705184,-0.705969,0.039126,0.039832,-0.489118,-0.490018
28.64,28.64,-0.077774,-0.077882,-0.731058,-0.73187,-0.532963,-0.531871
30.46,30.45,-0.624508,-0.623228,0.127026,0.127823,-0.556543,-0.556122
30.49,30.5,-0.706161,-0.706476,0.037632,0.037412,-0.489644,-0.488047
30.34,30.32,-0.706999,-0.705328,0.086931,0.087223,-0.483083,-0.481963
30.64,30.61,-0.70766,-0.707652,0.037614,0.03702,-0.488656,-0.489063
29.53,29.56,-0.706506,-0.709872,0.087431,0.086722,-0.483073,-0.48321
29.72,29.72,-0.707014,-0.705813,0.087417,0.087031,-0.482075,-0.482771
30.49,30.49,-0.706667,-0.706782,0.036116,0.037804,-0.488163,-0.487544
30.73,30.71,-0.706651,-0.707524,0.036633,0.035446,-0.48966,-0.490783
30.64,30.65,-0.706662,-0.70677,0.038628,0.038518,-0.489637,-0.488838
30.39,30.4,-0.705679,-0.705383,0.040127,0.04123,-0.489612,-0.489997
29.68,29.66,-0.695671,-0.705804,0.092916,0.087742,-0.47941,-0.483864
29.09,29.09,0.409345,0.409639,-0.626679,-0.626481,-0.554597,-0.554392
30.43,30.44,-0.706141,-0.705397,0.039657,0.041417,-0.492126,-0.488894
30.43,30.44,-0.621553,-0.621767,0.128521,0.129407,-0.555498,-0.554588
29.65,29.65,-0.713915,-0.704316,0.08342,0.087447,-0.483683,-0.483755
30.39,30.42,-0.705663,-0.705673,0.041647,0.041837,-0.491598,-0.490794
28.5,28.51,0.141067,0.14096,-0.936156,-0.935863,-0.579967,-0.579464
30.48,30.48,-0.614075,-0.614174,0.132099,0.132099,-0.560401,-0.560402
29.54,29.54,-0.705982,-0.706208,0.087961,0.087432,-0.485566,-0.48307
30.48,30.5,-0.705186,-0.705291,0.039624,0.040721,-0.489112,-0.489101
28.57,28.59,-0.07845,-0.078636,-0.72472,-0.725812,-0.520876,-0.521391
30.57,30.56,-0.619023,-0.616198,0.129083,0.130949,-0.559978,-0.556626
30.69,30.69,-0.703244,-0.703997,0.041597,0.038625,-0.486569,-0.488613
29.86,29.83,-0.70503,-0.705514,0.087425,0.088237,-0.482058,-0.483456
29.02,29.02,0.6696,0.665877,-0.482797,-0.480057,-0.4901,-0.486796
28.41,28.44,-0.320306,-0.337665,0.344539,0.380581,-0.713721,-0.688219
30.22,30.2,-0.703707,-0.703301,0.045638,0.045349,-0.491035,-0.491736
28.61,28.51,-0.322922,-0.282653,-0.508593,-0.630264,-0.654787,-0.577378
30.21,30.18,-0.722337,-0.702135,0.082391,0.087355,-0.483768,-0.483637
30.49,30.49,-0.621517,-0.620371,0.128557,0.129621,-0.558503,-0.555375
26.6,27.84,-0.014997,0.177249,0.7012,0.582333,-0.491652,-0.542318
30.52,30.52,-0.707681,-0.707169,0.039099,0.03721,-0.487637,-0.488055
30.18,30.18,-0.703192,-0.704093,0.047665,0.045548,-0.493512,-0.491941
30.58,30.59,-0.705689,-0.707063,0.03761,0.03782,-0.487637,-0.488948
30.49,30.49,-0.619546,-0.618666,0.129556,0.129245,-0.557974,-0.556767
30.45,30.46,-0.612058,-0.612868,0.133645,0.132723,-0.563873,-0.562087
29.83,29.85,-0.7065,-0.705523,0.086434,0.088329,-0.483084,-0.482753
29.86,29.86,-0.724312,-0.697018,0.081891,0.090343,-0.484292,-0.481654
30.63,30.62,-0.706663,-0.704573,0.037624,0.039444,-0.489148,-0.490511
28.61,28.61,-0.075565,-0.074906,-0.753391,-0.751619,-0.541712,-0.539582
30.48,30.48,-0.707194,-0.707166,0.03859,0.036812,-0.486637,-0.48816
30.72,30.72,-0.691348,-0.696871,0.043144,0.040444,-0.486949,-0.488229
28.24,28.26,0.214722,0.214102,0.549263,0.550239,-0.559497,-0.557888
30.4,30.41,-0.703704,-0.705782,0.041631,0.042028,-0.489578,-0.490092
30.37,30.38,-0.688845,-0.703403,0.047689,0.042237,-0.490882,-0.490069
29.21,29.22,0.400274,0.399364,-0.619838,-0.618856,-0.545583,-0.544578
30.43,30.44,-0.705173,-0.705967,0.041643,0.039935,-0.491093,-0.490318
29.18,29.17,0.398265,0.398371,-0.617364,-0.619463,-0.54457,-0.544192
30.58,30.58,-0.707681,-0.707178,0.038095,0.037603,-0.487148,-0.48755
30.22,30.23,-0.714891,-0.710954,0.082929,0.085924,-0.484699,-0.483629
29.21,29.21,0.400756,0.401247,-0.617343,-0.617547,-0.54555,-0.545047
30.07,30.08,-0.705514,-0.706007,0.087435,0.087737,-0.483064,-0.483465
28.95,28.93,0.297775,0.298164,-0.639149,-0.640058,-0.548695,-0.5476
25.01,25.01,-0.955718,-0.971735,0.820558,0.819939,0.282899,0.271032
30.46,30.46,-0.637404,-0.622078,0.126971,0.130396,-0.556154,-0.553979
27.13,27.13,0.245341,0.24404,-0.650247,-0.64926,-0.513213,-0.512712
30.45,30.43,-0.707167,-0.706265,0.039118,0.039833,-0.489135,-0.490221
30.69,30.7,-0.704698,-0.706959,0.037614,0.037424,-0.487628,-0.489153
30.33,30.31,-0.72496,-0.699763,0.034593,0.045331,-0.491846,-0.489101
30.14,30.14,-0.703205,-0.704395,0.04665,0.046244,-0.492021,-0.491835
30.7,30.68,-0.627028,-0.615848,0.123466,0.126893,-0.551596,-0.550959
29.6,29.61,-0.705009,-0.7067,0.086944,0.087334,-0.483566,-0.483376
29.68,29.68,-0.703528,-0.712351,0.086943,0.085609,-0.483052,-0.482743
25.59,26.22,-1.558203,-1.310134,-0.994988,-0.859038,0.715404,0.545294
29.53,29.56,-0.706034,-0.703438,0.088412,0.088138,-0.481555,-0.482837
28.41,28.44,-0.319834,-0.337665,0.344517,0.380581,-0.711714,-0.688219
30.51,30.5,-0.602726,-0.600454,0.133092,0.133292,-0.556285,-0.555662
30.48,30.47,-0.705688,-0.704887,0.04062,0.040229,-0.489105,-0.489503
29.92,29.92,-0.713896,-0.707103,0.084441,0.087627,-0.485675,-0.482975
30.63,30.62,-0.706176,-0.702822,0.038119,0.040721,-0.488637,-0.488278
29.18,29.17,0.400788,0.399673,-0.618815,-0.618643,-0.54757,-0.545675
29.72,29.71,-0.706499,-0.702437,0.08844,0.088553,-0.484063,-0.483826
30.68,30.64,-0.610699,-0.619183,0.127006,0.125612,-0.550412,-0.553407
30.46,30.46,-0.617138,-0.624244,0.130497,0.130002,-0.552432,-0.555104
30.46,30.47,-0.706173,-0.706385,0.03762,0.037305,-0.488643,-0.487346
28.61,28.61,-0.075554,-0.074457,-0.754383,-0.754774,-0.542224,-0.542519
30.54,30.53,-0.620047,-0.619961,0.129548,0.130137,-0.557477,-0.556668
30.7,30.72,-0.70665,-0.703208,0.037636,0.039226,-0.490149,-0.488499
30.64,30.64,-0.706184,-0.706478,0.038612,0.038514,-0.488131,-0.488435
30.58,30.6,-0.618578,-0.613158,0.125023,0.126715,-0.554009,-0.55194
30.7,30.7,-0.709141,-0.70667,0.038618,0.037717,-0.489659,-0.488545
30.16,30.16,-0.714869,-0.694038,0.084455,0.090661,-0.487186,-0.482227
28.62,28.61,-0.074516,-0.073928,-0.757341,-0.757346,-0.544753,-0.544147
30.28,30.3,-0.684386,-0.697271,0.048204,0.045454,-0.490838,-0.490179
30.24,30.25,-0.711508,-0.709377,0.088873,0.086221,-0.480094,-0.482911
30.72,30.72,-0.691328,-0.691629,0.041659,0.042256,-0.487967,-0.487863
30.64,30.63,-0.706203,-0.70566,0.038594,0.039243,-0.486628,-0.490724
30.57,30.58,-0.688363,-0.703397,0.044668,0.039736,-0.488408,-0.489496
30.72,30.72,-0.692322,-0.693997,0.042154,0.042058,-0.48797,-0.488787
29.53,29.54,-0.685722,-0.703741,0.093487,0.089536,-0.482323,-0.483025
30.7,30.71,-0.707152,-0.707262,0.038632,0.038219,-0.490142,-0.489046
30.22,30.24,-0.721998,-0.704194,0.038101,0.044342,-0.492281,-0.491254
30.34,30.31,-0.705027,-0.705928,0.087929,0.087918,-0.482553,-0.48186
29.09,29.05,-0.239085,-0.210949,-0.638568,-0.650724,-0.519292,-0.519786
30.69,30.69,-0.716069,-0.716236,0.035095,0.033521,-0.489258,-0.491181
30.34,30.34,-0.687854,-0.698366,0.047693,0.045245,-0.490874,-0.489791
28.97,28.98,0.641999,0.640027,-0.474203,-0.473598,-0.466702,-0.467814
30.48,30.49,-0.710104,-0.707936,0.036638,0.038237,-0.491192,-0.490755
30.46,30.48,-0.705694,-0.705494,0.039611,0.039714,-0.488115,-0.488312
30.52,30.5,-0.706703,-0.704985,0.041596,0.041132,-0.487601,-0.489995
22.36,22.41,-0.660388,-0.682684,0.098451,0.027958,0.493163,0.440981
28.59,28.6,-0.162491,-0.164262,0.672788,0.672494,-0.582912,-0.583932
30.52,30.51,-0.604652,-0.614496,0.132639,0.132877,-0.560815,-0.558793
30.3,30.31,-0.705024,-0.705724,0.08743,0.087724,-0.482559,-0.482261
30.34,30.32,-0.688344,-0.710035,0.04569,0.041221,-0.4904,-0.490739
30.51,30.53,-0.705668,-0.707076,0.038132,0.037205,-0.489634,-0.487553
30.48,30.48,-0.705193,-0.70727,0.037612,0.037008,-0.487633,-0.487858
30.52,30.52,-0.619554,-0.619765,0.130048,0.129634,-0.557467,-0.556272
30.18,30.16,-0.703702,-0.703902,0.044641,0.045942,-0.491046,-0.491434
30.34,30.34,-0.688875,-0.693218,0.048662,0.047061,-0.488868,-0.489825
30.58,30.6,-0.707161,-0.70478,0.039124,0.038833,-0.489636,-0.489518
28.65,28.69,-0.25901,-0.251844,-0.468284,-0.471239,-0.668301,-0.669173
30.45,30.45,-0.606741,-0.623363,0.132025,0.129192,-0.551824,-0.553803
30.33,30.33,-0.714072,-0.692132,0.039128,0.04716,-0.4922,-0.489414
29.18,29.19,0.399791,0.399783,-0.618825,-0.619335,-0.547078,-0.546182
29.21,29.21,0.401257,0.401559,-0.618339,-0.617933,-0.545557,-0.546051
30.61,30.63,-0.636941,-0.622782,0.12293,0.126171,-0.551688,-0.551228
28.67,28.71,-0.250017,-0.252734,-0.469687,-0.469536,-0.673247,-0.670063
30.16,30.17,-0.703684,-0.703304,0.044659,0.045747,-0.492548,-0.491631
29.04,29.05,0.412815,0.411609,-0.62767,-0.626185,-0.554077,-0.55347
30.46,30.49,-0.706198,-0.703604,0.040102,0.04083,-0.487613,-0.489285
29.71,29.71,-0.723308,-0.709874,0.082909,0.08692,-0.485774,-0.483107
30.39,30.38,-0.639916,-0.629224,0.127431,0.12966,-0.553667,-0.553147
30.61,30.62,-0.705685,-0.706177,0.040121,0.03932,-0.489111,-0.489024
29.07,29.08,0.40629,0.404696,-0.624263,-0.622873,-0.549087,-0.549085
30.31,30.33,-0.696251,-0.703503,0.043179,0.042637,-0.491499,-0.490265
30.18,30.16,-0.704176,-0.703793,0.045162,0.046053,-0.493048,-0.492333
30.52,30.49,-0.721999,-0.7035,0.032586,0.040434,-0.489839,-0.489489
30.54,30.52,-0.619495,-0.617215,0.128101,0.129412,-0.561496,-0.561962
30.45,30.45,-0.707143,-0.706469,0.039142,0.040428,-0.491138,-0.490016
30.24,30.26,-0.705517,-0.708687,0.087934,0.087022,-0.483058,-0.482896
30.16,30.16,-0.702694,-0.703001,0.046165,0.045854,-0.493024,-0.492128
29.68,29.66,-0.701025,-0.715299,0.08798,0.084622,-0.485523,-0.484583
30.25,30.26,-0.706031,-0.706008,0.087914,0.086632,-0.48156,-0.482877
30.48,30.46,-0.621084,-0.620266,0.130001,0.129125,-0.553975,-0.55558
30.46,30.47,-0.706649,-0.703797,0.040647,0.040333,-0.491618,-0.489493
30.64,30.63,-0.70815,-0.706474,0.037618,0.03922,-0.489161,-0.489028
25.9,25.6,0.001769,-0.006323,0.962094,0.941537,0.014832,-0.004004
30.64,30.65,-0.708161,-0.702904,0.039613,0.039133,-0.489138,-0.488998
30.72,30.72,-0.707167,-0.703596,0.039118,0.039334,-0.489135,-0.489302
30.12,30.11,-0.702243,-0.703003,0.047627,0.046855,-0.489998,-0.492417
30.64,30.66,-0.707654,-0.703907,0.038624,0.039218,-0.489646,-0.488104
30.64,30.64,-0.707644,-0.707061,0.039134,0.038122,-0.490642,-0.489246
30.42,30.42,-0.622556,-0.62296,0.129508,0.129299,-0.554995,-0.5543
30.4,30.39,-0.642861,-0.625541,0.126446,0.128284,-0.555707,-0.553632
30.64,30.65,-0.705683,-0.706675,0.038619,0.037913,-0.488627,-0.488243
29.92,29.94,-0.698053,-0.70432,0.08849,0.087544,-0.485492,-0.483453
30.58,30.6,-0.706179,-0.707358,0.037614,0.037319,-0.488142,-0.488857
29.65,29.61,-0.706497,-0.706694,0.086938,0.087841,-0.483579,-0.484071
30.68,30.69,-0.717013,-0.717028,0.033133,0.033319,-0.492294,-0.49119
29.2,29.18,0.399286,0.39977,-0.619338,-0.619748,-0.546087,-0.544985
30.37,30.37,-0.716548,-0.710935,0.037617,0.041009,-0.491738,-0.489948
29.48,29.5,-0.724288,-0.705014,0.080911,0.087742,-0.485805,-0.483557
30.42,30.41,-0.705681,-0.705583,0.041629,0.040726,-0.490096,-0.489604
29.81,29.8,-0.706972,-0.706599,0.086456,0.087637,-0.485091,-0.483672
30.55,30.55,-0.59726,-0.613506,0.133124,0.130171,-0.557239,-0.557413
30.54,30.53,-0.597763,-0.628651,0.132113,0.127332,-0.556253,-0.558479
30.46,30.46,-0.613623,-0.61304,0.130052,0.130243,-0.555913,-0.555004
30.45,30.46,-0.706673,-0.705783,0.040622,0.039922,-0.489615,-0.489114
30.51,30.52,-0.695326,-0.706061,0.04412,0.038737,-0.486471,-0.490232
30.39,30.39,-0.6082,-0.62447,0.12904,0.130275,-0.552872,-0.552899
29.04,29.05,0.412319,0.412319,-0.627672,-0.626769,-0.554082,-0.554472
29.53,29.54,-0.72234,-0.700164,0.082889,0.088954,-0.483763,-0.483301
30.49,30.46,-0.708655,-0.707658,0.037106,0.036915,-0.488169,-0.488563
28.27,28.27,0.216196,0.216683,0.54725,0.547343,-0.557503,-0.556797
30.52,30.55,-0.610686,-0.610338,0.132533,0.130679,-0.553856,-0.55718
29.86,29.86,-0.716378,-0.717483,0.083927,0.084009,-0.485202,-0.484108
30.45,30.44,-0.621057,-0.622251,0.129526,0.128916,-0.555983,-0.5554
28.5,28.08,0.016354,0.192133,-0.791406,-0.637689,-0.377056,-0.26079
30.61,30.6,-0.645802,-0.629676,0.121454,0.122983,-0.55629,-0.553828
28.5,28.5,0.156791,0.155782,-0.884077,-0.883797,-0.55019,-0.548893
30.7,30.69,-0.700683,-0.709023,0.037676,0.037334,-0.4916,-0.490674
30.58,30.55,-0.706671,-0.707861,0.038117,0.03721,-0.488642,-0.488261
30.1,30.11,-0.702709,-0.703204,0.046652,0.047152,-0.492017,-0.492315
30.61,30.63,-0.706168,-0.707066,0.040132,0.038719,-0.490117,-0.489038
29.04,28.99,0.39316,0.423064,-0.610508,-0.562138,-0.535521,-0.667546
30.69,30.71,-0.70616,-0.706789,0.038635,0.037898,-0.490134,-0.487042
30.48,30.47,-0.705189,-0.705963,0.040123,0.039838,-0.489107,-0.490519
30.34,30.35,-0.69681,-0.708943,0.048128,0.041226,-0.488442,-0.490729
30.69,30.7,-0.706664,-0.707259,0.035617,0.037921,-0.488169,-0.48915
30.0,30.0,-0.70503,-0.705709,0.087425,0.087337,-0.482058,-0.483267
22.99,25.66,-0.499565,-0.823298,0.198659,-1.629564,-0.709918,0.350461
28.5,28.55,-0.119905,-0.114569,0.683426,0.686036,-0.582922,-0.582546
30.73,30.71,-0.689848,-0.69341,0.043161,0.042152,-0.487937,-0.48818
30.25,30.24,-0.706517,-0.706323,0.088422,0.087716,-0.482561,-0.481866
30.14,30.13,-0.705989,-0.706598,0.086952,0.087538,-0.484576,-0.483673
28.68,28.68,0.142158,0.142388,-0.664744,-0.664712,-0.543825,-0.546428
29.16,29.18,0.399793,0.399879,-0.619324,-0.620139,-0.547084,-0.545589
30.54,30.53,-0.70764,-0.707266,0.03613,0.037613,-0.489674,-0.488452
30.46,30.46,-0.706166,-0.706366,0.039633,0.039931,-0.490123,-0.490121
29.5,29.52,-0.70549,-0.705692,0.087459,0.085248,-0.485067,-0.483792
28.98,29.01,0.685114,0.681323,-0.488111,-0.487146,-0.499542,-0.498062
30.52,30.51,-0.618095,-0.617082,0.133034,0.130452,-0.556419,-0.557041
30.61,30.62,-0.707647,-0.706578,0.039633,0.038914,-0.490636,-0.488531
30.4,30.39,-0.612697,-0.608325,0.131997,0.13132,-0.551375,-0.551745
30.51,30.49,-0.619572,-0.620258,0.13003,0.129736,-0.555965,-0.556575
30.48,30.48,-0.619564,-0.621056,0.128534,0.129327,-0.555982,-0.555986
30.42,30.41,-0.706161,-0.70557,0.042145,0.040739,-0.491597,-0.490706
30.61,30.59,-0.723025,-0.70965,0.035556,0.038604,-0.488312,-0.488562
30.1,30.11,-0.705958,-0.705113,0.087985,0.087441,-0.487569,-0.483461
30.05,30.09,-0.702705,-0.702401,0.049163,0.048468,-0.493491,-0.493696
29.92,29.92,-0.689644,-0.714201,0.091009,0.084532,-0.484889,-0.485075
28.47,28.45,-0.345454,-0.337919,0.364649,0.377414,-0.693176,-0.690461
30.4,30.39,-0.705657,-0.704979,0.041653,0.041941,-0.492099,-0.490887
28.97,28.97,0.472066,0.473841,-0.557041,-0.553534,-0.72807,-0.728816
30.33,30.35,-0.70473,-0.697683,0.044601,0.045838,-0.48805,-0.489077
30.64,30.64,-0.707176,-0.707162,0.038608,0.03832,-0.488139,-0.489144
30.61,30.63,-0.707151,-0.70707,0.039635,0.038916,-0.490632,-0.488836
30.58,30.59,-0.725956,-0.707263,0.032078,0.03912,-0.49038,-0.489336
30.6,30.59,-0.706684,-0.707077,0.038105,0.037505,-0.48764,-0.48765
30.73,30.71,-0.691342,-0.690929,0.043149,0.042665,-0.487449,-0.488553
30.45,30.46,-0.705179,-0.705384,0.040634,0.039925,-0.490103,-0.489311
30.58,30.59,-0.706657,-0.707552,0.036627,0.037523,-0.489159,-0.489357
30.46,30.49,-0.704691,-0.701426,0.038623,0.041236,-0.488618,-0.489162
30.49,30.5,-0.705679,-0.698567,0.039124,0.042534,-0.489122,-0.488321
29.48,29.5,-0.706007,-0.705007,0.087938,0.087849,-0.483563,-0.484157
28.67,28.68,0.142177,0.142779,-0.663723,-0.664917,-0.545817,-0.545825
29.91,29.93,-0.712393,-0.710937,0.085966,0.085639,-0.487648,-0.484834
30.6,30.59,-0.686887,-0.693622,0.045666,0.043843,-0.487883,-0.487762
29.74,29.74,-0.705016,-0.705708,0.086938,0.087539,-0.483065,-0.483465
29.92,29.93,-0.693153,-0.696614,0.092462,0.090453,-0.482399,-0.482351
30.46,30.45,-0.611708,-0.619972,0.1325,0.129023,-0.551361,-0.555278
25.04,24.54,-0.720562,0.210337,0.692731,1.278387,0.328573,0.160773
30.45,30.46,-0.705684,-0.705476,0.041125,0.040332,-0.4896,-0.490008
29.77,29.76,-0.705516,-0.706211,0.088937,0.087931,-0.483548,-0.483064
30.37,30.37,-0.6859,-0.694399,0.048673,0.045461,-0.488842,-0.489854
30.46,30.46,-0.631433,-0.620986,0.127516,0.130201,-0.5581,-0.553972
30.24,30.23,-0.709603,-0.705776,0.040154,0.044541,-0.493152,-0.491666
30.1,30.13,-0.72627,-0.697492,0.08291,0.090063,-0.486802,-0.483365
30.4,30.4,-0.705013,-0.705539,0.086439,0.088012,-0.483071,-0.481254
29.21,29.21,0.399769,0.399465,-0.619348,-0.619155,-0.54508,-0.54458
30.43,30.44,-0.62207,-0.62147,0.129,0.129709,-0.553995,-0.554683
30.19,30.17,-0.702696,-0.703495,0.044158,0.044952,-0.492045,-0.491942
30.64,30.65,-0.707182,-0.706461,0.038602,0.038531,-0.487638,-0.489837
30.69,30.7,-0.698237,-0.697143,0.039158,0.040167,-0.489558,-0.490238
30.54,30.53,-0.706164,-0.706776,0.037127,0.03751,-0.489149,-0.487948
30.55,30.54,-0.597275,-0.612707,0.133611,0.130681,-0.556231,-0.558102
29.59,29.57,-0.688673,-0.711836,0.092497,0.08593,-0.483862,-0.484438
23.27,27.66,-0.944838,-0.402585,-0.88909,-0.520226,-0.190669,-0.532695
30.37,30.39,-0.628483,-0.632071,0.1265,0.127371,-0.555581,-0.554501
28.74,28.7,-0.254542,-0.252558,-0.47829,-0.478382,-0.664368,-0.664352
30.51,30.5,-0.707173,-0.706871,0.038109,0.036711,-0.488145,-0.487958
29.66,29.67,-0.706502,-0.702054,0.088939,0.089042,-0.484057,-0.482916
30.52,30.55,-0.720997,-0.710214,0.034103,0.037529,-0.491316,-0.490682
30.28,30.3,-0.718056,-0.708555,0.039095,0.042321,-0.490733,-0.490513
30.45,30.46,-0.631944,-0.623733,0.128001,0.128816,-0.557097,-0.555814
30.58,30.58,-0.706669,-0.706676,0.037618,0.037812,-0.488647,-0.488144
30.52,30.53,-0.617589,-0.617866,0.130038,0.129355,-0.555948,-0.55736
30.54,30.54,-0.618076,-0.618456,0.130547,0.129157,-0.556948,-0.557668
30.43,30.42,-0.622087,-0.621977,0.129985,0.128692,-0.552982,-0.553296
30.33,30.33,-0.714042,-0.69579,0.038155,0.045954,-0.494215,-0.489861
29.2,29.21,0.399748,0.399877,-0.618867,-0.618937,-0.543572,-0.545977
30.69,30.71,-0.707158,-0.703693,0.037622,0.038833,-0.489152,-0.489209
30.64,30.64,-0.707654,-0.706669,0.038624,0.038722,-0.489646,-0.489135
30.6,30.59,-0.707643,-0.707068,0.036629,0.037514,-0.489668,-0.488351
30.58,30.62,-0.707161,-0.703398,0.039124,0.039835,-0.489636,-0.489495
29.18,29.17,0.401243,0.401861,-0.616849,-0.618629,-0.545039,-0.546156
30.61,30.6,-0.686876,-0.701318,0.044674,0.041445,-0.488395,-0.48996
29.66,29.64,-0.706475,-0.706289,0.087461,0.08745,-0.485576,-0.484573
30.58,30.6,-0.699259,-0.701618,0.042633,0.040539,-0.488526,-0.489371
30.52,30.51,-0.619569,-0.619358,0.130535,0.129345,-0.55646,-0.556972
30.51,30.48,-0.704698,-0.705375,0.042126,0.040635,-0.48958,-0.490305
30.37,30.38,-0.706667,-0.705679,0.040628,0.041932,-0.490116,-0.490393
30.66,30.62,-0.706663,-0.706765,0.037624,0.038723,-0.489148,-0.489336
30.46,30.46,-0.622993,-0.622145,0.126556,0.128221,-0.558538,-0.555607
29.16,29.18,0.386641,0.390049,-0.603586,-0.606446,-0.532494,-0.5342
30.05,30.05,-0.701686,-0.702916,0.048692,0.048247,-0.49549,-0.492
30.14,30.16,-0.703173,-0.703006,0.045177,0.04625,-0.49404,-0.491924
30.61,30.62,-0.706671,-0.705874,0.038117,0.038827,-0.488642,-0.489328
29.89,29.9,-0.701016,-0.706304,0.087487,0.087034,-0.486029,-0.483176
30.45,30.46,-0.704699,-0.706457,0.041122,0.039637,-0.489091,-0.490626
30.64,30.63,-0.706184,-0.706562,0.038612,0.038629,-0.488131,-0.489737
30.34,30.35,-0.699741,-0.702923,0.045653,0.043828,-0.491,-0.489546
29.65,29.64,-0.70552,-0.705613,0.087429,0.087835,-0.482563,-0.483261
29.04,29.05,0.411304,0.412927,-0.626696,-0.627255,-0.552577,-0.555374
30.58,30.56,-0.706681,-0.706863,0.037606,0.037822,-0.487645,-0.489047
30.33,30.31,-0.715042,-0.705474,0.038644,0.041539,-0.493717,-0.490796
30.09,30.08,-0.704184,-0.701992,0.047662,0.047981,-0.49352,-0.4945
30.24,30.25,-0.701169,-0.699264,0.044704,0.04674,-0.495531,-0.489982
30.4,30.42,-0.705693,-0.705479,0.041617,0.041433,-0.489094,-0.490296
28.14,28.12,0.219157,0.219051,0.548751,0.549045,-0.556959,-0.556556
29.23,29.23,0.399802,0.400084,-0.619816,-0.61933,-0.54759,-0.54648
30.19,30.2,-0.690845,-0.701318,0.050673,0.046359,-0.490866,-0.492108
29.0,28.55,-0.427297,-0.703897,0.380875,-0.454292,-0.616067,-0.084076
30.73,30.71,-0.708141,-0.706369,0.038129,0.037922,-0.490157,-0.488942
25.44,27.58,-0.018918,-0.327915,0.971188,-0.083455,0.0403,-0.511572
30.14,30.13,-0.703683,-0.703204,0.046666,0.04645,-0.493527,-0.492023
29.53,29.53,-0.685724,-0.707889,0.093986,0.08683,-0.482317,-0.483292
30.39,30.37,-0.6928,-0.702898,0.046683,0.041747,-0.491429,-0.490671
29.53,29.53,-0.717399,-0.697705,0.084897,0.090348,-0.483196,-0.482262
30.18,30.18,-0.704173,-0.703703,0.045667,0.045944,-0.493543,-0.491532
29.68,29.67,-0.722357,-0.70495,0.084878,0.089011,-0.483239,-0.481238
30.49,30.48,-0.706693,-0.705577,0.042107,0.040331,-0.488596,-0.489909
30.24,30.22,-0.687744,-0.704922,0.092939,0.087635,-0.47884,-0.482956
30.34,30.38,-0.686372,-0.699733,0.048695,0.043656,-0.490849,-0.490822
30.43,30.42,-0.704681,-0.705376,0.040137,0.040435,-0.490104,-0.490207
28.64,28.65,-0.073832,-0.07373,-0.731067,-0.729359,-0.530925,-0.531907
28.48,28.47,-0.100693,-0.325326,-0.51618,-0.544819,-0.700025,-0.612443
30.51,30.48,-0.717553,-0.709712,0.035594,0.037136,-0.489766,-0.490983
29.57,29.56,-0.687234,-0.705702,0.092454,0.087244,-0.479843,-0.483869
28.97,28.97,0.637491,0.639222,-0.47226,-0.473411,-0.463713,-0.467017
30.61,30.59,-0.708679,-0.707271,0.037082,0.037207,-0.486166,-0.487856
30.28,30.3,-0.707004,-0.705332,0.087928,0.087319,-0.483071,-0.481661
30.52,30.54,-0.618076,-0.618668,0.129543,0.129845,-0.556458,-0.55686
30.6,30.57,-0.619073,-0.618667,0.130537,0.129645,-0.556456,-0.556863
30.3,30.28,-0.720012,-0.703612,0.03761,0.044232,-0.492269,-0.490148
30.01,29.97,-0.704534,-0.706794,0.08843,0.087539,-0.482543,-0.483875
30.72,30.71,-0.707652,-0.7031,0.037122,0.039636,-0.489162,-0.489395
25.09,25.06,-0.842882,-1.039724,0.714484,0.849728,0.347291,0.344609
30.72,30.71,-0.706174,-0.704298,0.036617,0.038822,-0.488153,-0.488412
30.4,30.39,-0.64286,-0.623055,0.12745,0.129002,-0.556196,-0.554504
30.48,30.48,-0.705694,-0.705385,0.039611,0.039624,-0.488115,-0.489114
30.48,30.48,-0.705688,-0.704788,0.04062,0.041131,-0.489105,-0.489893
29.18,29.19,0.401265,0.401573,-0.620838,-0.619924,-0.545084,-0.546374
30.4,30.41,-0.705679,-0.705877,0.040127,0.040929,-0.489612,-0.490005
29.16,29.16,0.389626,0.386924,-0.60557,-0.6039,-0.53249,-0.531193
30.72,30.7,-0.691331,-0.694089,0.041155,0.042265,-0.487472,-0.489487
30.55,30.54,-0.635378,-0.613098,0.128024,0.130986,-0.560132,-0.558703
29.21,29.21,0.399778,0.399068,-0.61984,-0.618354,-0.545587,-0.544975
30.64,30.64,-0.70666,-0.70677,0.038129,0.038017,-0.489643,-0.488644
30.36,30.34,-0.684418,-0.700154,0.049676,0.044432,-0.488818,-0.489114
30.42,30.42,-0.623551,-0.621879,0.129,0.129093,-0.554508,-0.553391
30.33,30.34,-0.710457,-0.708678,0.082417,0.085727,-0.482162,-0.483111
30.51,30.5,-0.618067,-0.618783,0.130054,0.129328,-0.557454,-0.555365
30.73,30.7,-0.715041,-0.715537,0.034132,0.033728,-0.491765,-0.491573
30.28,30.3,-0.718564,-0.704771,0.039082,0.042753,-0.489736,-0.491978
30.36,30.38,-0.734686,-0.72658,0.077375,0.079387,-0.485435,-0.484239
30.14,30.16,-0.703701,-0.703802,0.045645,0.046344,-0.491536,-0.491729
28.61,28.61,-0.075702,-0.076985,-0.745003,-0.745703,-0.534105,-0.534324
30.69,30.68,-0.691367,-0.701018,0.045631,0.039844,-0.48642,-0.489474
30.66,30.65,-0.70717,-0.70657,0.038614,0.03842,-0.48864,-0.488938
30.39,30.37,-0.721809,-0.724506,0.08092,0.080189,-0.485784,-0.483912
30.69,30.71,-0.706175,-0.703902,0.039122,0.038822,-0.489127,-0.488309
30.64,30.63,-0.706172,-0.706566,0.038624,0.038425,-0.489132,-0.489338
30.52,30.56,-0.718524,-0.704992,0.03511,0.040524,-0.491283,-0.4892
30.48,30.47,-0.614102,-0.628086,0.128062,0.127304,-0.556441,-0.555969
30.58,30.58,-0.706635,-0.707073,0.038153,0.037008,-0.491646,-0.487756
30.64,30.62,-0.705683,-0.70677,0.038619,0.038919,-0.488627,-0.489034
30.68,30.68,-0.711111,-0.707927,0.035114,0.036641,-0.489215,-0.490772
29.59,29.55,-0.704987,-0.706104,0.089473,0.087638,-0.486542,-0.483568
30.58,30.59,-0.719049,-0.710343,0.037085,0.0382,-0.489762,-0.488472
30.39,30.4,-0.605752,-0.630282,0.132528,0.128385,-0.55181,-0.555275
29.83,29.81,-0.706467,-0.706312,0.085965,0.087628,-0.485593,-0.482768
30.14,30.15,-0.703206,-0.703304,0.045646,0.046047,-0.491531,-0.491728
30.66,30.68,-0.717516,-0.714275,0.031118,0.03471,-0.490818,-0.489848
30.55,30.56,-0.712632,-0.700142,0.039086,0.041737,-0.488181,-0.488944
30.24,30.25,-0.70276,-0.703505,0.047102,0.04474,-0.488005,-0.490943
28.61,28.61,-0.078329,-0.076444,-0.720089,-0.719679,-0.532844,-0.533123
23.99,24.36,1.757308,0.870681,1.488581,1.145202,-0.237936,0.097982
30.34,30.33,-0.718555,-0.712511,0.038589,0.039911,-0.490242,-0.490375
30.37,30.36,-0.722507,-0.708052,0.036081,0.041529,-0.490305,-0.490819
28.91,28.91,0.311475,0.310896,-0.659847,-0.658932,-0.56534,-0.567037
30.63,30.65,-0.706656,-0.706376,0.038634,0.038618,-0.490138,-0.488733
30.54,30.56,-0.709608,-0.70716,0.036639,0.038824,-0.491188,-0.489539
30.39,30.39,-0.632989,-0.62158,0.128947,0.128996,-0.553088,-0.55349
28.44,28.58,-0.593018,-0.579597,-0.586986,-0.328315,0.104316,-0.126548
29.8,29.79,-0.706503,-0.706497,0.086932,0.086938,-0.483078,-0.483579
30.13,30.12,-0.704674,-0.703,0.046662,0.046958,-0.493536,-0.492717
30.61,30.64,-0.706174,-0.706867,0.040126,0.03852,-0.489616,-0.489039
29.04,29.04,0.402744,0.403237,-0.619336,-0.619136,-0.545055,-0.544948
30.36,30.35,-0.71593,-0.72106,0.084884,0.082584,-0.481681,-0.482853
28.64,28.64,-0.071046,-0.071239,-0.758332,-0.75893,-0.544233,-0.544342
30.37,30.38,-0.604764,-0.615356,0.132027,0.131002,-0.551306,-0.552411
28.53,28.55,0.143712,0.142984,-0.664673,-0.663907,-0.54932,-0.546814
30.3,30.31,-0.7312,-0.726329,0.06888,0.069813,-0.482996,-0.484346
28.88,27.48,-0.192786,0.162311,-0.819727,-0.530007,-0.495898,-0.089531
30.22,30.22,-0.690634,-0.710465,0.089503,0.08632,-0.484414,-0.48322
30.37,30.36,-0.716539,-0.712714,0.037124,0.040807,-0.492244,-0.490367
29.2,29.19,0.401761,0.400464,-0.619833,-0.619445,-0.54557,-0.545076
29.57,29.57,-0.707013,-0.70601,0.08842,0.087934,-0.482565,-0.483263
28.98,28.97,0.633523,0.633029,-0.469769,-0.468867,-0.464721,-0.465317
30.46,30.47,-0.708168,-0.706575,0.038604,0.037212,-0.488148,-0.48805
30.3,30.29,-0.722993,-0.707272,0.037593,0.043123,-0.491794,-0.490393
30.45,30.45,-0.706162,-0.706466,0.041141,0.040632,-0.491107,-0.490314
30.39,30.41,-0.621586,-0.622762,0.129993,0.128497,-0.553478,-0.553906
30.18,30.2,-0.703215,-0.704582,0.045135,0.045352,-0.490535,-0.492348
30.25,30.23,-0.684366,-0.706564,0.051232,0.044343,-0.493809,-0.492076
29.69,29.7,-0.706503,-0.705615,0.086932,0.087332,-0.483078,-0.482866
30.36,30.34,-0.684905,-0.701906,0.049182,0.042754,-0.489329,-0.491152
30.43,30.44,-0.621594,-0.621061,0.130486,0.12892,-0.552972,-0.555389
29.5,29.51,-0.706979,-0.705707,0.084443,0.087138,-0.483612,-0.48337
30.39,30.39,-0.605747,-0.62841,0.131531,0.12808,-0.551821,-0.55416
30.34,30.37,-0.705514,-0.70523,0.087435,0.088125,-0.483064,-0.482252
30.36,30.35,-0.72348,-0.714573,0.037098,0.039522,-0.492305,-0.4919
30.37,30.38,-0.618166,-0.628619,0.13146,0.129573,-0.549926,-0.553945
30.68,30.68,-0.612156,-0.615249,0.12703,0.126598,-0.552929,-0.551158
29.72,29.73,-0.706511,-0.706209,0.088428,0.087832,-0.483061,-0.483166
30.51,30.49,-0.705188,-0.705289,0.041126,0.040523,-0.489596,-0.489203
30.66,30.68,-0.717539,-0.703475,0.034104,0.038754,-0.490284,-0.49081
30.63,30.63,-0.706176,-0.706663,0.038119,0.037825,-0.488637,-0.489246
25.93,24.32,5.719905,2.563311,5.864528,2.342864,-9.752275,-1.166315
29.69,29.71,-0.708947,-0.69791,0.084952,0.09004,-0.485126,-0.481566
30.7,30.7,-0.708153,-0.70647,0.038117,0.037319,-0.489155,-0.488549
29.86,29.86,-0.692675,-0.698909,0.092446,0.090329,-0.480892,-0.48107
30.42,30.4,-0.705696,-0.705888,0.042116,0.04172,-0.489089,-0.489396
22.62,22.59,-0.455617,-0.45582,0.08586,0.085955,-0.563556,-0.563256
30.7,30.69,-0.709116,-0.705956,0.035133,0.037338,-0.490199,-0.490047
30.52,30.51,-0.618076,-0.619264,0.129543,0.12934,-0.556458,-0.556571
28.89,28.89,0.452808,0.437257,-0.652239,-0.648871,-0.488393,-0.491395
29.88,29.89,-0.703076,-0.713821,0.090412,0.085721,-0.481005,-0.484257
22.48,22.55,-0.454619,-0.457014,0.086873,0.086649,-0.564538,-0.563259
30.46,30.45,-0.601768,-0.613665,0.132561,0.130813,-0.553277,-0.552799
30.12,30.13,-0.701025,-0.705408,0.086977,0.088345,-0.485034,-0.484055
28.61,27.38,-0.657538,-0.618623,-0.491103,-0.338823,-0.178155,-0.043961
30.73,30.71,-0.690352,-0.693711,0.044655,0.042249,-0.487925,-0.487981
30.49,30.51,-0.690348,-0.692221,0.046163,0.044062,-0.488909,-0.488949
30.33,30.33,-0.701572,-0.703252,0.088429,0.086523,-0.481516,-0.481151
30.64,30.64,-0.706172,-0.706559,0.039627,0.039033,-0.489622,-0.490132
30.7,30.72,-0.69132,-0.697958,0.043672,0.041247,-0.489447,-0.488931
25.36,25.41,3.461715,2.974726,-9.412498,-9.275479,4.942163,4.830693
30.1,30.12,-0.706497,-0.705515,0.086938,0.087835,-0.483579,-0.48316
22.93,22.94,-0.45514,-0.45591,0.085844,0.08456,-0.562049,-0.563373
30.1,30.07,-0.701224,-0.701908,0.048159,0.049069,-0.492487,-0.493685
30.61,30.61,-0.708144,-0.707363,0.037624,0.037014,-0.489661,-0.488359
30.28,30.3,-0.718536,-0.702126,0.03961,0.044236,-0.492234,-0.490035
25.66,26.43,-1.760231,-0.319083,-1.419156,0.06561,0.960786,0.09315
30.7,30.71,-0.707182,-0.706667,0.037598,0.03782,-0.487149,-0.488845
30.49,30.49,-0.70618,-0.706466,0.04012,0.039528,-0.489115,-0.489826
30.37,30.37,-0.704204,-0.704581,0.04363,0.041944,-0.49006,-0.490984
30.58,30.6,-0.706654,-0.707156,0.037132,0.037023,-0.489654,-0.489059
30.7,30.7,-0.712082,-0.713471,0.034629,0.034422,-0.490731,-0.490546
28.88,28.88,0.32535,0.32638,-0.672324,-0.675391,-0.518278,-0.520107
30.72,30.71,-0.706191,-0.70696,0.037602,0.038024,-0.48714,-0.489346
28.74,28.75,0.145139,0.145254,-0.663723,-0.665011,-0.54479,-0.545504
29.2,29.19,0.400257,0.400369,-0.61785,-0.619842,-0.545059,-0.545281
24.5,24.54,0.636246,0.663839,0.978425,1.018478,0.146749,0.159864
30.64,30.65,-0.708168,-0.705676,0.037601,0.038927,-0.487658,-0.489325
29.8,29.8,-0.706975,-0.706498,0.085951,0.08774,-0.484596,-0.48387
30.54,30.52,-0.612131,-0.607559,0.13257,0.1335,-0.557374,-0.558626
30.49,30.51,-0.619562,-0.620067,0.128036,0.129628,-0.555987,-0.555874
24.13,24.14,-0.448421,-0.449415,0.117739,0.117333,-0.557623,-0.557335
30.39,30.38,-0.642366,-0.626615,0.125445,0.127595,-0.555213,-0.554751
30.18,30.14,-0.703707,-0.703199,0.046642,0.046254,-0.491524,-0.492326
29.66,29.67,-0.706019,-0.702251,0.087925,0.088341,-0.482562,-0.482725
29.21,29.21,0.399258,0.39956,-0.619866,-0.618657,-0.543588,-0.544473
25.33,24.87,-0.195492,-0.13267,0.928322,0.920986,0.022753,0.005585
30.43,30.48,-0.707655,-0.70757,0.036617,0.037606,-0.488667,-0.487954
30.51,30.5,-0.622556,-0.623056,0.124996,0.125391,-0.553043,-0.552842
30.39,30.41,-0.706171,-0.705967,0.041634,0.04174,-0.490601,-0.491099
30.31,30.33,-0.701079,-0.700084,0.087926,0.088234,-0.481016,-0.481405
29.71,29.75,-0.706491,-0.706401,0.086944,0.087537,-0.48408,-0.483571
30.68,30.64,-0.705163,-0.707149,0.037642,0.037933,-0.490136,-0.49005
30.72,30.71,-0.691844,-0.700933,0.042138,0.039731,-0.486463,-0.488273
30.07,30.09,-0.702243,-0.702896,0.047627,0.048267,-0.489998,-0.493703
30.58,30.57,-0.707652,-0.706774,0.036118,0.037912,-0.488672,-0.488244
29.63,29.62,-0.706494,-0.706295,0.087443,0.086441,-0.484074,-0.483683
30.39,30.38,-0.705194,-0.706466,0.042124,0.041735,-0.489585,-0.490803
30.68,30.69,-0.704163,-0.701315,0.038156,0.03874,-0.491123,-0.488988
29.95,29.97,-0.706491,-0.705317,0.086944,0.087935,-0.48408,-0.483157
26.95,27.58,9.092532,5.26321,5.190711,2.535396,-5.728096,-3.315495
30.66,30.63,-0.707661,-0.707469,0.036611,0.037608,-0.488166,-0.488053
30.49,30.48,-0.619582,-0.618679,0.12952,0.129834,-0.554969,-0.555959
28.7,28.74,-0.256556,-0.258358,-0.47933,-0.479053,-0.661392,-0.660102
30.42,30.41,-0.621547,-0.622965,0.12953,0.128994,-0.556489,-0.553802
30.52,30.5,-0.721963,-0.700626,0.031618,0.041145,-0.492354,-0.489656
30.64,30.64,-0.707638,-0.70736,0.035631,0.037217,-0.48968,-0.488658
29.03,29.02,0.641084,0.646956,-0.47363,-0.475191,-0.473214,-0.474283
29.56,29.57,-0.692623,-0.711846,0.08949,0.08562,-0.483931,-0.48354
30.63,30.64,-0.706151,-0.706676,0.039146,0.039116,-0.49113,-0.48873
23.72,24.86,2.29974,-0.136689,1.787578,0.882781,-0.081578,0.247542
29.11,29.11,0.399294,0.398863,-0.61983,-0.618362,-0.546593,-0.544376
29.79,29.8,-0.706488,-0.705522,0.087449,0.08843,-0.484575,-0.482853
30.61,30.61,-0.623073,-0.623957,0.125475,0.125379,-0.551539,-0.552149
30.72,30.72,-0.706677,-0.697563,0.039114,0.040945,-0.48863,-0.48863
29.81,29.8,-0.705018,-0.705713,0.08844,0.088136,-0.483549,-0.483358
23.95,23.92,-0.138806,-0.242444,0.91268,0.841056,0.0982,0.072947
28.77,28.74,0.144164,0.144249,-0.66321,-0.663825,-0.546295,-0.544899
30.51,30.51,-0.631902,-0.626161,0.128043,0.129558,-0.560602,-0.560335
30.27,30.27,-0.706001,-0.705118,0.08694,0.087236,-0.483575,-0.482963
25.09,24.83,-0.847374,-0.285597,0.75104,0.972711,0.333641,0.23725
28.97,28.27,0.434952,1.038842,-0.643314,-2.412675,-0.573596,0.534275
30.42,30.42,-0.705182,-0.705874,0.041132,0.040731,-0.490097,-0.490108
30.51,30.51,-0.688345,-0.698364,0.044686,0.041937,-0.48991,-0.488426
28.65,28.65,-0.073082,-0.07401,-0.756386,-0.753315,-0.540723,-0.539193
28.61,28.62,-0.070663,-0.071735,-0.750921,-0.751207,-0.538135,-0.53955
30.48,30.49,-0.705667,-0.705688,0.040139,0.04072,-0.490613,-0.489104
30.49,30.48,-0.619055,-0.619858,0.130555,0.12994,-0.557958,-0.55687
30.54,30.53,-0.617099,-0.618475,0.130033,0.130442,-0.555443,-0.556652
30.46,30.47,-0.613172,-0.614953,0.131515,0.13081,-0.552887,-0.552911
29.8,29.8,-0.705006,-0.706192,0.087449,0.087648,-0.484061,-0.48447
29.57,29.58,-0.715436,-0.718667,0.086388,0.084111,-0.48216,-0.484618
29.71,29.73,-0.706494,-0.706206,0.08644,0.087735,-0.483585,-0.483367
30.36,30.37,-0.690808,-0.696362,0.046197,0.045072,-0.491918,-0.491378
30.63,30.62,-0.704688,-0.707158,0.039128,0.038826,-0.489114,-0.48974
30.36,30.36,-0.7258,-0.723835,0.080882,0.081372,-0.483815,-0.48249
30.72,30.71,-0.706164,-0.707161,0.038131,0.037519,-0.489639,-0.488853
30.49,30.49,-0.62057,-0.620373,0.13002,0.129819,-0.555473,-0.555273
30.39,30.39,-0.634961,-0.625534,0.127948,0.128191,-0.553618,-0.554234
30.12,30.11,-0.69212,-0.712627,0.091504,0.085629,-0.485406,-0.484548
30.48,30.49,-0.620555,-0.620951,0.129534,0.129433,-0.55648,-0.556484
29.6,29.58,-0.706481,-0.705514,0.087455,0.088137,-0.485076,-0.483356
30.42,30.4,-0.705173,-0.705381,0.041643,0.041232,-0.491093,-0.490098
30.64,30.64,-0.708668,-0.706864,0.040603,0.038222,-0.488631,-0.489143
30.52,30.51,-0.596287,-0.608251,0.13311,0.131995,-0.555728,-0.558148
30.3,30.29,-0.695324,-0.712689,0.04713,0.041133,-0.48794,-0.492567
30.46,30.46,-0.705703,-0.705385,0.040103,0.039724,-0.487609,-0.489113
25.46,25.38,3.426625,3.34595,-9.524847,-9.429937,4.941086,4.920023
30.4,30.4,-0.705672,-0.705477,0.041137,0.041334,-0.490602,-0.490398
30.57,30.57,-0.618532,-0.61737,0.130082,0.13016,-0.559962,-0.557747
24.49,24.32,-0.180719,-0.173598,0.92077,0.91486,0.075388,0.071376
30.42,30.41,-0.623557,-0.622455,0.129997,0.12911,-0.554497,-0.554999
30.69,30.7,-0.723477,-0.711621,0.032087,0.036302,-0.490358,-0.488605
30.72,30.71,-0.708655,-0.70756,0.037106,0.037415,-0.488169,-0.488657
30.46,30.48,-0.705685,-0.705387,0.040121,0.040023,-0.489111,-0.489109
28.57,28.59,-0.07997,-0.079157,-0.723254,-0.724535,-0.518869,-0.519879
30.09,30.1,-0.706509,-0.705801,0.086926,0.086843,-0.482578,-0.483674
30.48,30.48,-0.708153,-0.707159,0.037114,0.03672,-0.488666,-0.488762
30.21,30.21,-0.703695,-0.703977,0.04565,0.045464,-0.492036,-0.493243
30.45,30.46,-0.705177,-0.705883,0.040135,0.040121,-0.490108,-0.489113
30.1,30.1,-0.703697,-0.703102,0.047153,0.046654,-0.49252,-0.49232
30.37,30.36,-0.687349,-0.704865,0.047202,0.041755,-0.491376,-0.491991
30.61,30.62,-0.706676,-0.707066,0.036609,0.037015,-0.487657,-0.488357
30.27,30.29,-0.715563,-0.694387,0.042127,0.046977,-0.493181,-0.49154
30.7,30.71,-0.708176,-0.706263,0.039097,0.037429,-0.487642,-0.489347
30.33,30.34,-0.690321,-0.697772,0.046692,0.046248,-0.491408,-0.490075
30.52,30.52,-0.701754,-0.71035,0.041104,0.039397,-0.486561,-0.488458
30.61,30.65,-0.706665,-0.706375,0.039126,0.038719,-0.489632,-0.488833
30.57,30.58,-0.707185,-0.707059,0.0391,0.037322,-0.487633,-0.489054
30.42,30.43,-0.622067,-0.622166,0.129504,0.1283,-0.55449,-0.553904
29.88,29.88,-0.692183,-0.698684,0.091943,0.088752,-0.480393,-0.482589
29.79,29.8,-0.705992,-0.706398,0.086447,0.087038,-0.484081,-0.483577
29.79,29.74,-0.704513,-0.705911,0.087949,0.088436,-0.484051,-0.483457
29.79,29.8,-0.706484,-0.706199,0.087954,0.087742,-0.48507,-0.483968
30.49,30.5,-0.722001,-0.7129,0.034088,0.038111,-0.490323,-0.490198
30.72,30.72,-0.69035,-0.693992,0.044157,0.042063,-0.48793,-0.489187
28.74,28.75,0.143662,0.144064,-0.663218,-0.664214,-0.545799,-0.545806
30.61,30.61,-0.706175,-0.706569,0.039122,0.038221,-0.489127,-0.48894
29.79,29.8,-0.705029,-0.706301,0.085922,0.087539,-0.481574,-0.483671
30.31,30.34,-0.692827,-0.69302,0.047157,0.046559,-0.48942,-0.489529
30.07,30.07,-0.701708,-0.702409,0.048169,0.048662,-0.493493,-0.493193
30.54,30.54,-0.707681,-0.707361,0.038095,0.037115,-0.487148,-0.488559
30.64,30.69,-0.706155,-0.70748,0.037638,0.038199,-0.490145,-0.487445
30.4,30.4,-0.622575,-0.621973,0.128487,0.1297,-0.553003,-0.554086
30.55,30.53,-0.724954,-0.710414,0.033596,0.036824,-0.491857,-0.490191
29.56,29.54,-0.707493,-0.705718,0.088935,0.087529,-0.484066,-0.482664
30.33,30.31,-0.715049,-0.705682,0.037635,0.042731,-0.492727,-0.490484
30.49,30.5,-0.619564,-0.620264,0.129538,0.12973,-0.556471,-0.556074
30.18,30.16,-0.703683,-0.703403,0.045662,0.046148,-0.493038,-0.491828
29.72,29.68,-0.695663,-0.711857,0.091419,0.086211,-0.479427,-0.482833
30.55,30.52,-0.608162,-0.613173,0.133089,0.129705,-0.557835,-0.56012
30.55,30.54,-0.622563,-0.623362,0.123987,0.125282,-0.552052,-0.552145
28.44,28.45,-0.599112,-0.594832,-0.535108,-0.526156,-0.233743,-0.255343
30.55,30.59,-0.703192,-0.712202,0.037637,0.037416,-0.489117,-0.4902
30.66,30.67,-0.715039,-0.708618,0.033633,0.036541,-0.49177,-0.49098
29.21,29.22,0.402261,0.403055,-0.61732,-0.61872,-0.54704,-0.546447
30.7,30.71,-0.706663,-0.706864,0.037624,0.037721,-0.489148,-0.488948
30.66,30.65,-0.706644,-0.706176,0.038646,0.03832,-0.491139,-0.488735
30.54,30.52,-0.617037,-0.617657,0.128591,0.130569,-0.559966,-0.558747
30.54,30.52,-0.619059,-0.618167,0.129047,0.129651,-0.556973,-0.557159
30.49,30.5,-0.697199,-0.69688,0.039708,0.042642,-0.49355,-0.488505
30.21,30.22,-0.720838,-0.714315,0.082408,0.084518,-0.484756,-0.483874
29.65,29.65,-0.705498,-0.705705,0.088955,0.087842,-0.48505,-0.483862
30.48,30.49,-0.706681,-0.706769,0.037606,0.037316,-0.487645,-0.488451
29.95,29.92,-0.693691,-0.700251,0.092418,0.087763,-0.478898,-0.483816
30.45,30.46,-0.70668,-0.704987,0.039613,0.039726,-0.488625,-0.48921
30.52,30.57,-0.717535,-0.694809,0.034609,0.044343,-0.490779,-0.488267
29.88,29.88,-0.691649,-0.70778,0.090479,0.087341,-0.482909,-0.484287
30.45,30.46,-0.707166,-0.706372,0.040122,0.040126,-0.489625,-0.489718
30.52,30.53,-0.618563,-0.618163,0.129049,0.129956,-0.556969,-0.557657
28.59,28.6,-0.076609,-0.076583,-0.715327,-0.716706,-0.513241,-0.514759
30.46,30.46,-0.707143,-0.707367,0.038139,0.037211,-0.490649,-0.488157
30.34,30.33,-0.693651,-0.698895,0.08945,0.087536,-0.480935,-0.481102
30.34,30.32,-0.715394,-0.706017,0.081918,0.085822,-0.483713,-0.481784
29.2,29.2,0.400749,0.399561,-0.618352,-0.619058,-0.54456,-0.544378
29.2,29.17,0.400755,0.399873,-0.61935,-0.619543,-0.544571,-0.545382
28.76,28.78,-0.260083,-0.255965,-0.484414,-0.480736,-0.654468,-0.660401
22.43,22.41,-0.459588,-0.459191,0.088849,0.087648,-0.564559,-0.564068
30.51,30.5,-0.692799,-0.699145,0.04217,0.041745,-0.489477,-0.489336
30.52,30.53,-0.621047,-0.620057,0.13104,0.129838,-0.557469,-0.556773
30.31,30.3,-0.705146,-0.7025,0.041168,0.043755,-0.493102,-0.491647
30.31,30.29,-0.720012,-0.712004,0.03761,0.040826,-0.492269,-0.491662
30.48,30.45,-0.706177,-0.705959,0.040624,0.040043,-0.48961,-0.491018
29.83,29.87,-0.694101,-0.704311,0.089995,0.087251,-0.484939,-0.484057
30.7,30.71,-0.707152,-0.707555,0.037628,0.038022,-0.489653,-0.489351
30.61,30.59,-0.706677,-0.707265,0.039114,0.037214,-0.48863,-0.488356
30.12,30.12,-0.7027,-0.703497,0.047162,0.046253,-0.493012,-0.492328
30.45,30.45,-0.706172,-0.706367,0.039627,0.040431,-0.489622,-0.490215
30.49,30.5,-0.707652,-0.706481,0.037122,0.036906,-0.489162,-0.487451
30.48,30.47,-0.62256,-0.621974,0.128,0.127293,-0.55401,-0.553011
30.57,30.55,-0.718051,-0.696466,0.037095,0.04266,-0.490254,-0.489904
30.61,30.61,-0.707167,-0.706381,0.038115,0.039515,-0.488646,-0.488723
30.42,30.43,-0.62256,-0.621576,0.129004,0.1291,-0.5545,-0.553889
30.69,30.71,-0.705686,-0.707072,0.038115,0.03781,-0.488132,-0.488147
28.94,28.94,0.297276,0.297469,-0.639656,-0.639159,-0.548204,-0.547997
28.92,28.93,0.282084,0.289784,-0.621474,-0.631212,-0.530099,-0.539258
30.31,30.3,-0.732692,-0.727623,0.070876,0.070706,-0.483488,-0.484347
29.07,29.07,0.387621,0.38702,-0.602591,-0.6029,-0.531973,-0.531381
29.54,29.56,-0.706016,-0.7071,0.087427,0.088031,-0.482568,-0.483371
30.66,30.71,-0.706681,-0.706972,0.037606,0.038213,-0.487645,-0.488443
30.37,30.34,-0.707195,-0.691542,0.042099,0.046857,-0.4881,-0.488912
30.55,30.58,-0.623578,-0.624054,0.124963,0.125682,-0.550548,-0.552447
30.48,30.48,-0.705153,-0.70567,0.040159,0.040336,-0.492111,-0.490411
30.4,30.41,-0.705177,-0.705082,0.040135,0.040633,-0.490108,-0.490001
30.58,30.57,-0.623524,-0.628509,0.12301,0.124068,-0.554075,-0.552403
30.22,30.22,-0.693653,-0.69573,0.090952,0.090448,-0.481418,-0.481642
30.4,30.4,-0.705669,-0.705568,0.040638,0.041343,-0.490608,-0.491099
29.79,29.79,-0.705983,-0.706309,0.086958,0.088333,-0.485077,-0.483361
30.7,30.7,-0.706639,-0.706666,0.036645,0.037922,-0.490661,-0.489044
30.25,30.27,-0.706984,-0.706308,0.087447,0.087331,-0.484579,-0.482972
30.73,30.66,-0.707649,-0.707265,0.036623,0.037915,-0.489168,-0.488649
29.2,29.21,0.401756,0.40197,-0.617832,-0.61902,-0.546048,-0.546761
30.54,30.52,-0.708144,-0.701809,0.037624,0.040345,-0.489661,-0.489876
29.77,29.72,-0.719342,-0.711235,0.081921,0.085036,-0.48525,-0.484543
30.13,30.13,-0.724288,-0.715004,0.081914,0.084619,-0.486295,-0.48428
30.49,30.5,-0.690337,-0.704189,0.045172,0.040636,-0.489421,-0.489994
30.64,30.66,-0.706164,-0.706461,0.038131,0.037929,-0.489639,-0.489543
30.58,30.59,-0.706698,-0.720627,0.039595,0.034681,-0.487122,-0.489403
30.54,30.55,-0.623063,-0.624067,0.125986,0.125569,-0.552535,-0.551346
30.64,30.64,-0.706695,-0.706086,0.039096,0.038912,-0.487128,-0.488227
28.59,28.61,0.144167,0.14347,-0.662706,-0.664817,-0.54679,-0.545618
30.27,30.27,-0.714121,-0.707751,0.041586,0.042335,-0.489168,-0.491408
30.16,30.14,-0.70172,-0.703578,0.048157,0.045668,-0.492491,-0.493538
30.57,30.58,-0.706178,-0.706965,0.038618,0.037117,-0.488631,-0.488555
30.61,30.58,-0.724977,-0.704984,0.03207,0.039128,-0.48937,-0.489216
30.42,30.41,-0.622586,-0.622258,0.130482,0.129209,-0.552981,-0.554895
30.33,30.33,-0.720999,-0.705861,0.035605,0.042048,-0.4918,-0.491795
30.66,30.68,-0.706669,-0.706477,0.037618,0.037814,-0.488647,-0.488243
30.51,30.51,-0.625922,-0.606188,0.128095,0.132486,-0.563054,-0.556822
24.66,25.18,-0.254165,-0.291238,0.883258,0.657953,-0.107493,-0.165264
30.18,30.16,-0.703687,-0.703202,0.045158,0.046252,-0.492543,-0.492125
30.49,30.49,-0.619558,-0.619858,0.12854,0.128837,-0.556483,-0.556382
28.44,28.48,-0.647159,-0.662476,-0.442473,-0.459511,-0.23762,-0.185554
30.43,30.45,-0.622547,-0.621268,0.130019,0.129212,-0.555991,-0.554787
30.46,30.49,-0.707144,-0.70647,0.037136,0.037219,-0.490159,-0.48855
30.45,30.46,-0.706657,-0.707064,0.03763,0.037016,-0.489648,-0.488457
30.61,30.64,-0.706668,-0.706868,0.038622,0.039221,-0.489136,-0.489232
30.51,30.5,-0.714554,-0.705571,0.03563,0.039434,-0.491743,-0.49002
28.65,28.64,-0.080133,-0.080423,-0.708875,-0.710773,-0.511696,-0.511519
30.09,30.05,-0.705,-0.705812,0.088458,0.087434,-0.485051,-0.483067
30.4,30.4,-0.606231,-0.635939,0.130537,0.127457,-0.552337,-0.554533
29.07,29.08,0.386091,0.386726,-0.602639,-0.603299,-0.528481,-0.531488
30.34,30.34,-0.690371,-0.702038,0.04915,0.044125,-0.488375,-0.489034
30.46,30.49,-0.619558,-0.619969,0.129544,0.129127,-0.556972,-0.555578
29.83,29.83,-0.705009,-0.705611,0.088951,0.087938,-0.484545,-0.48346
30.72,30.71,-0.707161,-0.707271,0.038121,0.038211,-0.489146,-0.488345
30.48,30.47,-0.604779,-0.619882,0.132514,0.130117,-0.550299,-0.554965
30.12,30.11,-0.687215,-0.709154,0.094479,0.086046,-0.482324,-0.484914
30.68,30.67,-0.71902,-0.714253,0.034105,0.03403,-0.490798,-0.491358
30.66,30.64,-0.708161,-0.706972,0.03861,0.039016,-0.488649,-0.488834
29.48,29.51,-0.70992,-0.723396,0.08597,0.082218,-0.487126,-0.486384
29.57,29.54,-0.706508,-0.70601,0.08793,0.087433,-0.483067,-0.483068
29.65,29.67,-0.686244,-0.699589,0.09396,0.08994,-0.480318,-0.482083
24.79,24.4,-0.175116,0.752852,0.806169,1.1349,0.276994,0.09574
30.34,30.34,-0.72248,-0.696175,0.036609,0.044761,-0.492803,-0.490278
29.04,29.04,0.398176,0.401096,-0.614444,-0.616696,-0.538527,-0.541132
30.45,30.46,-0.707148,-0.706071,0.04014,0.039328,-0.491127,-0.489624
29.72,29.7,-0.723798,-0.69919,0.08191,0.089643,-0.48579,-0.482183
30.04,30.04,-0.705995,-0.705513,0.086946,0.087937,-0.484076,-0.483359
30.36,30.37,-0.69131,-0.699334,0.04619,0.04366,-0.491422,-0.491019
28.65,28.64,-0.077663,-0.078025,-0.713889,-0.713555,-0.508726,-0.51173
24.73,24.73,0.471474,0.476897,0.829235,0.832436,0.265842,0.266927
30.73,30.71,-0.709658,-0.707073,0.038094,0.037509,-0.487666,-0.48795
30.48,30.47,-0.621536,-0.621449,0.127536,0.12983,-0.556511,-0.556484
30.49,30.47,-0.689354,-0.699052,0.045668,0.04184,-0.488906,-0.488934
29.77,29.76,-0.706989,-0.706109,0.088444,0.087633,-0.484568,-0.483167
30.68,30.69,-0.707657,-0.699932,0.038119,0.040446,-0.489151,-0.489358
30.4,30.43,-0.622079,-0.625129,0.129493,0.129103,-0.553488,-0.555322
30.7,30.7,-0.709106,-0.712869,0.036648,0.034833,-0.491685,-0.491337
30.52,30.54,-0.611668,-0.616486,0.13304,0.130556,-0.55486,-0.557234
29.83,29.86,-0.686218,-0.694835,0.093485,0.090955,-0.482327,-0.48203
30.57,30.57,-0.724963,-0.71052,0.034088,0.037619,-0.49135,-0.489982
28.73,28.72,0.143148,0.142275,-0.663238,-0.663523,-0.544301,-0.545814
30.57,30.52,-0.707652,-0.707569,0.037122,0.036805,-0.489162,-0.487662
30.55,30.56,-0.605218,-0.622306,0.132067,0.128457,-0.554815,-0.558811
29.66,29.68,-0.704989,-0.70324,0.086463,0.088038,-0.485074,-0.482737
29.81,29.81,-0.705005,-0.706213,0.089455,0.088129,-0.48504,-0.482962
30.72,30.71,-0.706188,-0.706676,0.037104,0.038613,-0.487146,-0.488435
29.68,29.7,-0.692644,-0.697808,0.08997,0.091547,-0.482423,-0.482449
30.22,30.22,-0.688216,-0.702645,0.092961,0.088241,-0.480847,-0.482829
30.46,30.44,-0.706174,-0.705669,0.040126,0.040638,-0.489616,-0.490607
30.64,30.63,-0.708121,-0.706471,0.035641,0.038822,-0.490685,-0.489132
30.34,30.35,-0.725319,-0.727977,0.080367,0.079674,-0.482314,-0.483648
30.63,30.63,-0.705712,-0.706565,0.039593,0.038927,-0.486613,-0.489633
30.51,30.52,-0.705142,-0.700817,0.038164,0.040851,-0.492134,-0.490162
30.49,30.49,-0.614067,-0.628117,0.131607,0.129076,-0.560908,-0.562361
30.69,30.71,-0.715066,-0.713653,0.034108,0.034438,-0.489762,-0.491949
30.51,30.51,-0.705177,-0.705188,0.040135,0.041126,-0.490108,-0.489596
30.34,30.34,-0.695813,-0.702412,0.048138,0.042741,-0.488935,-0.490255
28.64,28.64,-0.08058,-0.079958,-0.712338,-0.714315,-0.514243,-0.515562
30.7,30.69,-0.716043,-0.716044,0.032614,0.034218,-0.490288,-0.490971
30.37,30.4,-0.70667,-0.704977,0.041127,0.04124,-0.49011,-0.490695
30.14,30.15,-0.702703,-0.70359,0.046658,0.046259,-0.492517,-0.49283
30.27,30.27,-0.715042,-0.715464,0.037641,0.040723,-0.493227,-0.492495
30.57,30.58,-0.640346,-0.623762,0.120975,0.125378,-0.556248,-0.551947
30.58,30.58,-0.6211,-0.618808,0.127477,0.125793,-0.551499,-0.551699
30.36,30.33,-0.688346,-0.695207,0.047192,0.046547,-0.490884,-0.489148
30.37,30.4,-0.705688,-0.705575,0.04062,0.041536,-0.489105,-0.490597
30.6,30.58,-0.70668,-0.707849,0.03861,0.037222,-0.488135,-0.489263
30.68,30.69,-0.694768,-0.701916,0.040673,0.039334,-0.490012,-0.488786
30.19,30.19,-0.68936,-0.698483,0.050174,0.048034,-0.490358,-0.48946
30.31,30.3,-0.688375,-0.706064,0.049169,0.042645,-0.489359,-0.49169
30.4,30.38,-0.699081,-0.715281,0.087447,0.082132,-0.482006,-0.484912
30.37,30.37,-0.690345,-0.699819,0.046668,0.043669,-0.489404,-0.491925
30.34,30.35,-0.708185,-0.699339,0.044102,0.043956,-0.489088,-0.490716
30.64,30.65,-0.706184,-0.70647,0.039615,0.038823,-0.48862,-0.489233
29.5,29.49,-0.705522,-0.706513,0.088931,0.088728,-0.483047,-0.483058
28.53,28.54,-0.205511,-0.205993,0.648671,0.64748,-0.582056,-0.582675
30.49,30.49,-0.687359,-0.694199,0.044684,0.04426,-0.489401,-0.489465
30.4,30.4,-0.614609,-0.617825,0.129051,0.1297,-0.555933,-0.552748
30.51,30.51,-0.61759,-0.619058,0.129034,0.128346,-0.555458,-0.556781
28.7,28.76,-0.258549,-0.25726,-0.480852,-0.477337,-0.659924,-0.661476
30.58,30.58,-0.695334,-0.707481,0.044613,0.040404,-0.485965,-0.488322
28.62,28.61,-0.073489,-0.072995,-0.759309,-0.760512,-0.54677,-0.546078
30.49,30.55,-0.7136,-0.713396,0.038103,0.036806,-0.489703,-0.489616
29.65,29.64,-0.705496,-0.705816,0.087453,0.087128,-0.484566,-0.482569
30.61,30.63,-0.70717,-0.707273,0.03761,0.037908,-0.48815,-0.488048
30.28,30.3,-0.708002,-0.705427,0.087918,0.087123,-0.482579,-0.481965
22.48,22.54,-0.456614,-0.455129,0.086854,0.086256,-0.563553,-0.563147
30.57,30.57,-0.624545,-0.623361,0.125986,0.125082,-0.553048,-0.552147
29.18,29.17,0.398751,0.398563,-0.617873,-0.619067,-0.54357,-0.543886
30.33,30.3,-0.692292,-0.700839,0.045693,0.04464,-0.491937,-0.490019
28.52,28.5,0.138074,0.138576,-0.936185,-0.935575,-0.578491,-0.579281
30.49,30.51,-0.724973,-0.719527,0.032574,0.035496,-0.489865,-0.490486
30.43,30.43,-0.623563,-0.622267,0.128988,0.1287,-0.553507,-0.554
30.39,30.38,-0.705182,-0.709239,0.041132,0.040724,-0.490097,-0.490638
29.92,29.92,-0.688673,-0.707692,0.091493,0.087029,-0.483372,-0.483188
30.39,30.38,-0.632452,-0.630791,0.126984,0.127668,-0.55561,-0.553885
30.34,30.35,-0.71604,-0.704791,0.037631,0.042934,-0.492735,-0.490474
30.4,30.4,-0.623073,-0.622463,0.129987,0.129403,-0.553492,-0.554494
30.49,30.49,-0.704185,-0.705178,0.041142,0.040434,-0.490589,-0.490105
29.6,29.56,-0.711444,-0.715998,0.084925,0.085015,-0.483645,-0.484284
30.37,30.39,-0.705524,-0.705922,0.085921,0.087222,-0.481579,-0.482068
29.72,29.7,-0.724282,-0.710663,0.080917,0.086721,-0.486306,-0.483417
28.98,28.98,0.636563,0.636536,-0.471699,-0.46972,-0.469225,-0.4679
30.72,30.72,-0.705692,-0.707264,0.038109,0.038417,-0.487631,-0.488943
30.22,30.2,-0.689823,-0.704979,0.049704,0.044447,-0.492872,-0.491961
30.36,30.34,-0.600813,-0.626639,0.132529,0.129276,-0.550264,-0.553531
30.46,30.47,-0.635438,-0.615209,0.128968,0.129044,-0.555614,-0.555537
29.54,29.55,-0.704994,-0.69532,0.088464,0.090061,-0.485552,-0.482545
30.24,30.25,-0.720991,-0.711102,0.039625,0.042043,-0.494258,-0.493043
30.49,30.48,-0.706676,-0.705681,0.041121,0.040727,-0.489609,-0.489705
29.07,29.07,0.418923,0.4192,-0.633507,-0.630818,-0.564609,-0.564075
29.48,29.51,-0.717413,-0.697099,0.08739,0.09016,-0.483168,-0.48306
30.7,30.69,-0.610244,-0.626831,0.128973,0.124769,-0.547882,-0.55208
30.48,30.48,-0.70669,-0.706978,0.037096,0.037404,-0.48665,-0.48755
30.51,30.51,-0.618061,-0.619162,0.129056,0.129844,-0.557465,-0.556965
30.09,30.11,-0.706028,-0.705123,0.088418,0.088032,-0.482056,-0.482853
29.72,29.71,-0.702075,-0.700564,0.089923,0.089552,-0.481503,-0.483297
29.65,29.65,-0.706508,-0.698299,0.088933,0.089544,-0.483557,-0.481976
30.68,30.66,-0.689361,-0.703897,0.044659,0.039027,-0.487916,-0.488807
30.46,30.5,-0.706192,-0.706967,0.036599,0.037115,-0.486651,-0.488355
30.49,30.5,-0.690343,-0.705576,0.044163,0.039529,-0.488431,-0.489618
30.69,30.71,-0.71603,-0.714457,0.033629,0.034224,-0.491779,-0.490957
29.86,29.91,-0.720376,-0.712024,0.087391,0.084637,-0.484195,-0.484755
28.5,28.5,0.156272,0.155885,-0.883099,-0.884194,-0.548681,-0.548997
30.55,30.57,-0.722996,-0.696278,0.033579,0.04235,-0.489836,-0.488904
29.5,29.51,-0.706987,-0.706114,0.085939,0.088231,-0.483595,-0.48306
29.68,29.66,-0.705998,-0.706197,0.087445,0.087644,-0.48407,-0.484069
30.45,30.43,-0.621601,-0.622166,0.129477,0.128701,-0.551982,-0.554099
30.61,30.58,-0.707162,-0.706482,0.037118,0.03861,-0.488657,-0.488133
30.61,30.63,-0.705683,-0.706662,0.037616,0.038226,-0.488137,-0.489441
28.92,28.94,0.289694,0.290067,-0.630802,-0.630022,-0.540156,-0.538541
30.33,30.33,-0.69626,-0.704677,0.043671,0.04335,-0.490992,-0.491871
30.69,30.69,-0.688868,-0.699649,0.044156,0.041435,-0.487417,-0.488543
30.72,30.71,-0.708145,-0.700231,0.036621,0.040142,-0.489172,-0.489063
30.42,30.43,-0.622572,-0.622368,0.127989,0.1295,-0.553009,-0.554192
30.52,30.51,-0.702687,-0.701009,0.039153,0.040655,-0.490599,-0.490567
30.33,30.33,-0.6092,-0.628693,0.130532,0.128093,-0.552864,-0.555365
30.58,30.59,-0.706702,-0.706667,0.038087,0.03772,-0.486138,-0.488846
30.54,30.53,-0.61907,-0.618067,0.131042,0.130154,-0.556951,-0.557453
29.04,29.04,0.389547,0.389668,-0.602139,-0.602117,-0.527444,-0.529245
29.12,29.05,-0.141552,-0.131619,-0.720066,-0.676999,-0.471284,-0.516089
28.47,28.48,0.14172,0.14238,-0.664187,-0.663417,-0.548832,-0.546313
30.39,30.41,-0.635451,-0.615233,0.127952,0.129823,-0.554123,-0.553926
28.73,28.75,0.145145,0.144452,-0.664721,-0.66382,-0.544801,-0.545297
30.33,30.32,-0.716064,-0.702098,0.037607,0.04326,-0.490732,-0.491849
28.61,28.6,-0.072851,-0.072949,-0.724557,-0.724155,-0.532847,-0.533144
28.47,28.47,0.140218,0.140396,-0.663706,-0.662923,-0.547837,-0.546525
28.65,28.63,-0.076597,-0.076485,-0.716318,-0.716706,-0.513752,-0.514658
30.16,30.18,-0.705168,-0.703805,0.044155,0.045741,-0.492567,-0.491235
30.13,30.13,-0.692167,-0.712809,0.09246,0.08404,-0.481889,-0.485169
30.49,30.49,-0.707156,-0.706389,0.03612,0.037802,-0.488668,-0.48724
30.69,30.69,-0.718032,-0.717118,0.033604,0.033428,-0.490294,-0.491991
30.66,30.63,-0.706169,-0.706776,0.039128,0.039014,-0.489627,-0.488632
30.45,30.48,-0.705186,-0.70548,0.040628,0.040229,-0.489602,-0.489709
30.6,30.62,-0.705668,-0.707763,0.037129,0.037511,-0.489145,-0.488357
30.46,30.46,-0.631505,-0.625625,0.129451,0.1286,-0.55307,-0.555032
30.27,30.27,-0.69828,-0.696782,0.047137,0.046451,-0.489468,-0.490064
30.52,30.51,-0.687876,-0.690738,0.046167,0.044865,-0.488387,-0.488927
30.25,30.24,-0.689352,-0.694893,0.048678,0.047065,-0.490375,-0.490742
30.73,30.72,-0.690347,-0.693806,0.042655,0.041952,-0.487446,-0.488185
30.61,30.61,-0.706169,-0.706172,0.039128,0.039126,-0.489627,-0.489427
30.72,30.7,-0.691325,-0.694874,0.041161,0.041569,-0.487972,-0.489902
30.31,30.33,-0.693325,-0.69738,0.048658,0.045845,-0.489909,-0.489575
30.34,30.37,-0.706505,-0.704437,0.088434,0.088127,-0.483562,-0.482245
30.63,30.63,-0.707158,-0.706764,0.037622,0.038323,-0.489152,-0.489241
30.68,30.69,-0.712584,-0.712866,0.034621,0.034836,-0.490235,-0.491537
29.93,29.93,-0.70351,-0.704798,0.086961,0.087459,-0.484555,-0.484861
29.2,29.19,0.399733,0.399663,-0.61838,-0.618453,-0.542565,-0.544871
30.64,30.68,-0.70717,-0.706472,0.03761,0.037717,-0.48815,-0.488544
30.43,30.47,-0.705692,-0.705693,0.039112,0.040515,-0.488121,-0.488606
30.27,30.28,-0.712147,-0.714181,0.042086,0.041224,-0.488644,-0.492278
30.24,30.23,-0.705009,-0.711654,0.086944,0.085514,-0.483566,-0.482939
30.39,30.39,-0.693781,-0.701422,0.043681,0.043145,-0.490971,-0.490342
28.43,28.5,-0.660233,-0.661407,-0.421143,-0.440486,-0.231982,-0.224798
30.52,30.52,-0.599706,-0.6303,0.132646,0.127864,-0.55977,-0.561793
28.7,28.79,-0.266384,-0.261913,-0.42864,-0.467621,-0.690956,-0.666315
29.16,29.17,0.39928,0.398862,-0.61834,-0.619165,-0.546075,-0.543984
28.52,28.54,-0.117433,-0.116152,0.686938,0.685332,-0.583863,-0.582567
30.61,30.6,-0.708129,-0.707154,0.037138,0.037025,-0.490669,-0.489259
29.8,29.81,-0.705998,-0.705915,0.087445,0.087931,-0.48407,-0.482962
30.39,30.4,-0.627996,-0.62502,0.127998,0.127408,-0.55556,-0.555341
30.68,30.68,-0.705644,-0.70319,0.038157,0.038842,-0.491637,-0.489805
30.22,30.24,-0.714078,-0.709746,0.042631,0.04382,-0.493162,-0.491108
30.52,30.51,-0.623067,-0.623541,0.125481,0.125099,-0.55204,-0.553651
30.4,30.41,-0.621091,-0.622752,0.127988,0.128508,-0.552495,-0.554808
30.49,30.48,-0.705173,-0.705674,0.041643,0.040433,-0.491093,-0.490109
29.13,29.13,0.399792,0.400081,-0.62133,-0.619533,-0.546104,-0.546182
29.11,29.12,0.398768,0.399472,-0.619862,-0.619148,-0.544093,-0.545181
30.36,30.35,-0.622587,-0.622461,0.128475,0.128804,-0.552002,-0.554401
29.79,29.79,-0.707461,-0.706196,0.087463,0.087845,-0.486086,-0.484267
30.49,30.47,-0.706173,-0.706274,0.03762,0.039925,-0.488643,-0.489519
30.6,30.62,-0.706701,-0.706877,0.03909,0.03851,-0.486627,-0.488238
30.39,30.38,-0.700083,-0.711428,0.085929,0.083537,-0.48053,-0.484362
29.54,29.51,-0.70652,-0.7063,0.088921,0.087138,-0.482555,-0.483575
26.99,25.0,-0.066873,1.209286,0.818601,2.215122,-0.272389,-2.035924
30.02,30.06,-0.705495,-0.705507,0.088456,0.087642,-0.485056,-0.483763
28.15,28.13,0.222126,0.220443,0.550763,0.550258,-0.557411,-0.557432
29.59,29.57,-0.696642,-0.697777,0.091428,0.08897,-0.480437,-0.483881
30.0,29.97,-0.705014,-0.705902,0.085436,0.087642,-0.482581,-0.483866
29.83,29.85,-0.705012,-0.705327,0.088446,0.088126,-0.48405,-0.482453
29.06,29.08,0.382081,0.385404,-0.60019,-0.603536,-0.525984,-0.528698
30.6,30.58,-0.707173,-0.707066,0.038109,0.037717,-0.488145,-0.488649
30.13,30.12,-0.717387,-0.701759,0.084909,0.089242,-0.484197,-0.482811
30.48,30.48,-0.707167,-0.707464,0.038115,0.037312,-0.488646,-0.488357
30.66,30.69,-0.719005,-0.71545,0.033618,0.034219,-0.491805,-0.490865
30.48,30.47,-0.706672,-0.707168,0.037114,0.037613,-0.488152,-0.488351
30.49,30.49,-0.705685,-0.705679,0.040121,0.040428,-0.489111,-0.489709
29.2,29.2,0.399762,0.400359,-0.620357,-0.619149,-0.54409,-0.544773
30.34,30.34,-0.688355,-0.712595,0.048688,0.039324,-0.490867,-0.491384
30.64,30.62,-0.707654,-0.706668,0.038624,0.038421,-0.489646,-0.489039
30.64,30.65,-0.709135,-0.706072,0.038624,0.039026,-0.49016,-0.489427
30.63,30.62,-0.706148,-0.704775,0.038647,0.039139,-0.491135,-0.490116
30.46,30.5,-0.706204,-0.700538,0.041099,0.041234,-0.487602,-0.488753
30.12,30.13,-0.687703,-0.710149,0.091978,0.085638,-0.481856,-0.484427
28.77,28.78,-0.130592,-0.131115,-0.729088,-0.724403,-0.757793,-0.757644
30.52,30.51,-0.694796,-0.71449,0.044656,0.036899,-0.489466,-0.489424
30.46,30.46,-0.706645,-0.706169,0.041151,0.03973,-0.492113,-0.489921
30.37,30.36,-0.730253,-0.726687,0.080372,0.080682,-0.48436,-0.484126
30.68,30.68,-0.700252,-0.701914,0.040623,0.039938,-0.487556,-0.489281
30.7,30.7,-0.714059,-0.71446,0.034628,0.034622,-0.491249,-0.490852
24.22,24.21,-0.447953,-0.447554,0.117213,0.116514,-0.55512,-0.555025
28.71,27.59,0.231848,1.781708,-0.655931,2.583869,-0.542946,-2.551395
28.98,28.98,0.635547,0.638342,-0.471727,-0.470695,-0.46723,-0.469198
28.92,28.92,0.298268,0.298662,-0.638648,-0.640255,-0.548685,-0.547698
30.13,30.1,-0.704005,-0.705421,0.087963,0.08783,-0.485048,-0.482758
30.49,30.48,-0.622067,-0.621742,0.129504,0.12883,-0.55449,-0.556398
30.28,30.29,-0.722003,-0.693819,0.036593,0.046751,-0.491296,-0.489133
30.48,30.47,-0.705697,-0.705871,0.040109,0.040333,-0.488109,-0.490212
28.76,28.78,0.142175,0.142273,-0.66222,-0.664026,-0.546301,-0.545419
30.63,30.63,-0.70619,-0.706468,0.038606,0.039126,-0.48763,-0.48953
30.37,30.38,-0.634907,-0.632771,0.125995,0.127563,-0.557145,-0.554104
28.53,28.54,-0.190694,-0.203228,0.655691,0.649485,-0.580345,-0.582628
30.28,30.3,-0.718064,-0.694785,0.039588,0.045871,-0.490226,-0.490955
28.91,28.91,0.282086,0.306828,-0.62398,-0.65283,-0.529125,-0.561394
30.42,30.41,-0.706672,-0.705584,0.041626,0.041928,-0.490104,-0.489991
28.94,28.94,0.297302,0.29777,-0.641134,-0.639756,-0.549724,-0.548001
30.48,30.48,-0.618608,-0.620469,0.129505,0.129622,-0.553458,-0.555476
28.73,28.75,0.142186,0.142665,-0.664215,-0.663127,-0.546324,-0.545405
30.45,30.45,-0.621078,-0.620662,0.130007,0.129526,-0.554476,-0.55588
28.05,28.07,-0.419686,-0.419666,-0.341547,-0.332401,-0.640212,-0.645918
28.61,28.61,-0.07286,-0.073159,-0.723061,-0.723565,-0.53283,-0.532437
29.86,29.84,-0.707515,-0.705614,0.088413,0.087433,-0.482069,-0.482965
30.42,30.41,-0.705024,-0.705237,0.088434,0.087316,-0.483048,-0.48136
28.47,28.49,-0.248236,-0.42662,-0.845352,-0.714297,-0.246231,-0.125484
27.13,27.14,0.245336,0.244323,-0.648246,-0.64807,-0.513691,-0.511995
30.43,30.44,-0.623051,-0.62187,0.127001,0.128099,-0.554026,-0.553703
30.13,30.13,-0.703692,-0.70379,0.046155,0.045755,-0.492531,-0.492437
29.74,29.72,-0.709994,-0.709564,0.088403,0.086833,-0.48209,-0.484108
30.48,30.46,-0.705721,-0.70549,0.040086,0.040019,-0.486106,-0.48881
30.43,30.44,-0.629994,-0.621578,0.128477,0.130201,-0.55457,-0.554177
30.21,30.21,-0.704189,-0.703399,0.04515,0.045149,-0.492046,-0.491739
30.52,30.52,-0.713145,-0.702633,0.04007,0.041515,-0.487173,-0.487867
30.19,30.19,-0.703698,-0.703702,0.046149,0.045243,-0.492031,-0.49134
30.46,30.47,-0.705194,-0.705584,0.041121,0.039722,-0.489095,-0.489015
30.51,30.5,-0.707181,-0.70548,0.039605,0.04073,-0.488128,-0.489904
30.07,30.05,-0.703176,-0.702887,0.045676,0.047975,-0.494035,-0.494307
30.13,30.14,-0.704693,-0.7033,0.045641,0.046253,-0.491544,-0.492227
30.46,30.49,-0.613582,-0.614052,0.1326,0.130919,-0.560392,-0.561817
30.31,30.3,-0.705506,-0.706013,0.085939,0.087731,-0.483081,-0.482965
30.64,30.62,-0.70619,-0.707361,0.038606,0.037217,-0.48763,-0.488658
29.74,29.76,-0.705054,-0.706294,0.089407,0.087144,-0.481034,-0.484076
30.37,30.39,-0.612183,-0.610112,0.131014,0.131011,-0.552383,-0.551464
30.42,30.4,-0.706031,-0.705729,0.087914,0.087518,-0.48156,-0.481763
30.68,30.65,-0.706674,-0.707266,0.038616,0.039418,-0.488636,-0.489233
28.53,28.57,0.078898,-0.038271,-0.706387,-0.723248,-0.501771,-0.531029
30.28,30.27,-0.716568,-0.711907,0.040104,0.040925,-0.491209,-0.49156
29.51,29.52,-0.706011,-0.7065,0.086429,0.087236,-0.482579,-0.483476
30.51,30.49,-0.62057,-0.620579,0.13002,0.129711,-0.555473,-0.554575
30.37,30.38,-0.623525,-0.622366,0.127522,0.129,-0.556028,-0.554097
30.49,30.47,-0.707661,-0.707351,0.036611,0.036725,-0.488166,-0.489264
29.6,29.62,-0.706007,-0.705712,0.087938,0.087334,-0.483563,-0.483067
30.46,30.45,-0.606709,-0.614532,0.130553,0.129832,-0.553844,-0.554421
30.69,30.7,-0.715556,-0.715834,0.033108,0.033027,-0.489777,-0.491383
30.3,30.29,-0.704732,-0.693619,0.046104,0.046754,-0.488534,-0.489332
29.16,29.17,0.401783,0.401672,-0.618307,-0.61852,-0.548056,-0.546958
30.28,30.29,-0.719534,-0.710525,0.038597,0.041224,-0.491252,-0.491144
30.48,30.46,-0.706195,-0.706281,0.040606,0.040519,-0.488108,-0.489212
28.27,28.27,0.220625,0.221342,0.552248,0.551871,-0.556907,-0.558608
30.68,30.68,-0.707646,-0.702003,0.037128,0.039246,-0.489663,-0.48979
29.07,29.07,0.387604,0.387718,-0.605115,-0.605301,-0.529498,-0.530601
30.24,30.22,-0.717417,-0.698725,0.084879,0.090216,-0.481694,-0.479868
29.66,29.67,-0.692189,-0.703241,0.091937,0.08904,-0.479892,-0.483126
29.51,29.54,-0.707993,-0.706497,0.087425,0.087541,-0.483085,-0.483873
29.79,29.8,-0.706491,-0.705913,0.086944,0.087832,-0.48408,-0.483063
28.57,28.57,-0.049544,-0.049905,-0.724464,-0.726235,-0.533144,-0.535271
29.68,29.71,-0.701022,-0.707896,0.086478,0.087424,-0.485039,-0.482884
30.6,30.58,-0.698708,-0.703482,0.040183,0.039549,-0.492055,-0.490601
28.56,27.58,-0.29877,-0.327915,-0.325643,-0.083455,-0.764201,-0.511572
30.33,30.29,-0.705505,-0.70552,0.086942,0.087329,-0.483571,-0.482564
30.68,30.66,-0.707649,-0.706372,0.036623,0.03822,-0.489168,-0.488838
30.73,30.71,-0.68983,-0.690344,0.044182,0.042658,-0.489929,-0.487747
30.45,30.44,-0.620611,-0.624851,0.130982,0.129887,-0.552457,-0.554009
29.79,29.79,-0.705507,-0.706002,0.089447,0.087942,-0.484544,-0.483964
30.49,30.47,-0.707681,-0.707364,0.038095,0.036511,-0.487148,-0.488064
30.48,30.47,-0.70667,-0.706969,0.036615,0.037514,-0.488158,-0.48835
30.46,30.47,-0.610153,-0.628692,0.129062,0.128895,-0.555393,-0.555756
25.22,24.84,-0.83185,-0.25473,0.59079,0.951193,0.350493,0.236373
28.77,28.79,-0.133611,-0.133293,-0.726635,-0.726413,-0.755287,-0.757085
29.54,29.54,-0.70698,-0.705909,0.087952,0.087736,-0.485074,-0.483364
29.79,29.79,-0.705505,-0.705817,0.087945,0.08803,-0.48406,-0.48286
28.36,28.4,-0.549283,-0.552889,-0.431437,-0.423665,-0.463041,-0.463485
30.48,30.48,-0.706186,-0.705286,0.040114,0.040626,-0.488615,-0.489502
29.56,29.58,-0.726784,-0.702825,0.082891,0.087757,-0.485304,-0.484139
29.74,29.72,-0.705006,-0.70798,0.088452,0.086536,-0.48455,-0.483797
30.12,30.12,-0.720853,-0.710827,0.081892,0.08535,-0.48326,-0.485638
30.7,30.71,-0.68986,-0.69092,0.043149,0.042574,-0.486936,-0.489255
30.46,30.47,-0.706688,-0.706464,0.041109,0.040433,-0.488608,-0.490416
29.69,29.69,-0.713403,-0.706235,0.084941,0.088408,-0.485665,-0.481256
30.39,30.39,-0.636926,-0.628888,0.127959,0.127895,-0.555137,-0.555569
30.68,30.67,-0.70717,-0.703804,0.038614,0.039123,-0.48864,-0.488405
25.06,25.06,-0.92796,-0.935907,0.790572,0.792734,0.296825,0.296981
28.5,28.5,0.142673,0.142271,-0.663721,-0.663226,-0.545813,-0.545611
29.59,29.61,-0.706483,-0.705903,0.085448,0.088042,-0.484097,-0.483962
30.49,30.49,-0.707685,-0.707566,0.036587,0.037109,-0.486163,-0.48806
30.63,30.62,-0.707648,-0.707057,0.037626,0.038227,-0.489657,-0.489645
28.56,27.33,-0.512138,-0.54291,-0.525073,-0.44862,-0.336556,-0.089625
30.52,30.52,-0.618569,-0.617964,0.130046,0.129656,-0.556958,-0.557558
30.4,30.41,-0.7052,-0.706081,0.041115,0.041123,-0.488595,-0.489604
30.1,30.1,-0.703199,-0.703095,0.046656,0.047162,-0.492522,-0.493116
30.46,30.45,-0.618112,-0.629797,0.130511,0.129278,-0.553943,-0.55476
30.7,30.71,-0.706676,-0.706981,0.036609,0.037703,-0.487657,-0.487447
30.4,30.41,-0.705188,-0.70537,0.041126,0.040742,-0.489596,-0.490804
30.6,30.64,-0.707164,-0.707574,0.037616,0.037803,-0.488651,-0.487651
30.73,30.71,-0.691306,-0.690347,0.042182,0.043457,-0.489964,-0.487838
30.46,30.46,-0.602763,-0.624224,0.131049,0.128717,-0.552301,-0.55612
28.95,28.94,0.295302,0.297077,-0.639152,-0.639457,-0.549217,-0.548204
30.7,30.68,-0.699266,-0.69717,0.04062,0.041344,-0.487046,-0.488522
28.62,28.73,-0.593325,-0.451498,-0.634936,-0.703293,0.10978,0.04853
30.33,30.33,-0.709163,-0.708248,0.042608,0.041531,-0.489614,-0.49102
30.45,30.44,-0.621064,-0.621863,0.128516,0.12941,-0.554993,-0.55489
28.21,28.28,-0.581858,-0.511243,-0.399814,-0.403666,-0.448441,-0.512785
29.72,29.7,-0.696143,-0.703928,0.092938,0.087441,-0.481417,-0.48305
28.67,28.67,0.142172,0.142462,-0.662725,-0.662932,-0.545806,-0.545104
29.66,29.65,-0.706981,-0.706206,0.086948,0.087836,-0.484585,-0.483466
30.64,30.64,-0.70666,-0.706673,0.038129,0.039318,-0.489643,-0.489029
29.92,29.93,-0.699115,-0.704538,0.091424,0.088226,-0.48096,-0.482145
30.72,30.7,-0.706678,-0.704592,0.038111,0.038423,-0.488141,-0.48852
30.34,30.35,-0.710469,-0.712037,0.083408,0.083822,-0.48165,-0.483362
30.37,30.36,-0.700249,-0.699861,0.04564,0.044931,-0.490003,-0.489006
30.28,30.28,-0.70273,-0.700734,0.047132,0.045548,-0.490509,-0.49081
30.01,30.0,-0.704535,-0.704142,0.087426,0.088828,-0.482054,-0.482335
30.58,30.59,-0.706183,-0.707184,0.036106,0.038299,-0.487157,-0.487341
30.37,30.37,-0.706183,-0.705281,0.040618,0.041534,-0.48911,-0.490294
30.48,30.47,-0.707664,-0.707567,0.036106,0.037609,-0.487671,-0.488154
29.53,29.53,-0.710939,-0.694434,0.084434,0.091162,-0.484147,-0.482525
30.58,30.57,-0.70467,-0.709511,0.039145,0.03754,-0.490616,-0.491377
29.56,29.58,-0.707016,-0.705724,0.087916,0.088125,-0.48207,-0.482457
30.37,30.36,-0.715915,-0.730349,0.084398,0.079071,-0.482688,-0.484075
30.48,30.47,-0.706181,-0.705873,0.039116,0.040031,-0.488626,-0.489915
30.39,30.4,-0.704699,-0.705074,0.041122,0.042446,-0.489091,-0.491484
30.45,30.44,-0.620057,-0.620665,0.128034,0.129423,-0.555992,-0.55558
29.81,29.81,-0.705977,-0.706113,0.086964,0.088431,-0.485578,-0.483158
30.55,30.53,-0.706176,-0.707459,0.038119,0.037317,-0.488637,-0.488758
30.54,30.49,-0.708127,-0.70508,0.035635,0.039531,-0.490185,-0.489613
30.37,30.39,-0.705191,-0.705483,0.041625,0.04173,-0.489591,-0.490093
29.95,29.94,-0.706033,-0.706109,0.089416,0.087934,-0.482044,-0.483264
30.36,30.36,-0.704038,-0.706409,0.088431,0.087329,-0.482539,-0.482873
30.1,30.09,-0.702711,-0.701213,0.048154,0.048671,-0.4925,-0.493583
30.4,30.38,-0.725951,-0.705669,0.035593,0.041641,-0.492344,-0.491097
28.62,28.63,-0.079975,-0.079788,-0.716741,-0.717052,-0.5213,-0.5202
29.06,29.07,0.382581,0.385899,-0.59868,-0.603135,-0.526964,-0.528789
30.55,30.58,-0.71209,-0.700901,0.036125,0.040364,-0.490715,-0.49117
30.61,30.63,-0.705172,-0.707062,0.038134,0.038924,-0.48963,-0.489537
30.33,30.35,-0.612143,-0.633252,0.128045,0.128078,-0.55442,-0.555605
30.48,30.49,-0.623081,-0.623843,0.125968,0.124893,-0.551033,-0.553155
29.0,24.12,0.443773,1.04623,-0.730124,1.256701,-0.52692,0.014519
30.3,30.3,-0.699293,-0.703312,0.046611,0.043834,-0.487479,-0.49015
30.7,30.69,-0.713098,-0.713476,0.034602,0.034819,-0.488737,-0.490341
28.98,28.98,0.634034,0.635928,-0.469251,-0.470338,-0.466214,-0.46651
25.89,26.25,-0.075125,0.021938,0.957247,0.946668,0.020119,0.026653
28.5,27.62,0.078121,-0.534939,0.610681,0.732523,-0.525427,-0.3743
30.34,30.34,-0.695634,-0.69642,0.088439,0.089145,-0.480463,-0.481363
30.45,30.49,-0.707655,-0.70756,0.036617,0.037315,-0.488667,-0.488658
30.51,30.5,-0.706678,-0.706671,0.037108,0.036312,-0.487651,-0.48786
30.6,30.59,-0.707162,-0.707163,0.037118,0.037116,-0.488657,-0.488557
30.68,30.66,-0.609202,-0.631879,0.127522,0.12506,-0.551395,-0.553023
29.68,29.66,-0.705526,-0.698121,0.088426,0.090528,-0.482552,-0.480761
29.6,29.58,-0.691122,-0.705303,0.091514,0.087548,-0.485898,-0.484163
30.09,30.08,-0.702709,-0.702997,0.046652,0.046761,-0.492017,-0.492919
29.59,29.59,-0.696087,-0.702861,0.089483,0.089327,-0.484462,-0.481917
30.33,30.33,-0.705532,-0.705323,0.087417,0.08803,-0.481562,-0.482755
30.51,30.49,-0.613562,-0.61397,0.131116,0.131203,-0.56141,-0.560511
30.36,30.33,-0.69762,-0.698898,0.08893,0.087733,-0.480474,-0.480899
30.68,30.64,-0.706678,-0.706372,0.038111,0.03822,-0.488141,-0.488838
28.7,28.76,-0.281365,-0.238143,-0.432312,-0.42254,-0.680609,-0.708173
30.6,30.62,-0.709154,-0.707268,0.037603,0.037511,-0.488168,-0.488253
30.34,30.34,-0.698092,-0.697809,0.088953,0.088538,-0.482481,-0.481081
29.84,29.84,-0.706493,-0.705916,0.088446,0.08783,-0.484564,-0.482863
28.76,28.78,0.142655,0.14236,-0.663738,-0.662835,-0.544311,-0.544904
28.64,28.64,-0.079958,-0.079465,-0.719733,-0.719332,-0.521334,-0.521325
30.51,30.49,-0.705693,-0.705873,0.040614,0.040531,-0.488605,-0.49011
30.46,30.44,-0.60719,-0.617302,0.130064,0.129427,-0.554855,-0.55485
29.5,29.51,-0.705494,-0.706091,0.084947,0.086147,-0.483593,-0.483985
30.49,30.49,-0.705177,-0.705681,0.040135,0.040727,-0.490108,-0.489705
30.69,30.68,-0.718503,-0.718214,0.033626,0.033318,-0.492301,-0.491501
28.59,28.61,-0.142515,-0.138742,-0.69956,-0.694227,-0.72801,-0.730722
28.55,28.52,-0.128774,-0.132499,0.680941,0.666228,-0.586533,-0.583627
30.4,30.4,-0.606216,-0.619703,0.131054,0.129597,-0.553834,-0.553166
30.39,30.39,-0.640881,-0.622855,0.125949,0.128303,-0.555194,-0.55441
29.57,29.58,-0.7075,-0.706095,0.086922,0.086845,-0.482586,-0.483977
28.61,28.62,-0.080066,-0.080267,-0.713321,-0.712122,-0.515251,-0.51554
29.68,29.64,-0.707004,-0.708878,0.088931,0.086728,-0.483561,-0.483402
30.52,30.53,-0.618081,-0.617475,0.131544,0.130153,-0.556937,-0.557248
30.48,30.46,-0.706666,-0.70697,0.03712,0.037413,-0.488653,-0.488251
29.56,29.57,-0.692132,-0.711034,0.090489,0.08484,-0.483915,-0.484744
30.63,30.62,-0.623518,-0.625034,0.123016,0.124688,-0.554576,-0.553067
30.58,30.58,-0.706663,-0.707069,0.037624,0.037212,-0.489148,-0.488154
29.2,29.18,0.405333,0.409542,-0.626237,-0.627382,-0.551121,-0.554203
30.49,30.48,-0.704699,-0.705888,0.040119,0.040216,-0.488601,-0.488711
30.64,30.62,-0.706671,-0.701813,0.03912,0.040241,-0.489131,-0.489477
29.65,29.69,-0.6991,-0.70215,0.090938,0.088644,-0.481967,-0.483021
29.62,29.62,-0.706001,-0.706117,0.08694,0.088227,-0.483575,-0.48276
30.22,30.23,-0.710581,-0.70864,0.041166,0.043639,-0.494651,-0.492302
28.29,28.3,0.220138,0.219643,0.552756,0.551351,-0.557907,-0.557326
30.58,30.59,-0.708159,-0.70707,0.037108,0.037411,-0.488165,-0.488152
28.36,28.37,0.142035,0.142034,-0.935172,-0.93387,-0.578445,-0.578931
30.31,30.29,-0.723978,-0.71496,0.038599,0.039731,-0.492793,-0.492802
30.58,30.61,-0.707137,-0.706972,0.038145,0.038414,-0.491149,-0.48854
30.7,30.71,-0.704163,-0.700105,0.037153,0.038765,-0.490634,-0.49068
29.23,29.22,0.399775,0.400064,-0.619342,-0.618948,-0.545581,-0.545074
30.72,30.71,-0.706179,-0.706774,0.037614,0.037812,-0.488142,-0.488245
29.04,29.04,0.407763,0.404851,-0.622767,-0.620307,-0.548556,-0.54665
29.03,29.03,0.419851,0.419639,-0.628552,-0.628667,-0.561539,-0.56034
30.54,30.52,-0.626985,-0.607728,0.130026,0.130319,-0.558033,-0.559666
29.2,29.2,0.422423,0.41942,-0.63547,-0.633203,-0.566103,-0.564801
30.46,30.46,-0.633899,-0.629863,0.125013,0.126905,-0.55815,-0.55649
28.7,28.75,-0.246966,-0.237879,-0.437009,-0.432098,-0.693887,-0.701266
30.33,30.35,-0.710459,-0.71133,0.083919,0.084238,-0.482646,-0.484553
28.98,29.01,0.682642,0.682015,-0.488115,-0.486744,-0.500065,-0.498051
30.48,30.47,-0.706147,-0.70597,0.039651,0.040534,-0.491625,-0.490311
30.31,30.3,-0.707017,-0.706013,0.086912,0.087731,-0.48158,-0.482965
30.34,30.35,-0.719525,-0.695603,0.038105,0.046646,-0.491759,-0.48925
30.36,30.36,-0.72432,-0.718671,0.082383,0.082201,-0.483785,-0.483438
30.12,30.13,-0.70552,-0.699964,0.087429,0.089258,-0.482563,-0.483596
30.4,30.4,-0.623554,-0.621866,0.128495,0.129508,-0.554013,-0.554688
30.6,30.59,-0.687365,-0.70033,0.044678,0.040843,-0.4889,-0.489357
30.21,30.21,-0.721355,-0.696521,0.082887,0.090146,-0.483253,-0.481653
29.71,29.68,-0.724804,-0.70442,0.082393,0.087041,-0.484791,-0.483159
29.0,29.0,0.3037,0.304095,-0.639151,-0.638148,-0.54664,-0.546926
30.66,30.68,-0.71704,-0.71802,0.033607,0.033415,-0.490285,-0.491197
30.57,30.56,-0.616544,-0.613001,0.129092,0.12948,-0.559956,-0.557917
29.62,29.64,-0.706999,-0.705803,0.086931,0.087241,-0.483083,-0.48367
30.68,30.67,-0.699785,-0.701521,0.042602,0.040036,-0.486026,-0.488976
30.66,30.67,-0.637397,-0.634357,0.123468,0.12455,-0.555192,-0.55285
30.42,30.43,-0.705176,-0.704978,0.041138,0.04144,-0.490598,-0.490693
30.42,30.39,-0.705669,-0.705378,0.041641,0.041536,-0.491097,-0.490495
30.49,30.48,-0.705204,-0.705787,0.04061,0.040419,-0.4881,-0.489008
28.29,28.29,0.217652,0.218368,0.549731,0.551259,-0.55596,-0.558441
30.36,30.34,-0.72349,-0.698345,0.036587,0.044564,-0.491309,-0.491201
30.28,30.3,-0.688377,-0.7114,0.050671,0.040837,-0.489843,-0.492458
28.61,28.61,-0.074551,-0.074337,-0.75537,-0.755855,-0.542727,-0.543833
30.66,30.65,-0.705153,-0.705967,0.039156,0.03823,-0.491622,-0.489536
29.83,29.84,-0.705528,-0.705907,0.088925,0.087236,-0.482546,-0.48327
30.52,30.52,-0.706669,-0.707169,0.037618,0.037913,-0.488647,-0.488448
29.16,29.17,0.400283,0.399682,-0.620331,-0.619236,-0.546089,-0.546082
29.81,29.8,-0.706518,-0.705704,0.087419,0.087743,-0.482071,-0.483863
30.58,30.59,-0.718094,-0.703033,0.03605,0.041711,-0.486259,-0.487668
29.2,29.19,0.400295,0.400576,-0.620319,-0.619833,-0.547091,-0.545981
30.18,30.17,-0.703689,-0.703698,0.045656,0.046149,-0.492537,-0.492031
28.43,28.42,0.135599,0.13618,-0.934686,-0.933895,-0.579497,-0.578682
30.69,30.7,-0.70669,-0.70657,0.038099,0.037418,-0.487139,-0.488548
30.33,30.3,-0.714544,-0.709527,0.038147,0.040633,-0.493718,-0.491442
28.41,28.44,-0.31316,-0.338289,0.328221,0.364801,-0.72336,-0.695316
29.69,29.73,-0.706995,-0.706119,0.088439,0.087222,-0.484067,-0.48217
28.62,28.62,-0.080051,-0.079865,-0.71832,-0.716226,-0.514306,-0.514181
29.56,29.59,-0.705009,-0.706499,0.087947,0.087237,-0.484055,-0.483576
28.62,28.62,-0.072474,-0.072815,-0.761288,-0.758623,-0.547785,-0.545454
30.46,30.48,-0.707639,-0.70757,0.037134,0.037606,-0.490164,-0.487954
30.21,30.2,-0.703689,-0.702316,0.045656,0.04655,-0.492537,-0.491714
29.5,29.51,-0.707494,-0.706498,0.087932,0.086937,-0.483576,-0.483479
29.93,29.93,-0.704989,-0.718657,0.086463,0.083419,-0.485074,-0.485127
30.48,30.46,-0.705191,-0.706465,0.041625,0.04003,-0.489591,-0.490121
30.49,30.49,-0.706179,-0.707076,0.037614,0.036503,-0.488142,-0.487261
29.23,29.21,0.402258,0.401954,-0.618828,-0.618032,-0.546055,-0.545948
29.62,29.66,-0.705505,-0.706292,0.086942,0.087547,-0.483571,-0.484372
30.66,30.68,-0.693818,-0.705966,0.041638,0.037931,-0.486987,-0.489539
30.46,30.44,-0.707146,-0.706065,0.038638,0.040437,-0.490643,-0.490613
30.61,30.6,-0.686867,-0.710215,0.044182,0.036725,-0.488902,-0.49019
30.27,30.28,-0.704537,-0.705913,0.087925,0.087331,-0.482048,-0.482868
29.23,29.21,0.399805,0.399782,-0.620315,-0.620037,-0.547596,-0.54579
29.57,29.58,-0.705522,-0.706101,0.088931,0.08704,-0.483047,-0.483574
30.64,30.66,-0.706687,-0.702712,0.0376,0.039329,-0.487145,-0.488593
29.53,29.54,-0.706984,-0.704132,0.086444,0.087835,-0.48409,-0.482747
30.3,30.3,-0.69574,-0.699846,0.043697,0.045046,-0.492991,-0.490307
28.7,26.06,-0.70587,-0.173562,-0.078907,0.746739,-0.462412,-0.135888
29.98,30.04,-0.705499,-0.705404,0.086948,0.087947,-0.484071,-0.484159
30.49,30.54,-0.707663,-0.706967,0.038113,0.037115,-0.48865,-0.488355
30.49,30.5,-0.707662,-0.707272,0.035608,0.037607,-0.487677,-0.487951
30.7,30.72,-0.708161,-0.703794,0.03861,0.03843,-0.488649,-0.488913
30.48,30.47,-0.619587,-0.620664,0.130517,0.129424,-0.554958,-0.55568
30.43,30.41,-0.622565,-0.622162,0.130001,0.128404,-0.554489,-0.554303
30.66,30.67,-0.603772,-0.631979,0.128522,0.124657,-0.549834,-0.552728
30.16,30.17,-0.703689,-0.703202,0.045656,0.046051,-0.492537,-0.492027
29.13,29.13,0.400258,0.399575,-0.620355,-0.618843,-0.544086,-0.545678
30.14,30.12,-0.7037,-0.702916,0.047651,0.047244,-0.492514,-0.491611
30.49,30.49,-0.706649,-0.707954,0.035131,0.036915,-0.489176,-0.488666
30.13,30.13,-0.707486,-0.705602,0.086436,0.087846,-0.483593,-0.484162
30.24,30.25,-0.691309,-0.711011,0.047193,0.040932,-0.491911,-0.491853
28.97,28.97,0.46513,0.472739,-0.559068,-0.555254,-0.727652,-0.727142
29.2,29.19,0.398793,0.399368,-0.617831,-0.619054,-0.547076,-0.54478
28.65,28.66,-0.073073,-0.07349,-0.755876,-0.755095,-0.541718,-0.540411
30.43,30.45,-0.620071,-0.621659,0.129524,0.129316,-0.555474,-0.55529
30.4,30.41,-0.623055,-0.622866,0.129002,0.129696,-0.554504,-0.554094
29.8,29.81,-0.705021,-0.705904,0.087935,0.087942,-0.483054,-0.483863
29.68,29.71,-0.706013,-0.705898,0.087932,0.087546,-0.483063,-0.484168
30.33,30.35,-0.715417,-0.722051,0.082897,0.082581,-0.4822,-0.482962
29.74,29.71,-0.707471,-0.702251,0.085949,0.089444,-0.4846,-0.483213
30.3,30.33,-0.705523,-0.706807,0.086924,0.086623,-0.482068,-0.482383
29.93,29.94,-0.693623,-0.700879,0.090982,0.089533,-0.483922,-0.481898
29.18,29.18,0.401271,0.403379,-0.620832,-0.6211,-0.545585,-0.547574
30.6,30.61,-0.705652,-0.706072,0.039653,0.038826,-0.491621,-0.489329
30.64,30.63,-0.622076,-0.622871,0.124481,0.125981,-0.551541,-0.552032
30.55,30.55,-0.618547,-0.619657,0.130569,0.129844,-0.558955,-0.55707
30.55,30.57,-0.702753,-0.691631,0.0436,0.044059,-0.487043,-0.488544
30.45,30.49,-0.612108,-0.613762,0.13159,0.131615,-0.558887,-0.561506
30.66,30.63,-0.70617,-0.706666,0.038125,0.039526,-0.489138,-0.489727
30.1,30.1,-0.718837,-0.710037,0.082433,0.086252,-0.486242,-0.485721
29.56,29.58,-0.694163,-0.699467,0.09244,0.088659,-0.480905,-0.483398
30.55,30.58,-0.706191,-0.707164,0.037602,0.037517,-0.48714,-0.488653
30.49,30.5,-0.725953,-0.71795,0.032583,0.035693,-0.490875,-0.489768
28.57,28.57,-0.050993,-0.050898,-0.725935,-0.725739,-0.535678,-0.535374
30.6,30.62,-0.706187,-0.706976,0.03911,0.038811,-0.488125,-0.488336
30.05,30.04,-0.706011,-0.705132,0.086429,0.087823,-0.482579,-0.482054
29.5,29.53,-0.711505,-0.699487,0.088374,0.090043,-0.4801,-0.482381
30.49,30.5,-0.708657,-0.706377,0.038608,0.037714,-0.488653,-0.488242
28.59,28.59,-0.078416,-0.078617,-0.728698,-0.727699,-0.521923,-0.522114
29.2,29.2,0.40227,0.403976,-0.623328,-0.621095,-0.545104,-0.547769
30.7,30.7,-0.714549,-0.713861,0.033628,0.034528,-0.491265,-0.491149
29.96,30.0,-0.706022,-0.706,0.087421,0.087343,-0.482067,-0.483871
30.4,30.39,-0.705693,-0.70567,0.041617,0.04174,-0.489094,-0.490996
30.68,30.68,-0.719997,-0.708923,0.032611,0.036533,-0.491324,-0.490382
29.83,29.83,-0.706001,-0.706003,0.08694,0.087239,-0.483575,-0.483571
30.46,30.49,-0.707667,-0.706382,0.036605,0.037609,-0.487665,-0.487743
30.54,30.54,-0.619076,-0.61786,0.130032,0.130263,-0.55596,-0.558251
30.52,30.54,-0.629437,-0.619128,0.129542,0.130279,-0.560063,-0.559965
30.72,30.72,-0.706149,-0.707358,0.037644,0.037521,-0.490646,-0.489055
28.65,28.63,-0.077091,-0.077202,-0.716819,-0.715327,-0.513762,-0.513446
30.45,30.43,-0.623028,-0.622264,0.129531,0.128402,-0.557002,-0.554103
30.24,30.23,-0.695298,-0.709134,0.049161,0.043338,-0.490922,-0.49231
30.6,30.63,-0.708181,-0.706867,0.036585,0.036715,-0.486167,-0.488258
30.64,30.64,-0.704667,-0.706286,0.037643,0.038207,-0.490132,-0.487736
30.46,30.48,-0.613093,-0.613871,0.131593,0.131905,-0.559397,-0.560803
28.65,28.65,-0.077137,-0.076921,-0.712853,-0.713637,-0.511714,-0.512824
30.46,30.46,-0.707155,-0.706071,0.03913,0.039628,-0.490137,-0.489721
29.79,29.76,-0.706016,-0.706018,0.08843,0.087525,-0.483057,-0.482466
28.62,28.62,-0.078602,-0.079792,-0.712337,-0.711739,-0.513725,-0.514029
28.67,28.67,0.142684,0.143183,-0.664712,-0.664005,-0.546325,-0.546914
30.48,30.45,-0.610658,-0.617203,0.129553,0.129728,-0.554891,-0.554946
30.57,30.56,-0.696311,-0.695774,0.043119,0.04206,-0.486491,-0.489504
30.33,30.32,-0.706016,-0.706506,0.087427,0.086628,-0.482568,-0.482681
29.83,29.8,-0.706487,-0.705902,0.088452,0.087241,-0.485065,-0.483671
29.11,29.12,0.399282,0.39927,-0.619842,-0.619051,-0.545591,-0.544981
30.31,30.28,-0.712138,-0.705574,0.041593,0.043944,-0.489151,-0.491771
30.68,30.69,-0.718028,-0.715947,0.034108,0.033113,-0.490789,-0.490281
30.7,30.7,-0.704175,-0.70278,0.038144,0.037954,-0.490122,-0.490513
30.04,30.06,-0.702195,-0.702609,0.047675,0.048959,-0.494004,-0.493092
30.52,30.53,-0.624068,-0.623853,0.123964,0.125084,-0.550563,-0.552452
29.75,29.74,-0.704534,-0.705299,0.08843,0.086951,-0.482543,-0.48427
30.63,30.65,-0.70665,-0.706573,0.03864,0.039018,-0.490639,-0.488931
30.58,30.58,-0.707149,-0.706776,0.038133,0.037911,-0.490148,-0.488143
25.63,24.88,-1.688581,-0.139983,-1.118294,-0.050913,0.808042,0.495791
30.37,30.39,-0.706167,-0.702406,0.042138,0.042648,-0.491096,-0.490757
30.37,30.36,-0.623044,-0.622563,0.128011,0.128298,-0.555016,-0.553907
30.64,30.64,-0.641391,-0.626538,0.122925,0.125467,-0.552729,-0.55197
30.46,30.48,-0.690322,-0.706088,0.044685,0.040214,-0.490428,-0.488613
28.3,28.3,0.21719,0.215115,0.546755,0.547756,-0.5575,-0.558508
30.7,30.71,-0.706647,-0.69757,0.038141,0.04154,-0.490644,-0.488323
30.52,30.5,-0.706222,-0.704611,0.042085,0.040309,-0.486589,-0.487798
30.09,30.05,-0.706042,-0.705912,0.088905,0.087733,-0.481048,-0.483064
30.46,30.46,-0.70668,-0.70628,0.039613,0.040219,-0.488625,-0.489115
30.61,30.58,-0.707162,-0.706963,0.037118,0.03752,-0.488657,-0.488851
30.64,30.64,-0.708153,-0.706684,0.037114,0.038105,-0.488666,-0.48764
30.46,30.48,-0.707661,-0.70757,0.036611,0.037205,-0.488166,-0.487758
30.7,30.7,-0.711089,-0.700124,0.03664,0.039047,-0.491702,-0.489275
30.37,30.37,-0.729717,-0.723105,0.077405,0.079906,-0.486393,-0.484805
29.11,29.11,0.418445,0.419119,-0.634494,-0.633208,-0.565626,-0.564504
28.48,28.52,-0.615461,-0.648282,-0.412328,-0.443405,-0.329665,-0.209991
29.65,29.61,-0.705511,-0.705608,0.08794,0.08764,-0.483559,-0.483564
30.21,30.22,-0.721992,-0.703994,0.039111,0.045147,-0.493271,-0.491744
30.28,30.29,-0.703742,-0.703901,0.044101,0.043737,-0.487546,-0.490557
30.09,30.08,-0.703197,-0.702393,0.049666,0.048376,-0.49399,-0.494298
28.53,28.53,0.143162,0.143282,-0.663725,-0.664507,-0.545308,-0.546618
30.49,30.51,-0.707658,-0.707363,0.037116,0.037315,-0.488661,-0.488556
29.91,29.92,-0.71194,-0.698674,0.084923,0.088562,-0.483649,-0.483393
28.65,28.66,-0.070484,-0.071604,-0.76378,-0.761607,-0.547295,-0.545778
30.7,30.7,-0.706188,-0.707171,0.037104,0.037911,-0.487146,-0.488248
30.64,30.64,-0.70619,-0.707455,0.038606,0.038926,-0.48763,-0.489841
29.56,29.58,-0.706009,-0.706408,0.088436,0.087229,-0.483558,-0.482874
30.48,30.49,-0.707654,-0.70716,0.03762,0.036518,-0.489156,-0.488563
30.25,30.22,-0.725309,-0.716108,0.082884,0.084403,-0.484289,-0.48319
30.45,30.45,-0.612561,-0.613082,0.13163,0.132406,-0.562397,-0.56069
28.61,28.62,-0.080075,-0.080171,-0.711825,-0.712525,-0.515234,-0.515143
30.7,30.69,-0.630967,-0.625846,0.123979,0.125668,-0.554129,-0.551861
30.54,30.55,-0.61009,-0.614789,0.129627,0.130774,-0.560896,-0.558219
30.51,30.53,-0.687377,-0.706566,0.04567,0.038926,-0.488388,-0.489533
29.8,29.81,-0.706014,-0.705813,0.085925,0.088034,-0.482084,-0.48326
30.69,30.71,-0.689827,-0.691037,0.043684,0.043659,-0.489935,-0.488242
30.49,30.51,-0.698217,-0.695488,0.041183,0.043152,-0.492039,-0.488988
28.55,28.54,0.147075,0.147059,-0.939084,-0.938698,-0.583454,-0.582348
29.84,29.85,-0.706491,-0.705606,0.086944,0.087141,-0.48408,-0.483569
30.61,30.62,-0.706666,-0.707554,0.03712,0.037221,-0.488653,-0.48906
30.28,30.27,-0.690334,-0.711609,0.049186,0.041227,-0.491379,-0.491754
29.2,29.2,0.41941,0.421332,-0.633012,-0.635876,-0.564098,-0.565917
30.7,30.65,-0.711574,-0.706579,0.034643,0.038913,-0.491729,-0.488431
30.33,30.34,-0.711087,-0.692895,0.040654,0.045984,-0.49366,-0.491438
30.33,30.31,-0.707632,-0.70775,0.04015,0.041836,-0.492133,-0.491313
30.64,30.65,-0.707671,-0.706872,0.039609,0.038515,-0.488633,-0.488638
30.55,30.53,-0.61956,-0.619845,0.130042,0.129051,-0.556967,-0.557581
30.25,30.24,-0.705522,-0.707011,0.088931,0.08762,-0.483047,-0.482374
28.82,28.8,-0.122657,-0.124761,-0.718526,-0.719658,-0.762613,-0.76034
29.03,29.03,0.660557,0.656585,-0.480943,-0.480161,-0.481142,-0.481068
30.55,30.54,-0.620059,-0.619951,0.129536,0.129646,-0.556476,-0.557275
30.49,30.48,-0.707187,-0.699947,0.039599,0.042035,-0.487627,-0.488839
30.19,30.22,-0.691832,-0.702404,0.047666,0.045457,-0.489907,-0.492127
30.36,30.36,-0.71455,-0.704274,0.037138,0.041954,-0.492728,-0.491783
30.64,30.68,-0.706675,-0.707064,0.037612,0.037318,-0.488146,-0.488654
30.16,30.18,-0.704192,-0.703987,0.044645,0.045254,-0.491551,-0.492344
29.91,29.86,-0.687685,-0.709852,0.091996,0.086541,-0.483358,-0.484815
30.64,30.64,-0.706645,-0.706571,0.037642,0.038619,-0.49065,-0.488935
28.62,28.64,-0.080604,-0.080817,-0.712362,-0.711375,-0.51224,-0.511429
30.12,30.11,-0.685225,-0.701937,0.094493,0.088759,-0.482808,-0.48422
30.22,30.22,-0.688865,-0.713477,0.050176,0.041236,-0.490354,-0.493073
30.68,30.67,-0.605749,-0.612578,0.127517,0.126803,-0.549863,-0.550732
30.6,30.59,-0.706203,-0.707758,0.038594,0.037315,-0.486628,-0.48866
30.68,30.63,-0.708155,-0.706974,0.038616,0.038411,-0.489149,-0.48834
29.74,29.74,-0.707016,-0.706402,0.088919,0.087536,-0.482559,-0.483471
26.23,26.86,9.337889,7.973822,3.635946,3.761926,-5.937916,-6.990365
30.72,30.71,-0.69038,-0.690842,0.044127,0.043556,-0.485427,-0.487941
30.54,30.54,-0.635346,-0.627044,0.126552,0.127358,-0.562152,-0.560167
30.37,30.36,-0.70023,-0.703892,0.042149,0.041941,-0.490042,-0.490577
29.59,29.57,-0.71192,-0.700572,0.083439,0.089243,-0.484667,-0.4825
30.66,30.7,-0.718017,-0.716347,0.033117,0.033809,-0.491301,-0.490277
30.49,30.49,-0.703675,-0.709812,0.039654,0.037335,-0.491102,-0.490982
30.51,30.51,-0.696297,-0.712901,0.042632,0.036506,-0.487498,-0.489415
30.39,30.41,-0.707177,-0.70567,0.042117,0.040938,-0.489602,-0.490705
29.66,29.68,-0.711924,-0.70049,0.08544,0.09023,-0.485146,-0.481586
28.67,28.66,-0.07256,-0.072459,-0.757863,-0.75806,-0.542237,-0.542339
30.33,30.34,-0.685909,-0.702027,0.049166,0.043835,-0.488336,-0.489838
30.34,30.36,-0.697813,-0.696479,0.045607,0.045255,-0.486476,-0.489975
30.52,30.5,-0.719488,-0.712299,0.034632,0.037619,-0.4933,-0.490499
30.6,30.63,-0.707179,-0.706369,0.038103,0.038323,-0.487644,-0.489137
30.1,30.1,-0.701707,-0.701995,0.049173,0.048378,-0.493983,-0.494395
30.49,30.5,-0.706681,-0.707462,0.037606,0.036914,-0.487645,-0.488361
28.95,28.94,0.662114,0.661688,-0.494907,-0.491728,-0.480786,-0.479752
30.55,30.53,-0.623465,-0.616166,0.127582,0.129676,-0.561035,-0.558644
30.22,30.21,-0.688213,-0.707094,0.093466,0.086834,-0.481343,-0.483385
30.54,30.54,-0.698716,-0.698923,0.040676,0.040265,-0.491549,-0.490653
28.38,28.35,0.142036,0.142227,-0.933166,-0.933774,-0.579424,-0.578527
30.3,30.29,-0.715054,-0.707455,0.038632,0.042135,-0.492715,-0.491207
28.62,28.63,-0.078018,-0.077825,-0.720771,-0.721478,-0.517322,-0.516527
28.59,28.58,-0.077928,-0.078412,-0.726197,-0.728293,-0.522391,-0.522419
30.39,30.37,-0.706494,-0.705727,0.087443,0.087119,-0.484074,-0.481767
30.49,30.53,-0.708157,-0.707865,0.036609,0.037206,-0.48817,-0.487961
30.58,30.59,-0.695798,-0.703819,0.043139,0.040713,-0.487989,-0.487886
30.48,30.46,-0.70518,-0.705782,0.03963,0.039722,-0.489613,-0.489116
30.45,30.47,-0.705192,-0.705686,0.039618,0.039919,-0.488612,-0.488913
23.13,23.16,-0.385309,-0.393801,0.079936,0.071918,0.796871,0.797308
30.12,30.13,-0.706022,-0.706491,0.087421,0.086744,-0.482067,-0.483982
28.73,28.73,0.145145,0.144743,-0.664721,-0.663926,-0.544801,-0.544695
28.56,28.57,-0.307665,-0.263267,-0.584859,-0.586432,-0.611942,-0.641527
27.02,25.54,-0.34283,-0.268201,-0.032372,0.405908,-0.735216,-0.245154
30.39,30.41,-0.60869,-0.622851,0.129044,0.128708,-0.553377,-0.554906
30.42,30.42,-0.620595,-0.621767,0.128993,0.129106,-0.55298,-0.554492
30.48,30.46,-0.705192,-0.705869,0.040622,0.039633,-0.489101,-0.49002
28.5,28.5,0.08004,0.079148,-0.873226,-0.874233,-0.522684,-0.522203
30.46,30.45,-0.621069,-0.620771,0.129514,0.129415,-0.554982,-0.55498
30.05,30.09,-0.703187,-0.702806,0.046668,0.046954,-0.493523,-0.492314
30.42,30.41,-0.705186,-0.705682,0.040628,0.041628,-0.489602,-0.489996
30.7,30.69,-0.715038,-0.716234,0.034636,0.033423,-0.49226,-0.491282
30.51,30.48,-0.696281,-0.68589,0.044152,0.045976,-0.489485,-0.488472
29.8,29.8,-0.705508,-0.706102,0.088444,0.087841,-0.484054,-0.483866
30.68,30.69,-0.637926,-0.629109,0.123935,0.124963,-0.552687,-0.552399
30.34,30.34,-0.706023,-0.705222,0.086417,0.087531,-0.481577,-0.48266
30.58,30.59,-0.707158,-0.706982,0.037622,0.038705,-0.489152,-0.487836
30.51,30.49,-0.707656,-0.707273,0.035614,0.036904,-0.488177,-0.487558
30.36,30.36,-0.623537,-0.622863,0.12751,0.128195,-0.555026,-0.55371
29.51,29.54,-0.707975,-0.705506,0.087443,0.087342,-0.484588,-0.483666
30.45,30.43,-0.629445,-0.624827,0.126526,0.128708,-0.558094,-0.555525
29.53,29.54,-0.706001,-0.706582,0.08694,0.087453,-0.483575,-0.484976
30.68,30.68,-0.719519,-0.712578,0.033598,0.03553,-0.490307,-0.491126
30.6,30.6,-0.697805,-0.713702,0.043108,0.036997,-0.486003,-0.489016
28.44,28.46,-0.547649,-0.609756,-0.565122,-0.540286,-0.293742,-0.196028
30.49,30.51,-0.623055,-0.623256,0.125493,0.125489,-0.553041,-0.552742
28.5,28.51,0.140567,0.139972,-0.937666,-0.93496,-0.578987,-0.580164
30.48,30.48,-0.705688,-0.705979,0.04062,0.040023,-0.489105,-0.489315
29.74,29.73,-0.70598,-0.7057,0.086459,0.087346,-0.485083,-0.484068
30.31,30.27,-0.692773,-0.708927,0.045204,0.042145,-0.492948,-0.492522
29.51,29.49,-0.7065,-0.706099,0.087437,0.087342,-0.483573,-0.483871
30.64,30.65,-0.706178,-0.706569,0.038618,0.038922,-0.488631,-0.489232
29.18,29.19,0.399782,0.398875,-0.618332,-0.618751,-0.546571,-0.545182
30.39,30.38,-0.614165,-0.612377,0.129504,0.130817,-0.551917,-0.552688
30.73,30.7,-0.707164,-0.70458,0.037616,0.038334,-0.488651,-0.489422
30.36,30.34,-0.724482,-0.696682,0.03558,0.046152,-0.490828,-0.489966
30.34,30.33,-0.704518,-0.7068,0.085438,0.08643,-0.482577,-0.482886
26.66,28.65,0.0272,-0.008789,0.78971,0.365978,-0.371073,-0.561911
28.95,28.98,0.473499,0.474918,-0.556086,-0.554246,-0.72404,-0.727312
30.69,30.68,-0.718044,-0.719697,0.033592,0.032414,-0.489292,-0.491424
30.28,30.3,-0.713869,-0.720509,0.073938,0.073315,-0.483289,-0.483354
30.07,30.08,-0.703205,-0.702594,0.047653,0.04747,-0.49251,-0.493709
30.43,30.43,-0.706649,-0.706464,0.040647,0.040934,-0.491618,-0.490611
30.43,30.42,-0.70667,-0.705673,0.041127,0.041537,-0.49011,-0.490698
29.72,29.7,-0.697123,-0.708674,0.090939,0.086834,-0.481449,-0.4839
28.61,28.61,-0.076657,-0.076545,-0.74848,-0.748567,-0.535655,-0.536657
30.68,30.68,-0.709615,-0.706344,0.03563,0.037144,-0.490198,-0.490653
29.65,29.62,-0.705499,-0.705706,0.086948,0.087541,-0.484071,-0.483666
30.58,30.61,-0.696748,-0.698154,0.040167,0.041548,-0.490035,-0.48923
30.34,30.35,-0.697289,-0.708665,0.046137,0.04211,-0.48897,-0.489515
30.28,30.28,-0.721005,-0.714187,0.036603,0.041619,-0.491788,-0.491973
29.09,29.08,0.388124,0.389958,-0.605089,-0.605134,-0.531496,-0.535488
30.63,30.58,-0.721516,-0.705495,0.035081,0.040515,-0.489806,-0.488604
30.6,30.62,-0.707675,-0.706862,0.038101,0.038725,-0.487648,-0.489538
30.49,30.5,-0.711144,-0.71193,0.040095,0.038696,-0.488658,-0.48868
28.94,28.92,0.299259,0.299748,-0.639648,-0.640556,-0.548187,-0.547191
30.7,30.71,-0.708156,-0.706855,0.037612,0.037429,-0.48866,-0.489553
30.09,30.06,-0.707479,-0.705804,0.087445,0.087542,-0.484583,-0.483766
29.95,29.97,-0.690672,-0.703137,0.090969,0.088344,-0.481893,-0.483233
30.42,30.41,-0.705672,-0.705579,0.041137,0.041532,-0.490602,-0.490296
30.37,30.37,-0.693795,-0.702108,0.046174,0.042448,-0.490942,-0.490656
30.57,30.57,-0.694773,-0.702527,0.042674,0.040519,-0.49049,-0.487977
29.83,29.84,-0.70454,-0.705904,0.088424,0.087641,-0.482043,-0.483766
29.51,29.51,-0.707509,-0.7064,0.087415,0.087338,-0.48208,-0.483574
30.37,30.36,-0.703747,-0.702731,0.045098,0.044625,-0.487535,-0.489335
29.86,29.87,-0.725809,-0.707995,0.081374,0.08652,-0.483309,-0.482494
30.66,30.66,-0.694273,-0.702491,0.040675,0.039452,-0.490007,-0.490493
30.28,30.3,-0.710108,-0.707471,0.039642,0.043222,-0.49216,-0.490394
30.69,30.69,-0.707158,-0.706674,0.038626,0.037713,-0.489641,-0.488245
30.13,30.13,-0.706016,-0.706105,0.087427,0.087036,-0.482568,-0.483274
30.07,30.09,-0.701217,-0.701999,0.049169,0.048275,-0.493478,-0.494095
30.1,30.1,-0.724819,-0.706582,0.08288,0.087052,-0.483784,-0.484781
30.63,30.64,-0.70766,-0.706866,0.038618,0.038923,-0.489145,-0.489335
30.37,30.38,-0.706491,-0.705418,0.086944,0.087232,-0.48408,-0.482765
30.7,30.7,-0.71506,-0.714848,0.03311,0.034127,-0.489773,-0.491362
30.3,30.31,-0.695318,-0.706073,0.047136,0.042836,-0.488441,-0.490987
30.48,30.48,-0.621522,-0.621253,0.129554,0.128926,-0.558491,-0.555892
30.4,30.42,-0.704695,-0.705585,0.041627,0.041125,-0.489586,-0.4896
30.7,30.71,-0.690843,-0.690245,0.042653,0.043661,-0.487451,-0.488136
30.46,30.46,-0.632431,-0.620173,0.127507,0.129521,-0.557608,-0.555275
30.6,30.63,-0.707669,-0.706766,0.038107,0.037319,-0.488149,-0.488651
29.54,29.54,-0.707001,-0.706192,0.088433,0.087749,-0.483567,-0.484569
30.7,30.67,-0.699712,-0.710031,0.039164,0.037514,-0.490573,-0.489378
30.3,30.29,-0.723988,-0.716559,0.037085,0.039912,-0.491308,-0.491812
30.33,30.35,-0.689356,-0.713205,0.04717,0.040109,-0.48939,-0.490479
30.14,30.13,-0.705703,-0.703578,0.045619,0.045569,-0.490051,-0.493539
29.16,29.16,0.399769,0.39938,-0.620351,-0.618539,-0.544591,-0.546076
26.77,26.75,11.045407,11.042404,6.507239,6.503085,-10.866283,-10.870264
30.07,30.1,-0.702695,-0.701308,0.049674,0.048775,-0.494487,-0.493984
30.42,30.41,-0.705681,-0.70518,0.041629,0.041636,-0.490096,-0.490492
30.64,30.62,-0.70619,-0.70627,0.038606,0.038424,-0.48763,-0.489135
30.7,30.69,-0.714555,-0.713514,0.033623,0.036285,-0.490764,-0.48782
30.3,30.3,-0.715045,-0.706973,0.039143,0.043026,-0.493711,-0.490492
29.46,29.48,-0.707498,-0.706794,0.086424,0.08774,-0.482592,-0.483973
30.3,30.3,-0.705219,-0.701625,0.044605,0.044343,-0.488555,-0.49043
29.21,29.22,0.400256,0.399977,-0.619856,-0.618836,-0.54408,-0.546075
30.7,30.7,-0.707669,-0.706976,0.038107,0.037808,-0.488149,-0.487946
30.49,30.47,-0.708163,-0.707066,0.036603,0.037516,-0.48767,-0.488551
28.92,28.94,0.297282,0.297577,-0.639649,-0.640052,-0.548705,-0.548306
30.73,30.72,-0.690345,-0.690634,0.042156,0.042764,-0.487452,-0.488349
28.59,28.58,0.144175,0.143294,-0.664202,-0.664896,-0.546807,-0.547424
30.66,30.63,-0.708177,-0.707064,0.038093,0.038421,-0.487152,-0.489142
30.66,30.64,-0.707176,-0.706475,0.037604,0.038115,-0.48765,-0.488439
30.39,30.39,-0.623071,-0.622658,0.128485,0.128804,-0.553007,-0.554503
30.28,30.31,-0.701769,-0.701929,0.047106,0.044737,-0.487996,-0.490128
30.66,30.66,-0.619643,-0.619893,0.127453,0.126095,-0.548983,-0.552306
30.72,30.71,-0.706651,-0.70723,0.036633,0.036948,-0.48966,-0.491164
29.65,29.64,-0.685223,-0.702151,0.09299,0.088844,-0.482324,-0.483019
24.52,24.39,0.651046,0.796151,0.990942,1.114967,0.147521,0.083068
30.49,30.51,-0.721048,-0.708858,0.034554,0.039408,-0.487304,-0.488846
29.2,29.19,0.40227,0.402762,-0.618816,-0.618818,-0.547056,-0.546752
30.64,30.67,-0.706173,-0.706666,0.03762,0.037922,-0.488643,-0.489044
30.46,30.46,-0.706668,-0.70657,0.039625,0.039624,-0.489626,-0.489525
29.57,29.56,-0.703055,-0.709977,0.088928,0.086415,-0.482024,-0.482613
22.36,22.55,-0.66579,-0.654751,0.10901,0.066059,0.48422,0.48413
30.68,30.67,-0.632477,-0.619819,0.125957,0.127374,-0.553118,-0.550788
30.66,30.66,-0.706196,-0.704101,0.0386,0.040024,-0.487129,-0.488798
28.92,28.92,-0.439747,-0.393312,-0.797416,-0.879867,0.232991,0.193592
30.7,30.69,-0.718038,-0.718032,0.033598,0.033503,-0.489793,-0.490195
30.66,30.67,-0.706694,-0.700042,0.0401,0.040936,-0.487617,-0.488652
30.36,30.36,-0.689887,-0.690737,0.049139,0.046671,-0.487369,-0.489808
30.64,30.66,-0.705683,-0.707252,0.038619,0.038129,-0.488627,-0.489849
28.44,28.43,0.136577,0.136589,-0.933192,-0.934283,-0.578971,-0.579484
30.58,30.59,-0.643834,-0.628027,0.121948,0.125359,-0.555265,-0.551784
29.15,29.14,0.417394,0.419319,-0.632551,-0.633707,-0.561606,-0.564407
30.4,30.4,-0.70567,-0.705678,0.039634,0.040429,-0.490118,-0.489809
30.7,30.7,-0.707679,-0.706966,0.036593,0.037617,-0.486664,-0.488649
30.21,30.22,-0.714941,-0.704221,0.08639,0.087043,-0.482156,-0.483258
30.54,30.55,-0.624046,-0.623359,0.125489,0.125385,-0.55305,-0.552444
28.64,28.64,-0.080075,-0.080143,-0.712829,-0.714402,-0.514745,-0.516667
30.21,30.22,-0.701043,-0.704639,0.086959,0.088324,-0.483531,-0.482045
30.39,30.4,-0.706157,-0.705081,0.03914,0.040935,-0.490629,-0.490199
28.76,28.76,0.14267,0.142375,-0.663222,-0.664425,-0.545807,-0.545423
30.7,30.7,-0.693314,-0.693483,0.041147,0.040573,-0.487489,-0.489601
30.28,30.29,-0.716553,-0.700721,0.038615,0.044558,-0.491727,-0.491522
28.94,28.93,0.298775,0.299074,-0.639638,-0.640439,-0.549193,-0.548899
28.56,28.55,-0.108504,-0.110398,0.685974,0.686759,-0.583796,-0.583303
28.91,28.92,0.305937,0.308465,-0.654436,-0.656886,-0.560818,-0.56373
30.3,30.3,-0.705033,-0.706013,0.088927,0.087731,-0.482542,-0.482965
29.56,29.57,-0.71686,-0.711739,0.082435,0.085427,-0.485723,-0.484042
30.28,30.29,-0.718558,-0.70954,0.038084,0.042125,-0.489747,-0.491025
30.61,30.58,-0.706663,-0.70656,0.036621,0.037127,-0.488658,-0.489253
30.42,30.42,-0.705195,-0.705372,0.040117,0.040438,-0.488606,-0.490507
30.39,30.38,-0.706171,-0.709515,0.04063,0.039842,-0.490111,-0.492053
29.21,29.21,0.400776,0.401659,-0.618827,-0.617931,-0.546568,-0.54615
30.51,30.54,-0.618566,-0.619065,0.129547,0.129142,-0.556963,-0.556571
28.56,28.57,0.142658,0.142889,-0.66223,-0.664304,-0.545295,-0.54702
30.48,30.47,-0.705198,-0.705486,0.040616,0.039621,-0.4886,-0.488914
30.48,30.49,-0.614553,-0.613475,0.132115,0.131706,-0.561908,-0.560701
29.18,29.19,0.403255,0.402066,-0.618818,-0.617919,-0.546547,-0.547048
30.49,30.48,-0.708136,-0.706772,0.036128,0.037714,-0.489678,-0.488346
30.63,30.6,-0.70668,-0.703104,0.039613,0.040034,-0.488625,-0.48929
22.96,22.94,-0.454612,-0.455023,0.084373,0.084258,-0.564065,-0.562868
30.21,30.22,-0.689884,-0.70201,0.049644,0.045055,-0.487864,-0.491728
29.16,29.17,0.399294,0.399676,-0.61983,-0.619843,-0.546593,-0.545387
30.05,30.1,-0.703691,-0.702496,0.048162,0.046366,-0.49351,-0.49312
30.61,30.62,-0.708165,-0.706464,0.038105,0.038227,-0.488153,-0.48944
30.52,30.49,-0.721966,-0.702991,0.032117,0.040248,-0.492348,-0.490489
22.66,22.64,-0.455122,-0.455808,0.084858,0.085767,-0.563062,-0.56416
29.79,29.79,-0.706025,-0.705817,0.087919,0.08803,-0.482061,-0.48286
30.46,30.48,-0.706687,-0.70717,0.0376,0.037411,-0.487145,-0.488153
30.49,30.52,-0.718999,-0.705387,0.033624,0.040424,-0.492306,-0.489305
30.24,30.24,-0.718023,-0.695196,0.038627,0.04746,-0.493242,-0.490439
30.55,30.56,-0.60023,-0.628745,0.132115,0.128741,-0.557276,-0.559565
30.61,30.62,-0.706184,-0.703704,0.038612,0.040127,-0.488131,-0.488893
29.74,29.73,-0.705511,-0.706009,0.08794,0.088035,-0.483559,-0.483362
30.36,30.36,-0.723962,-0.71379,0.035606,0.039514,-0.492827,-0.490991
29.51,29.53,-0.705523,-0.705512,0.087927,0.086634,-0.482558,-0.482873
22.45,22.44,-0.460089,-0.459696,0.089845,0.088439,-0.564551,-0.563662
30.54,30.54,-0.606203,-0.625374,0.133073,0.128853,-0.555814,-0.559535
30.21,30.18,-0.703683,-0.703386,0.046666,0.045964,-0.493527,-0.493132
30.33,30.31,-0.706512,-0.705617,0.086422,0.087431,-0.482082,-0.482764
29.79,29.8,-0.706505,-0.706013,0.088434,0.08763,-0.483562,-0.482866
29.21,29.2,0.399791,0.399683,-0.618825,-0.619436,-0.547078,-0.546084
29.86,29.86,-0.725288,-0.697515,0.0814,0.090642,-0.485308,-0.481756
30.46,30.47,-0.621061,-0.620546,0.128018,0.129041,-0.554999,-0.556986
30.72,30.7,-0.713055,-0.709414,0.034644,0.035934,-0.492242,-0.490493
30.46,30.46,-0.637876,-0.632748,0.126993,0.128188,-0.558162,-0.556301
30.21,30.19,-0.70267,-0.703402,0.046189,0.045648,-0.495027,-0.491733
30.57,30.56,-0.688371,-0.699955,0.046165,0.041626,-0.488391,-0.487942
30.7,30.7,-0.690323,-0.704587,0.042678,0.038127,-0.489449,-0.488824
30.09,30.08,-0.70646,-0.705711,0.086974,0.087435,-0.486584,-0.483166
28.61,28.6,-0.075627,-0.07512,-0.749942,-0.750531,-0.538167,-0.53877
29.18,29.18,0.401786,0.400948,-0.618806,-0.618853,-0.548062,-0.544363
30.72,30.72,-0.707655,-0.704003,0.036617,0.03862,-0.488667,-0.488112
28.43,28.53,-0.658714,-0.675777,-0.433641,-0.469788,-0.229105,-0.130889
29.53,29.54,-0.706523,-0.709976,0.088416,0.087017,-0.48206,-0.482907
28.62,28.62,-0.080083,-0.080165,-0.711333,-0.713221,-0.514728,-0.515351
25.66,26.23,-1.609515,-1.33217,-1.210512,-0.859743,0.870795,0.555513
30.37,30.35,-0.72526,-0.722545,0.07842,0.081678,-0.486343,-0.482676
30.3,30.32,-0.715066,-0.699233,0.03862,0.045266,-0.491714,-0.491802
28.92,28.91,0.307937,0.307743,-0.656417,-0.655612,-0.561324,-0.562018
30.61,30.64,-0.706184,-0.706174,0.039615,0.038521,-0.48862,-0.488933
30.46,30.46,-0.706182,-0.706083,0.038113,0.040218,-0.488136,-0.489013
30.45,30.44,-0.621599,-0.621937,0.132487,0.127831,-0.55345,-0.556311
30.64,30.63,-0.70767,-0.707561,0.037104,0.037213,-0.48766,-0.488459
30.51,30.48,-0.706177,-0.70707,0.036112,0.037812,-0.487658,-0.488348
30.3,30.29,-0.684419,-0.700951,0.048673,0.045228,-0.488328,-0.489212
29.18,29.17,0.400773,0.399069,-0.619332,-0.618454,-0.546073,-0.544976
27.68,26.63,-0.10994,-0.01305,0.852164,0.697758,-0.088561,-0.176321
30.43,30.45,-0.621066,-0.621666,0.129015,0.128708,-0.554988,-0.554495
28.48,28.51,0.141049,0.144842,-0.93517,-0.937138,-0.578954,-0.580046
30.69,30.69,-0.694763,-0.697736,0.039675,0.039766,-0.490023,-0.490248
30.73,30.71,-0.706669,-0.705886,0.037618,0.038413,-0.488647,-0.488131
28.48,28.51,0.142068,0.141753,-0.935641,-0.93606,-0.580954,-0.579359
30.69,30.68,-0.695261,-0.697543,0.040172,0.040463,-0.490022,-0.490038
29.2,29.2,0.400761,0.399773,-0.619344,-0.619243,-0.545072,-0.54548
30.4,30.44,-0.621562,-0.629094,0.129014,0.128488,-0.554992,-0.555163
30.39,30.38,-0.705173,-0.708931,0.04064,0.040436,-0.490603,-0.49144
29.66,29.66,-0.702577,-0.692455,0.090919,0.090764,-0.481496,-0.482011
29.89,29.92,-0.724323,-0.702256,0.082882,0.089338,-0.48378,-0.482713
30.1,30.13,-0.704003,-0.705701,0.087464,0.087645,-0.485054,-0.484065
30.63,30.63,-0.70717,-0.706561,0.038614,0.038831,-0.48864,-0.489935
28.89,28.88,0.300704,0.32578,-0.675284,-0.674597,-0.529044,-0.520003
29.88,29.89,-0.718861,-0.713535,0.083413,0.08551,-0.484728,-0.483155
30.31,30.34,-0.704519,-0.705822,0.088947,0.087724,-0.48404,-0.482362
30.33,30.34,-0.694633,-0.703636,0.089957,0.086433,-0.481939,-0.482157
30.49,30.51,-0.719037,-0.720317,0.036093,0.034794,-0.490274,-0.490501
29.66,29.66,-0.69712,-0.702066,0.09044,0.088629,-0.481454,-0.481718
30.21,30.2,-0.688184,-0.700484,0.091489,0.088932,-0.482867,-0.481501
29.6,29.58,-0.69017,-0.702948,0.090977,0.088636,-0.48239,-0.482627
30.31,30.29,-0.686383,-0.702639,0.049687,0.045019,-0.490338,-0.488929
30.21,30.18,-0.704669,-0.703601,0.044661,0.044944,-0.493058,-0.491342
30.51,30.5,-0.723984,-0.708242,0.033077,0.038428,-0.489851,-0.490154
30.33,30.36,-0.70623,-0.693438,0.043581,0.04754,-0.486572,-0.488219
29.0,28.99,0.649053,0.651168,-0.473565,-0.474226,-0.47615,-0.478543
30.16,30.18,-0.716861,-0.704056,0.08494,0.088815,-0.486697,-0.481232
30.73,30.7,-0.691814,-0.697168,0.042168,0.041045,-0.488967,-0.488526
29.2,29.21,0.399784,0.399782,-0.619834,-0.620037,-0.546088,-0.54579
30.46,30.47,-0.706671,-0.705688,0.03912,0.040219,-0.489131,-0.48891
30.37,30.39,-0.705179,-0.705178,0.040634,0.041638,-0.490103,-0.490692
30.48,30.46,-0.705177,-0.705979,0.040135,0.040324,-0.490108,-0.489412
29.77,29.76,-0.706037,-0.705901,0.087908,0.087242,-0.48106,-0.483771
28.56,28.56,-0.067875,-0.067677,-0.723517,-0.724118,-0.534795,-0.5345
30.48,30.47,-0.705682,-0.705586,0.040626,0.040121,-0.489606,-0.48911
30.64,30.63,-0.626965,-0.628006,0.123027,0.124779,-0.556609,-0.553293
30.34,30.32,-0.721811,-0.726266,0.073398,0.072586,-0.482363,-0.482611
30.39,30.38,-0.624491,-0.61722,0.125037,0.129711,-0.557066,-0.553544
30.63,30.65,-0.70765,-0.706974,0.039128,0.038311,-0.490141,-0.488341
30.69,30.71,-0.696725,-0.697543,0.039187,0.040263,-0.491548,-0.49004
30.33,30.33,-0.712624,-0.707469,0.043105,0.042422,-0.49064,-0.490202
29.07,29.07,0.415896,0.419503,-0.630561,-0.631113,-0.561596,-0.564376
30.3,30.28,-0.690822,-0.703411,0.048691,0.044736,-0.49189,-0.490542
29.04,29.04,0.393082,0.392186,-0.604067,-0.604676,-0.531943,-0.531356
30.1,30.06,-0.704511,-0.706208,0.087451,0.087132,-0.484057,-0.482973
30.39,30.39,-0.706022,-0.706116,0.087421,0.087626,-0.482067,-0.482566
30.73,30.71,-0.707126,-0.707032,0.03615,0.036547,-0.491172,-0.490966
30.45,30.45,-0.614081,-0.613169,0.133097,0.132819,-0.56039,-0.561888
30.54,30.51,-0.620571,-0.619765,0.128014,0.129433,-0.554494,-0.556174
30.34,30.35,-0.694634,-0.711836,0.08795,0.083223,-0.48096,-0.483267
30.21,30.18,-0.702719,-0.703804,0.045137,0.04544,-0.490531,-0.491138
29.6,29.58,-0.70702,-0.706493,0.087411,0.086942,-0.481575,-0.48388
29.13,29.13,0.399295,0.39937,-0.618827,-0.619252,-0.547082,-0.544883
30.39,30.38,-0.705161,-0.708748,0.040652,0.040622,-0.491605,-0.490234
28.85,28.8,-0.245702,-0.247466,-0.591142,-0.571676,-0.566896,-0.585324
30.49,30.49,-0.707678,-0.707261,0.037596,0.037819,-0.487153,-0.48895
30.21,30.25,-0.69284,-0.703409,0.049651,0.045039,-0.489392,-0.490839
29.5,29.5,-0.706022,-0.7067,0.087421,0.088036,-0.482067,-0.483668
28.27,28.34,-0.41365,-0.525962,-0.501372,-0.435447,-0.536284,-0.479012
30.42,30.41,-0.705696,-0.704891,0.042116,0.041328,-0.489089,-0.489692
30.48,30.48,-0.619566,-0.620664,0.130036,0.129824,-0.556466,-0.555776
30.14,30.14,-0.702237,-0.703193,0.047633,0.046461,-0.490499,-0.492924
30.54,30.54,-0.630899,-0.620337,0.127055,0.128651,-0.561106,-0.55769
30.58,30.55,-0.695261,-0.705276,0.041175,0.039634,-0.490511,-0.489914
30.48,30.47,-0.620051,-0.620369,0.12804,0.129022,-0.556493,-0.555282
30.48,30.45,-0.705189,-0.705682,0.040123,0.039823,-0.489107,-0.489215
29.92,29.92,-0.71734,-0.706492,0.08295,0.087144,-0.487224,-0.484078
30.58,30.58,-0.718574,-0.700948,0.037568,0.04142,-0.48825,-0.487753
25.59,24.36,-0.019631,-0.104691,0.995013,0.945175,-0.034067,-0.00612
30.61,30.62,-0.70764,-0.706562,0.040643,0.03883,-0.491627,-0.489835
24.08,24.08,-0.444046,-0.443818,0.123686,0.12462,-0.553009,-0.555902
30.34,30.36,-0.714564,-0.708735,0.039631,0.041436,-0.4927,-0.491627
30.48,30.45,-0.605744,-0.623539,0.132035,0.129012,-0.552316,-0.55551
30.37,30.38,-0.705158,-0.705864,0.041157,0.041142,-0.4921,-0.491104
28.8,28.79,-0.133572,-0.132001,-0.727098,-0.725102,-0.758297,-0.75786
29.66,29.68,-0.719877,-0.705925,0.085891,0.087218,-0.483707,-0.481768
29.86,29.89,-0.726301,-0.709276,0.081877,0.086624,-0.483808,-0.483206
30.36,30.35,-0.719036,-0.702826,0.0381,0.044027,-0.491253,-0.489442
30.39,30.38,-0.606753,-0.630778,0.132014,0.127982,-0.550822,-0.555084
30.51,30.51,-0.715561,-0.715144,0.035109,0.035131,-0.490255,-0.491954
30.24,30.23,-0.690834,-0.7125,0.048679,0.042428,-0.490888,-0.49235
30.64,30.66,-0.706674,-0.706663,0.038616,0.037223,-0.488636,-0.488952
29.93,29.92,-0.717417,-0.696596,0.085882,0.089468,-0.482183,-0.483364
30.6,30.62,-0.707639,-0.70687,0.037134,0.038116,-0.490164,-0.488643
30.36,30.34,-0.643335,-0.6188,0.126967,0.12951,-0.557709,-0.55396
29.53,29.54,-0.706986,-0.706305,0.087946,0.087635,-0.484573,-0.483369
29.5,29.51,-0.705994,-0.706095,0.084441,0.086443,-0.483102,-0.483781
30.52,30.52,-0.72647,-0.710922,0.033062,0.038916,-0.489372,-0.490072
30.48,30.48,-0.705195,-0.706067,0.040117,0.041137,-0.488606,-0.490706
30.4,30.38,-0.721795,-0.717164,0.07943,0.081625,-0.486301,-0.484834
28.43,28.43,0.136579,0.136482,-0.933691,-0.934191,-0.578976,-0.578883
28.55,28.55,-0.205494,-0.206196,0.647686,0.647575,-0.583069,-0.582375
30.22,30.2,-0.70903,-0.696545,0.086875,0.091426,-0.479094,-0.480236
29.84,29.84,-0.706022,-0.70601,0.087421,0.087633,-0.482067,-0.483166
29.69,29.71,-0.707488,-0.705607,0.086935,0.086838,-0.483588,-0.483272
28.39,28.39,0.137547,0.137061,-0.933711,-0.933101,-0.576965,-0.578064
22.75,22.76,-0.459069,-0.458891,0.087872,0.08715,-0.566068,-0.564071
30.48,30.48,-0.709142,-0.706877,0.036612,0.037206,-0.48868,-0.487652
30.57,30.57,-0.721014,-0.703808,0.036092,0.040222,-0.490792,-0.488593
28.71,28.7,0.142685,0.142277,-0.663709,-0.663621,-0.546814,-0.545915
30.64,30.65,-0.707191,-0.705866,0.039094,0.037731,-0.487132,-0.48944
30.66,30.63,-0.708153,-0.707362,0.037114,0.037717,-0.488666,-0.488752
30.12,30.11,-0.702682,-0.703106,0.04718,0.047051,-0.494515,-0.492216
30.14,30.11,-0.706978,-0.7054,0.08645,0.08765,-0.48459,-0.484363
30.36,30.37,-0.634985,-0.615647,0.127924,0.130005,-0.551615,-0.552525
30.7,30.68,-0.703676,-0.705775,0.037647,0.038726,-0.490123,-0.489228
30.57,30.55,-0.708156,-0.707561,0.037612,0.037816,-0.48866,-0.488753
30.13,30.15,-0.697575,-0.708981,0.088474,0.087325,-0.483985,-0.483396
29.02,29.01,0.683595,0.681323,-0.485641,-0.487146,-0.498025,-0.498062
30.4,30.4,-0.705184,-0.705775,0.039126,0.040632,-0.489118,-0.490108
29.86,29.86,-0.714377,-0.707886,0.083952,0.087735,-0.486686,-0.483883
29.74,29.77,-0.70552,-0.706296,0.088432,0.087343,-0.483053,-0.483973
30.48,30.48,-0.705186,-0.705478,0.039624,0.039629,-0.489112,-0.489616
29.48,29.48,-0.706506,-0.706395,0.087431,0.087443,-0.483073,-0.484073
30.3,30.29,-0.691816,-0.701517,0.048183,0.044152,-0.491404,-0.491133
30.33,30.34,-0.70009,-0.705132,0.088428,0.086619,-0.481002,-0.481467
29.71,29.71,-0.705528,-0.705211,0.088925,0.087641,-0.482546,-0.48356
30.46,30.42,-0.623078,-0.622469,0.127476,0.12699,-0.552017,-0.552919
29.66,29.66,-0.685734,-0.699603,0.093475,0.090929,-0.481321,-0.48137
29.2,29.2,0.402777,0.402663,-0.619805,-0.618617,-0.547564,-0.54685
30.46,30.46,-0.704705,-0.70627,0.040113,0.039828,-0.488101,-0.489821
28.64,28.67,0.14169,0.142965,-0.663214,-0.664326,-0.546818,-0.545116
30.31,30.3,-0.714384,-0.725164,0.072915,0.071598,-0.481302,-0.483114
30.51,30.48,-0.707165,-0.707371,0.036613,0.037005,-0.488162,-0.487658
30.48,30.48,-0.705194,-0.704881,0.041121,0.040235,-0.489095,-0.490004
30.52,30.53,-0.626494,-0.623992,0.132029,0.129654,-0.558507,-0.559313
30.45,30.45,-0.619086,-0.620663,0.129522,0.129424,-0.554965,-0.555681
30.51,30.51,-0.617583,-0.617972,0.131047,0.13015,-0.556938,-0.557152
30.09,30.12,-0.708433,-0.711139,0.084972,0.085434,-0.486623,-0.484438
30.3,30.31,-0.713386,-0.717637,0.072925,0.074024,-0.481794,-0.483321
29.07,29.07,0.396715,0.393689,-0.611415,-0.607867,-0.542012,-0.539393
28.5,28.52,0.317217,0.307697,-0.53369,-0.541248,-0.644502,-0.641164
29.65,29.66,-0.686729,-0.712255,0.092967,0.085707,-0.480834,-0.482541
30.7,30.68,-0.707677,-0.70745,0.039603,0.037427,-0.488132,-0.489558
30.43,30.44,-0.613062,-0.613667,0.133629,0.131912,-0.56288,-0.561302
30.6,30.62,-0.705184,-0.706681,0.039126,0.038709,-0.489118,-0.488134
30.6,30.57,-0.71951,-0.700931,0.034109,0.040936,-0.491303,-0.48896
30.48,30.51,-0.708165,-0.707268,0.037102,0.03701,-0.487664,-0.488058
30.66,30.68,-0.719511,-0.714848,0.032102,0.034128,-0.490324,-0.491362
30.33,30.33,-0.702268,-0.709259,0.045596,0.042009,-0.487016,-0.489622
22.36,22.37,-0.455606,-0.456817,0.084868,0.086748,-0.564068,-0.563156
30.6,30.61,-0.687853,-0.697947,0.044184,0.041257,-0.489411,-0.489832
28.44,28.49,-0.208749,-0.231361,-0.772237,-0.766309,-0.467951,-0.470384
30.1,30.09,-0.702188,-0.701317,0.048684,0.049168,-0.494994,-0.493479
30.54,30.55,-0.626459,-0.616545,0.129055,0.129091,-0.560043,-0.559856
30.37,30.37,-0.71885,-0.721623,0.080415,0.080809,-0.484261,-0.484782
30.69,30.69,-0.71359,-0.708414,0.035105,0.036548,-0.489236,-0.491479
30.16,30.17,-0.704176,-0.703303,0.045162,0.045448,-0.493048,-0.491635
30.34,30.34,-0.714576,-0.709825,0.038616,0.039829,-0.491209,-0.491053
30.39,30.38,-0.631954,-0.622969,0.126487,0.129591,-0.555612,-0.553695
30.49,30.49,-0.619549,-0.620359,0.129051,0.129232,-0.557478,-0.556181
30.48,30.5,-0.618563,-0.619069,0.129049,0.129638,-0.556969,-0.556366
30.37,30.39,-0.70568,-0.705389,0.042633,0.042628,-0.490585,-0.490082
29.57,29.57,-0.691687,-0.694738,0.091945,0.091054,-0.480388,-0.481928
29.53,29.53,-0.694611,-0.700465,0.09048,0.08915,-0.483936,-0.483101
29.56,29.55,-0.723347,-0.7068,0.083372,0.087533,-0.482764,-0.483374
30.49,30.49,-0.706193,-0.703215,0.039104,0.040222,-0.487624,-0.488387
30.58,30.59,-0.707192,-0.707068,0.037088,0.037614,-0.486153,-0.48845
29.16,29.16,0.399757,0.399171,-0.619359,-0.619052,-0.544079,-0.544982
30.66,30.66,-0.615175,-0.627152,0.128479,0.126249,-0.549933,-0.550764
30.1,30.09,-0.702696,-0.701605,0.04867,0.049076,-0.493997,-0.494183
30.52,30.52,-0.623554,-0.623751,0.124987,0.125388,-0.552551,-0.552848
29.79,29.8,-0.706508,-0.705902,0.08793,0.087241,-0.483067,-0.483671
30.37,30.38,-0.620133,-0.617131,0.131969,0.129601,-0.55144,-0.552643
29.59,29.56,-0.70502,-0.705723,0.088939,0.087624,-0.483543,-0.482262
30.49,30.48,-0.620098,-0.619571,0.131002,0.12943,-0.553955,-0.555771
30.6,30.6,-0.704215,-0.705415,0.041112,0.041399,-0.488085,-0.487391
30.45,30.46,-0.636894,-0.626803,0.125483,0.128406,-0.556668,-0.555946
30.68,30.66,-0.708173,-0.7032,0.039601,0.039133,-0.488137,-0.489101
30.52,30.53,-0.619578,-0.618775,0.130024,0.129335,-0.555464,-0.555966
30.42,30.42,-0.704209,-0.705676,0.041118,0.041433,-0.488586,-0.490398
26.57,26.4,8.788563,9.116186,4.897806,4.840231,-5.270742,-5.398576
30.61,30.61,-0.705198,-0.70628,0.039613,0.038816,-0.488111,-0.48853
30.51,30.54,-0.707672,-0.707364,0.037602,0.037113,-0.487654,-0.488358
30.64,30.64,-0.706671,-0.707172,0.03912,0.039213,-0.489131,-0.488733
30.39,30.38,-0.693792,-0.710898,0.044672,0.03894,-0.490459,-0.492075
30.39,30.41,-0.621559,-0.621667,0.129518,0.129609,-0.555487,-0.554786
30.33,30.33,-0.704024,-0.705432,0.086941,0.087719,-0.483057,-0.481758
29.09,29.07,0.384596,0.385719,-0.601148,-0.603719,-0.528477,-0.529999
28.92,28.93,0.456397,0.465511,-0.531836,-0.538024,-0.755469,-0.743839
30.6,30.63,-0.70618,-0.707266,0.04012,0.038315,-0.489115,-0.488744
30.51,30.51,-0.705192,-0.708073,0.040622,0.039603,-0.489101,-0.488236
30.19,30.2,-0.694806,-0.706572,0.047655,0.044636,-0.489933,-0.491572
28.64,28.64,-0.077002,-0.077499,-0.724252,-0.723354,-0.517853,-0.518048
30.6,30.61,-0.706164,-0.706869,0.037127,0.038117,-0.489149,-0.488743
30.49,30.47,-0.706678,-0.707066,0.037108,0.037015,-0.487651,-0.488357
29.74,29.77,-0.705482,-0.706486,0.085963,0.087651,-0.485084,-0.484773
30.49,30.51,-0.620538,-0.619166,0.128548,0.128738,-0.557492,-0.556177
28.65,28.67,-0.072108,-0.07298,-0.749881,-0.753174,-0.542143,-0.542388
28.64,28.66,-0.075982,-0.075142,-0.722716,-0.726077,-0.520832,-0.523167
30.7,30.71,-0.707146,-0.707159,0.037634,0.037221,-0.490154,-0.488956
30.6,30.62,-0.70666,-0.706767,0.038129,0.039223,-0.489643,-0.489431
29.86,29.85,-0.711912,-0.689694,0.085452,0.092464,-0.486147,-0.481467
30.72,30.72,-0.691321,-0.694017,0.042669,0.042138,-0.488957,-0.487184
30.45,30.44,-0.622055,-0.620366,0.128513,0.129225,-0.555002,-0.55558
30.58,30.56,-0.707675,-0.707468,0.038101,0.03791,-0.487648,-0.48825
30.33,30.32,-0.706489,-0.705125,0.084439,0.087429,-0.483106,-0.48246
30.58,30.58,-0.706204,-0.704524,0.041099,0.041,-0.487602,-0.487087
28.57,27.99,-0.358706,-1.433889,0.514199,-0.515247,-0.606447,0.393743
30.6,30.59,-0.707136,-0.702114,0.040152,0.040336,-0.492128,-0.489278
30.25,30.26,-0.68736,-0.693592,0.049197,0.045979,-0.491354,-0.491244
30.64,30.63,-0.707659,-0.707173,0.035109,0.03831,-0.487682,-0.488243
30.51,30.52,-0.618542,-0.618663,0.128568,0.129448,-0.558477,-0.557065
30.43,30.47,-0.631445,-0.613642,0.127504,0.129833,-0.557098,-0.554213
30.54,30.55,-0.602741,-0.619043,0.133578,0.129764,-0.555278,-0.558568
29.2,29.2,0.401266,0.401674,-0.618832,-0.619119,-0.546063,-0.546865
30.63,30.6,-0.708634,-0.70765,0.037629,0.037023,-0.490167,-0.489263
30.63,30.63,-0.706686,-0.706579,0.038604,0.039314,-0.487634,-0.488627
28.56,28.48,-0.319994,-0.329212,-0.439421,-0.540226,-0.640454,-0.572054
30.7,30.7,-0.698743,-0.695868,0.041151,0.040158,-0.48954,-0.489025
29.51,29.52,-0.70699,-0.705122,0.087441,0.087131,-0.484078,-0.482563
30.57,30.58,-0.70763,-0.707454,0.037644,0.037121,-0.491159,-0.48906
30.63,30.62,-0.707663,-0.706673,0.038113,0.037915,-0.48865,-0.488443
29.83,29.86,-0.705015,-0.698695,0.087941,0.090045,-0.483555,-0.482274
30.37,30.37,-0.712076,-0.708733,0.039148,0.040737,-0.493185,-0.491534
30.48,30.46,-0.70518,-0.705691,0.03963,0.039714,-0.489613,-0.488415
30.48,30.47,-0.704671,-0.706063,0.041651,0.039937,-0.491589,-0.490519
30.49,30.54,-0.70766,-0.707066,0.037614,0.037215,-0.488656,-0.488455
30.43,30.47,-0.708151,-0.707561,0.036615,0.037414,-0.488671,-0.488557
30.43,30.41,-0.706171,-0.704794,0.04063,0.040625,-0.490111,-0.489198
30.37,30.36,-0.621604,-0.62217,0.128972,0.128597,-0.551486,-0.5537
30.21,30.2,-0.704191,-0.702512,0.045649,0.046049,-0.492041,-0.491621
29.79,29.77,-0.706515,-0.706704,0.08692,0.08733,-0.482077,-0.483075
30.55,30.54,-0.630943,-0.617082,0.128515,0.130151,-0.558084,-0.556943
30.54,30.54,-0.622567,-0.624155,0.125988,0.125579,-0.552531,-0.552248
30.36,30.36,-0.719502,-0.71516,0.036122,0.038024,-0.492782,-0.491922
30.09,30.07,-0.701723,-0.701988,0.048656,0.047583,-0.492486,-0.494604
29.88,29.88,-0.726257,-0.713413,0.083926,0.085131,-0.488293,-0.484862
30.09,30.07,-0.702221,-0.703099,0.049153,0.047761,-0.492485,-0.493109
28.61,28.62,-0.070652,-0.071951,-0.751912,-0.750724,-0.538647,-0.538345
30.68,30.68,-0.690358,-0.703692,0.044649,0.038935,-0.487424,-0.489407
29.53,29.53,-0.706005,-0.711832,0.090948,0.085133,-0.485032,-0.484447
30.46,30.46,-0.707164,-0.706378,0.037616,0.037713,-0.488651,-0.488143
23.19,26.59,-1.258167,4.042504,-3.661987,2.056745,-5.314722,-3.641363
30.3,30.33,-0.705037,-0.705518,0.087419,0.087431,-0.481557,-0.482763
30.04,30.06,-0.701194,-0.702103,0.048189,0.048169,-0.494991,-0.493597
29.68,29.67,-0.694144,-0.706102,0.092458,0.087439,-0.482407,-0.48367
29.53,29.56,-0.704537,-0.709583,0.087925,0.087115,-0.482048,-0.482702
30.52,30.53,-0.624047,-0.623755,0.124486,0.125083,-0.55256,-0.552351
29.74,29.72,-0.692167,-0.711059,0.09246,0.08662,-0.481889,-0.483422
30.31,30.31,-0.718806,-0.723782,0.073439,0.072098,-0.484841,-0.482795
30.28,30.3,-0.713382,-0.72089,0.073429,0.071825,-0.482289,-0.483975
28.5,28.52,-0.127785,-0.129657,0.68044,0.678741,-0.58603,-0.586366
29.03,29.04,0.388036,0.389736,-0.601165,-0.601144,-0.525943,-0.52713
29.93,29.91,-0.710003,-0.712046,0.087893,0.085818,-0.481094,-0.483439
30.72,30.69,-0.707128,-0.702679,0.037652,0.037757,-0.491656,-0.490614
30.7,30.71,-0.705683,-0.707067,0.037616,0.037615,-0.488137,-0.48855
30.58,30.59,-0.70766,-0.70776,0.038618,0.036911,-0.489145,-0.488264
30.49,30.52,-0.70766,-0.706971,0.037614,0.036911,-0.488656,-0.487957
30.37,30.35,-0.687904,-0.699165,0.049147,0.045437,-0.487352,-0.489395
28.94,28.94,0.29728,0.29718,-0.639151,-0.639553,-0.5487,-0.548505
30.42,30.41,-0.622575,-0.622358,0.129491,0.129309,-0.553493,-0.554895
30.36,30.34,-0.612682,-0.629972,0.131511,0.127095,-0.552382,-0.555788
29.75,29.77,-0.705033,-0.705903,0.088927,0.088544,-0.482542,-0.484157
29.24,29.24,0.39827,0.39968,-0.618362,-0.619238,-0.544581,-0.545982
30.64,30.65,-0.706687,-0.706464,0.0376,0.038628,-0.487145,-0.489636
30.6,30.59,-0.69877,-0.716162,0.042629,0.035703,-0.488021,-0.490054
28.48,28.5,-0.618556,-0.63391,-0.415967,-0.427828,-0.318213,-0.265287
29.2,29.21,0.39977,0.400265,-0.618344,-0.618744,-0.54557,-0.54537
30.22,30.24,-0.72199,-0.702398,0.037609,0.045061,-0.492787,-0.492432
29.81,29.81,-0.705022,-0.705897,0.086932,0.086945,-0.482564,-0.483974
28.44,28.44,0.134622,0.136388,-0.93618,-0.934487,-0.580024,-0.579187
29.69,29.68,-0.719878,-0.712817,0.084888,0.085035,-0.483217,-0.484957
30.51,30.5,-0.726431,-0.70142,0.031596,0.040439,-0.491892,-0.489271
30.52,30.51,-0.632368,-0.629122,0.127068,0.128859,-0.562621,-0.56117
30.49,30.51,-0.69331,-0.696378,0.042655,0.04295,-0.488474,-0.489098
30.7,30.72,-0.706678,-0.700529,0.038111,0.03994,-0.488141,-0.488968
30.1,30.08,-0.701723,-0.701999,0.048656,0.048776,-0.492486,-0.49429
28.47,28.44,-0.344955,-0.337665,0.365155,0.380581,-0.693666,-0.688219
30.64,30.64,-0.707657,-0.70697,0.038119,0.039017,-0.489151,-0.488934
30.54,30.54,-0.707186,-0.707059,0.037094,0.037422,-0.486654,-0.489054
30.13,30.11,-0.690624,-0.716094,0.090014,0.084215,-0.48541,-0.484194
29.2,29.18,0.400787,0.400662,-0.620822,-0.619144,-0.546591,-0.545171
29.16,29.16,0.400773,0.399579,-0.619332,-0.618839,-0.546073,-0.545978
30.49,30.48,-0.622063,-0.620951,0.131012,0.129935,-0.555474,-0.556779
30.48,30.48,-0.707681,-0.70687,0.039099,0.037214,-0.487637,-0.488253
30.21,30.24,-0.691843,-0.702878,0.049661,0.044073,-0.489884,-0.493349
29.12,29.14,0.399288,0.399478,-0.619836,-0.618941,-0.546092,-0.54578
30.72,30.71,-0.704195,-0.707263,0.038625,0.037416,-0.488614,-0.488654
30.16,30.21,-0.703214,-0.702311,0.047143,0.045953,-0.491514,-0.49182
25.15,24.52,-0.663023,1.138133,0.730592,1.323084,0.351039,-0.110653
30.3,30.33,-0.706137,-0.70212,0.041165,0.043841,-0.49311,-0.49034
28.85,28.76,0.082696,-0.120474,-0.649468,-0.673182,-0.799116,-0.758074
30.48,30.5,-0.69527,-0.706163,0.041668,0.039234,-0.490005,-0.490127
30.43,30.45,-0.62058,-0.620464,0.128506,0.128824,-0.553987,-0.555485
30.57,30.57,-0.714109,-0.699941,0.037086,0.041841,-0.488217,-0.489242
30.63,30.63,-0.606256,-0.615848,0.128507,0.126491,-0.549355,-0.550763
30.66,30.64,-0.705178,-0.706472,0.038128,0.03862,-0.489129,-0.488935
30.24,30.25,-0.690859,-0.704299,0.05116,0.044737,-0.489859,-0.49095
30.72,30.72,-0.706185,-0.700736,0.037608,0.03983,-0.487641,-0.48817
30.51,30.51,-0.696302,-0.6947,0.04363,0.043852,-0.487487,-0.488873
29.56,29.56,-0.707476,-0.70224,0.086946,0.088451,-0.484589,-0.483625
29.51,29.53,-0.706013,-0.706305,0.087932,0.087935,-0.483063,-0.483466
29.5,29.53,-0.714955,-0.701038,0.08788,0.088368,-0.481638,-0.484617
30.61,30.62,-0.70618,-0.70658,0.036611,0.037608,-0.487653,-0.487745
30.34,30.35,-0.718003,-0.699146,0.037143,0.044653,-0.49426,-0.490606
29.18,29.17,0.401264,0.401949,-0.617329,-0.618839,-0.546547,-0.545156
30.37,30.36,-0.688346,-0.701032,0.047192,0.043541,-0.490884,-0.489933
25.89,25.47,-0.07182,-0.080936,0.957597,0.943811,0.033676,-0.026364
30.07,30.08,-0.703691,-0.701912,0.047158,0.047461,-0.493021,-0.492701
30.39,30.39,-0.604746,-0.608307,0.133048,0.130535,-0.553298,-0.552856
30.22,30.22,-0.711432,-0.707683,0.083934,0.085935,-0.484157,-0.483501
30.63,30.65,-0.707674,-0.707468,0.040108,0.038311,-0.488627,-0.488446
29.5,29.52,-0.720882,-0.711747,0.083868,0.086122,-0.481735,-0.483734
30.46,30.47,-0.602775,-0.625922,0.13204,0.128599,-0.551789,-0.555135
30.51,30.48,-0.620586,-0.621357,0.1285,0.128519,-0.553487,-0.555296
30.66,30.63,-0.706166,-0.706862,0.03863,0.038725,-0.489633,-0.489538
30.31,30.3,-0.687862,-0.713213,0.049189,0.041104,-0.490857,-0.490267
30.58,30.59,-0.708146,-0.707558,0.039126,0.037217,-0.490145,-0.488759
30.09,30.09,-0.702217,-0.702009,0.050661,0.048966,-0.493469,-0.493487
29.21,29.2,0.399754,0.39918,-0.619864,-0.619344,-0.543584,-0.545586
30.63,30.65,-0.706659,-0.706771,0.039132,0.038518,-0.490133,-0.488838
30.45,30.46,-0.605252,-0.613544,0.131532,0.129933,-0.551816,-0.55421
28.61,28.61,-0.074568,-0.074665,-0.754385,-0.753982,-0.541714,-0.542111
30.45,30.46,-0.622055,-0.620563,0.129516,0.129326,-0.555491,-0.555781
30.61,30.63,-0.707179,-0.706665,0.039106,0.038625,-0.488134,-0.489437
30.63,30.61,-0.706653,-0.707058,0.038135,0.036521,-0.490144,-0.488763
30.7,30.7,-0.706188,-0.706666,0.038107,0.037521,-0.487636,-0.488848
30.52,30.52,-0.619563,-0.619755,0.130541,0.129443,-0.556961,-0.556975
29.5,29.51,-0.709457,-0.716894,0.085437,0.085409,-0.484123,-0.484187
30.12,30.11,-0.705015,-0.706016,0.087941,0.087628,-0.483555,-0.482665
30.49,30.51,-0.717004,-0.70292,0.033643,0.040421,-0.49329,-0.488282
22.43,22.4,-0.459591,-0.458895,0.088345,0.086845,-0.564063,-0.563573
29.98,30.0,-0.70403,-0.705119,0.086935,0.087836,-0.482556,-0.483156
30.34,30.37,-0.688871,-0.70706,0.049167,0.041433,-0.489363,-0.490811
29.2,29.19,0.399787,0.400167,-0.620333,-0.619546,-0.546093,-0.545079
30.21,30.21,-0.689682,-0.701578,0.092475,0.089125,-0.482368,-0.481308
29.21,29.2,0.399289,0.39918,-0.618833,-0.619344,-0.546582,-0.545586
30.43,30.44,-0.706669,-0.705771,0.043134,0.040735,-0.491089,-0.490407
30.42,30.45,-0.608718,-0.620672,0.132024,0.128915,-0.552342,-0.554785
29.92,29.91,-0.714386,-0.713895,0.084445,0.084241,-0.48618,-0.485677
30.51,30.49,-0.706649,-0.706667,0.036134,0.036918,-0.489665,-0.488455
30.58,30.59,-0.694818,-0.701342,0.044134,0.041922,-0.487468,-0.488151
30.4,30.4,-0.704206,-0.705978,0.041623,0.041127,-0.489081,-0.489903
25.63,25.84,-1.661483,-0.484909,-1.216648,-0.170257,0.824694,0.345287
29.51,29.49,-0.725802,-0.703337,0.082384,0.088141,-0.484299,-0.483037
29.57,29.54,-0.707503,-0.705412,0.087421,0.086735,-0.48258,-0.482971
30.43,30.44,-0.639351,-0.620574,0.127,0.129014,-0.559176,-0.554683
30.48,30.48,-0.705685,-0.705377,0.039118,0.040233,-0.488622,-0.490009
30.72,30.71,-0.706687,-0.706876,0.0376,0.037609,-0.487145,-0.487948
30.1,30.12,-0.705012,-0.705704,0.087443,0.08684,-0.48356,-0.483473
30.46,30.45,-0.63936,-0.621636,0.126489,0.127935,-0.558181,-0.556607
29.68,29.69,-0.712896,-0.706298,0.083952,0.087541,-0.486173,-0.483871
30.4,30.39,-0.63394,-0.624928,0.125975,0.128405,-0.555134,-0.555229
28.94,28.94,0.295785,0.296465,-0.640166,-0.636768,-0.547722,-0.547979
30.6,30.64,-0.707654,-0.706866,0.03762,0.03842,-0.489156,-0.48904
30.48,30.5,-0.705154,-0.697553,0.038152,0.041356,-0.491132,-0.489628
30.68,30.7,-0.712584,-0.710616,0.034621,0.035717,-0.490235,-0.489404
28.52,28.55,-0.117931,-0.112585,0.68493,0.686445,-0.582888,-0.582724
30.14,30.16,-0.703683,-0.703302,0.045662,0.04605,-0.493038,-0.491928
28.21,28.51,-0.502216,-0.655842,-0.390203,-0.307226,-0.559837,-0.431505
29.69,29.69,-0.708466,-0.707699,0.084437,0.087323,-0.483624,-0.482784
29.86,29.86,-0.713882,-0.702272,0.082951,0.089122,-0.486192,-0.481314
30.64,30.6,-0.706187,-0.702113,0.03911,0.040437,-0.488125,-0.489377
30.72,30.7,-0.689337,-0.691522,0.043679,0.042666,-0.489429,-0.488759
30.43,30.45,-0.621547,-0.620565,0.12953,0.129223,-0.556489,-0.555482
30.64,30.64,-0.706162,-0.707558,0.040138,0.039022,-0.490618,-0.48954
30.52,30.51,-0.694328,-0.696174,0.04413,0.042756,-0.486964,-0.489499
30.31,30.3,-0.697244,-0.706077,0.045681,0.043132,-0.492481,-0.490783
29.66,29.71,-0.704005,-0.702647,0.087963,0.088039,-0.485048,-0.482632
30.45,30.46,-0.705194,-0.705573,0.041121,0.040134,-0.489095,-0.490112
30.52,30.52,-0.620063,-0.620262,0.128028,0.12923,-0.555491,-0.55598
28.41,27.69,-0.146758,0.506016,-0.200917,1.364609,-0.801538,-3.766774
30.72,30.72,-0.70617,-0.704191,0.038125,0.038328,-0.489138,-0.488818
30.52,30.51,-0.618565,-0.620163,0.127042,0.129129,-0.55599,-0.55588
30.24,30.24,-0.690807,-0.710136,0.047201,0.042121,-0.492408,-0.49093
30.1,30.01,-0.70549,-0.706006,0.087459,0.088039,-0.485067,-0.483662
30.4,30.38,-0.635359,-0.628619,0.124533,0.12907,-0.560171,-0.55365
30.4,30.39,-0.623058,-0.621768,0.129501,0.128805,-0.554498,-0.554295
30.55,30.58,-0.624536,-0.623857,0.125494,0.125281,-0.553555,-0.552249
30.64,30.68,-0.717053,-0.70597,0.032592,0.037626,-0.488794,-0.489042
30.4,30.38,-0.706514,-0.706311,0.087924,0.087428,-0.482566,-0.48277
29.5,29.51,-0.706977,-0.706494,0.087453,0.087543,-0.48508,-0.484073
30.58,30.57,-0.608697,-0.624056,0.127031,0.124577,-0.551897,-0.551858
29.79,29.79,-0.707509,-0.705809,0.087415,0.087637,-0.48208,-0.483365
29.0,29.0,0.643059,0.643353,-0.471123,-0.472429,-0.47367,-0.47278
30.6,30.6,-0.691825,-0.705554,0.044163,0.038549,-0.488945,-0.491031
30.7,30.7,-0.689836,-0.695274,0.044176,0.040761,-0.489428,-0.489214
30.45,30.47,-0.637377,-0.619291,0.126497,0.129915,-0.558163,-0.554561
30.37,30.38,-0.706173,-0.706964,0.042132,0.040527,-0.490595,-0.490119
30.12,30.09,-0.700724,-0.702496,0.049669,0.048974,-0.493468,-0.494292
29.12,28.59,0.352824,0.255985,-0.625389,0.321866,-0.555574,-0.550294
30.49,30.49,-0.620547,-0.620162,0.128038,0.129031,-0.556497,-0.555981
30.66,30.67,-0.706675,-0.704991,0.037612,0.03862,-0.488146,-0.488421
30.39,30.38,-0.610192,-0.62829,0.130528,0.127098,-0.552872,-0.555473
30.18,30.2,-0.703693,-0.703288,0.045152,0.045762,-0.492042,-0.492933
30.64,30.63,-0.708152,-0.706366,0.03912,0.038226,-0.489645,-0.489339
29.5,29.5,-0.706,-0.722247,0.088947,0.083285,-0.484554,-0.483456
25.57,27.39,-5.733181,-2.48567,-5.05073,-1.588938,4.622693,1.380713
28.27,28.25,0.21472,0.215603,0.546252,0.546948,-0.558028,-0.557512
30.12,30.11,-0.688717,-0.712613,0.093957,0.085141,-0.48084,-0.485455
30.12,30.13,-0.70652,-0.705506,0.088921,0.087644,-0.482555,-0.483863
30.63,30.63,-0.706202,-0.706667,0.039597,0.038923,-0.487118,-0.489333
30.24,30.26,-0.704537,-0.705616,0.087925,0.087933,-0.482048,-0.483059
30.14,30.14,-0.704176,-0.703578,0.046165,0.045668,-0.493537,-0.493538
30.39,30.39,-0.706174,-0.70637,0.041129,0.040529,-0.490106,-0.490014
28.27,28.11,-0.401638,-0.417481,-0.34028,-0.341214,-0.65707,-0.642292
29.5,29.5,-0.701535,-0.70611,0.084956,0.086028,-0.483057,-0.482384
30.16,30.18,-0.703187,-0.704088,0.045664,0.045653,-0.493034,-0.49234
28.89,29.01,0.559257,0.664333,-0.556715,-0.487444,-0.517441,-0.495308
30.52,30.5,-0.597287,-0.610924,0.134602,0.132992,-0.555719,-0.558962
30.46,30.48,-0.705176,-0.705884,0.041138,0.041123,-0.490598,-0.489502
29.8,29.8,-0.706022,-0.705307,0.088424,0.087745,-0.482556,-0.48396
24.16,24.69,-0.190975,-0.181302,0.90934,0.915242,0.026585,0.003194
30.49,30.5,-0.618575,-0.619862,0.13004,0.129736,-0.556457,-0.556472
30.69,30.7,-0.71505,-0.715142,0.034624,0.03403,-0.491258,-0.491666
30.73,30.72,-0.689858,-0.691023,0.04265,0.04287,-0.486941,-0.489052
30.54,30.54,-0.706681,-0.706574,0.037606,0.037414,-0.487645,-0.488248
30.55,30.55,-0.619046,-0.618575,0.130062,0.129738,-0.558464,-0.55626
29.68,29.68,-0.689674,-0.698497,0.091983,0.089444,-0.482875,-0.481978
29.13,29.15,0.398757,0.399582,-0.617867,-0.619437,-0.544071,-0.545985
30.33,30.34,-0.70601,-0.707981,0.087433,0.085532,-0.483068,-0.483207
30.1,30.13,-0.705001,-0.705716,0.086451,0.08723,-0.484072,-0.482667
29.51,29.55,-0.726282,-0.699097,0.082898,0.089337,-0.4858,-0.481584
30.52,30.5,-0.694809,-0.694314,0.043641,0.044444,-0.487975,-0.488262
30.61,30.63,-0.707654,-0.703103,0.038624,0.039934,-0.489646,-0.489291
29.81,29.81,-0.706025,-0.705916,0.087919,0.08793,-0.482061,-0.482861
30.36,30.36,-0.622565,-0.622566,0.130001,0.128096,-0.554489,-0.553608
29.68,29.68,-0.712492,-0.712653,0.087373,0.086205,-0.48012,-0.482639
30.51,30.52,-0.621047,-0.619866,0.130037,0.129933,-0.556979,-0.556269
30.72,30.72,-0.692319,-0.700328,0.041656,0.040243,-0.487976,-0.489263
30.04,30.02,-0.706016,-0.705819,0.087427,0.087727,-0.482568,-0.482562
30.63,30.58,-0.707672,-0.707461,0.037602,0.037014,-0.487654,-0.48846
30.4,30.43,-0.621077,-0.622759,0.13101,0.129103,-0.554965,-0.5545
29.66,29.65,-0.706995,-0.70493,0.087435,0.08873,-0.483578,-0.482744
28.92,28.92,-0.278871,-0.131277,-0.893564,-0.91259,-0.438379,-0.342646
30.72,30.7,-0.697312,-0.698487,0.043608,0.041914,-0.485993,-0.486524
30.37,30.38,-0.636434,-0.627417,0.126452,0.128184,-0.554148,-0.554251
23.63,26.84,6.559209,-1.337466,3.076555,-0.627334,-2.953604,0.832882
30.4,30.41,-0.614692,-0.623075,0.130975,0.129585,-0.549901,-0.553196
28.74,28.76,0.143167,0.142977,-0.665725,-0.665217,-0.544829,-0.545727
30.66,30.62,-0.708147,-0.706779,0.038123,0.039311,-0.489656,-0.488428
30.39,30.38,-0.61612,-0.625043,0.129022,0.127988,-0.553943,-0.553732
30.46,30.47,-0.705682,-0.706081,0.040626,0.039519,-0.489606,-0.488921
30.49,30.48,-0.707166,-0.706371,0.035609,0.037319,-0.487672,-0.488548
30.37,30.39,-0.705663,-0.705476,0.041647,0.041135,-0.491598,-0.4904
30.27,30.27,-0.706512,-0.705623,0.086422,0.087425,-0.482082,-0.482264
30.54,30.55,-0.619554,-0.619562,0.131052,0.12964,-0.557957,-0.55667
29.23,29.22,0.39975,0.399173,-0.620369,-0.61895,-0.543089,-0.545181
30.48,30.48,-0.619585,-0.620672,0.130018,0.129616,-0.554964,-0.555078
30.69,30.7,-0.70616,-0.70727,0.038635,0.03771,-0.490134,-0.48815
30.63,30.59,-0.706161,-0.706078,0.036629,0.038719,-0.489155,-0.48873
30.39,30.4,-0.622061,-0.622064,0.128507,0.129005,-0.554501,-0.554496
30.34,30.32,-0.706506,-0.705319,0.087431,0.087432,-0.483073,-0.482762
30.63,30.62,-0.708657,-0.706773,0.038608,0.039518,-0.488653,-0.489027
30.66,30.65,-0.707155,-0.706869,0.03913,0.038517,-0.490137,-0.488839
30.61,30.62,-0.706666,-0.706268,0.038123,0.039328,-0.489142,-0.489726
30.24,30.23,-0.706025,-0.703934,0.086916,0.087635,-0.481572,-0.482647
30.46,30.46,-0.705666,-0.705887,0.041142,0.039415,-0.491103,-0.48852
30.69,30.68,-0.707129,-0.703406,0.036649,0.039527,-0.491166,-0.488697
30.43,30.46,-0.707165,-0.705868,0.041125,0.040336,-0.490114,-0.490412
29.92,29.96,-0.701558,-0.702641,0.090448,0.087844,-0.483496,-0.483034
30.52,30.54,-0.618053,-0.619459,0.128564,0.129343,-0.557972,-0.556873
28.98,26.11,0.332202,-0.096164,-0.477367,-0.502757,-0.678294,-0.384281
30.45,30.44,-0.706171,-0.706179,0.041634,0.03992,-0.490601,-0.489117
28.52,28.54,0.146561,0.147249,-0.939104,-0.938405,-0.581956,-0.581742
30.34,30.35,-0.693824,-0.709142,0.047148,0.041225,-0.488928,-0.490731
30.42,30.38,-0.705155,-0.705372,0.041661,0.041041,-0.492595,-0.490801
30.45,30.45,-0.621567,-0.620766,0.130011,0.12942,-0.554981,-0.555381
30.52,30.5,-0.61856,-0.620253,0.129553,0.129038,-0.557464,-0.556683
30.46,30.47,-0.707669,-0.707764,0.038107,0.037609,-0.488149,-0.488256
28.44,28.43,0.135608,0.136582,-0.935179,-0.93449,-0.580003,-0.578885
30.73,30.71,-0.70617,-0.706375,0.037122,0.037616,-0.488648,-0.488344
30.48,30.46,-0.609214,-0.621778,0.133026,0.129597,-0.552835,-0.553785
30.7,30.7,-0.708164,-0.706779,0.039109,0.038108,-0.488643,-0.487941
28.14,28.12,0.220656,0.219061,0.548768,0.548453,-0.557948,-0.557164
29.53,29.54,-0.706007,-0.702951,0.087938,0.089134,-0.483563,-0.482521
30.54,30.55,-0.715074,-0.706971,0.035604,0.038815,-0.489745,-0.488736
30.37,30.36,-0.721536,-0.721118,0.037569,0.037491,-0.489277,-0.490978
30.4,30.4,-0.622545,-0.622863,0.128517,0.129197,-0.555507,-0.5541
29.03,29.03,0.656075,0.65618,-0.479475,-0.479268,-0.480163,-0.480761
30.66,30.64,-0.70665,-0.706562,0.03864,0.038729,-0.490639,-0.489735
30.36,30.36,-0.73319,-0.725688,0.077891,0.080192,-0.486418,-0.484523
30.7,30.69,-0.718503,-0.708654,0.033626,0.03801,-0.492301,-0.48866
23.27,24.29,-0.392382,-0.284767,-1.694305,-1.58209,-0.416879,-0.565738
29.77,29.77,-0.705513,-0.70571,0.088438,0.086935,-0.483554,-0.483071
30.6,30.6,-0.705178,-0.70697,0.039132,0.037012,-0.489619,-0.488055
30.63,30.61,-0.706638,-0.706269,0.038652,0.039327,-0.49164,-0.489626
30.69,30.68,-0.69873,-0.70151,0.038657,0.039445,-0.489568,-0.489583
30.49,30.49,-0.705702,-0.706079,0.041107,0.040824,-0.488098,-0.489607
30.61,30.63,-0.70766,-0.707348,0.038618,0.037831,-0.489145,-0.489953
30.13,30.13,-0.704176,-0.70269,0.045162,0.045969,-0.493048,-0.493326
30.49,30.51,-0.723494,-0.70105,0.034076,0.041718,-0.489835,-0.48765
30.63,30.64,-0.705689,-0.706971,0.038613,0.039117,-0.488126,-0.488933
28.62,28.63,-0.079473,-0.080092,-0.716733,-0.71716,-0.521796,-0.519603
29.16,29.18,0.4003,0.400486,-0.621317,-0.620727,-0.547102,-0.546292
28.56,28.56,-0.29072,-0.282939,-0.594236,-0.597669,-0.614906,-0.617282
29.09,29.1,0.38716,0.387931,-0.604564,-0.604183,-0.534003,-0.532289
29.53,29.56,-0.706016,-0.706605,0.087427,0.08723,-0.482568,-0.482976
30.39,30.39,-0.705033,-0.705517,0.087923,0.087332,-0.482052,-0.482764
29.84,29.83,-0.705988,-0.705908,0.087955,0.087938,-0.485066,-0.483562
30.66,30.65,-0.60526,-0.619101,0.127513,0.126297,-0.549358,-0.552296
30.66,30.67,-0.706662,-0.705684,0.038628,0.038819,-0.489637,-0.488625
29.16,29.15,0.400772,0.399678,-0.620335,-0.618739,-0.545584,-0.545976
30.4,30.4,-0.622049,-0.622572,0.129522,0.129193,-0.555992,-0.553596
29.72,29.75,-0.706488,-0.706405,0.086446,0.087734,-0.484085,-0.483369
29.92,29.92,-0.709945,-0.70738,0.084942,0.085941,-0.484633,-0.483898
30.36,30.37,-0.691312,-0.696574,0.046688,0.044858,-0.491416,-0.49018
28.74,28.76,0.14167,0.142984,-0.662733,-0.664408,-0.54531,-0.546619
29.88,29.87,-0.703068,-0.707995,0.088916,0.08652,-0.481022,-0.482494
28.47,28.47,0.1392,0.1401,-0.663235,-0.663625,-0.545838,-0.546335
28.65,28.64,-0.077394,-0.07676,-0.733177,-0.733938,-0.522465,-0.525374
30.48,30.46,-0.70767,-0.707276,0.037104,0.037403,-0.48766,-0.487553
28.62,28.62,-0.080087,-0.079997,-0.711837,-0.711345,-0.514233,-0.513626
30.54,30.52,-0.605685,-0.609437,0.133597,0.131694,-0.557807,-0.558362
30.63,30.61,-0.706174,-0.70638,0.036617,0.037812,-0.488153,-0.488041
28.91,28.98,0.389258,0.423904,-0.572418,-0.58136,-0.762021,-0.720249
28.52,28.52,0.148541,0.14705,-0.939601,-0.939008,-0.581444,-0.58145
30.64,30.63,-0.708157,-0.70756,0.036609,0.037215,-0.48817,-0.488559
30.37,30.37,-0.623053,-0.621961,0.1275,0.128008,-0.55402,-0.554406
30.63,30.63,-0.70668,-0.706468,0.03861,0.038323,-0.488135,-0.489138
28.56,28.56,-0.067385,-0.06886,-0.723521,-0.724517,-0.53429,-0.534915
29.53,29.58,-0.720327,-0.697815,0.081923,0.090537,-0.485759,-0.481459
30.63,30.64,-0.707178,-0.707158,0.04011,0.039228,-0.488623,-0.489935
30.72,30.71,-0.68883,-0.690938,0.04269,0.043258,-0.489937,-0.488046
30.43,30.43,-0.613546,-0.61336,0.132636,0.132223,-0.563396,-0.562197
28.53,28.52,-0.127304,-0.128379,0.680929,0.680239,-0.585018,-0.586037
29.81,29.82,-0.707002,-0.706006,0.086426,0.087939,-0.482587,-0.483664
30.4,30.42,-0.622557,-0.622756,0.128505,0.129005,-0.554505,-0.554702
28.94,28.94,0.467709,0.467848,-0.552942,-0.548888,-0.73858,-0.735527
24.08,24.33,1.17189,0.914868,1.232331,1.192656,0.02405,0.056028
30.4,30.41,-0.705191,-0.705977,0.041625,0.042031,-0.489591,-0.490394
26.01,25.95,4.914352,4.261412,9.903017,7.537703,-15.957974,-12.595086
29.62,29.61,-0.70552,-0.706404,0.088432,0.087635,-0.483053,-0.48337
29.65,29.62,-0.706488,-0.705998,0.087449,0.087044,-0.484575,-0.483874
29.83,29.8,-0.706009,-0.705617,0.08944,0.088534,-0.484047,-0.483253
30.22,30.18,-0.707509,-0.704604,0.087415,0.087556,-0.48208,-0.484557
30.14,30.13,-0.704023,-0.705402,0.087945,0.087147,-0.483546,-0.483968
30.6,30.61,-0.706176,-0.69915,0.038119,0.04134,-0.488637,-0.48884
30.49,30.5,-0.719029,-0.708343,0.034597,0.038726,-0.490291,-0.490051
29.8,29.81,-0.706509,-0.706303,0.086926,0.088037,-0.482578,-0.483665
30.58,30.61,-0.70814,-0.704092,0.039132,0.039833,-0.490646,-0.489501
29.66,29.67,-0.726797,-0.710368,0.081875,0.08702,-0.483813,-0.483311
30.43,30.46,-0.609707,-0.616214,0.132525,0.129429,-0.552846,-0.55464
30.51,30.51,-0.622458,-0.617461,0.127099,0.130669,-0.562034,-0.558644
29.79,29.8,-0.70649,-0.705803,0.087948,0.087241,-0.484569,-0.48367
30.31,30.32,-0.705025,-0.706119,0.086427,0.087924,-0.482069,-0.482462
29.12,29.11,0.392172,0.392085,-0.611011,-0.611099,-0.535536,-0.536539
28.48,28.51,0.140067,0.140386,-0.934663,-0.936445,-0.579959,-0.580978
30.39,30.38,-0.706167,-0.708145,0.042138,0.040432,-0.491096,-0.490832
30.68,30.68,-0.707161,-0.705087,0.038121,0.038422,-0.489146,-0.488624
30.64,30.62,-0.706681,-0.706776,0.037606,0.038813,-0.487645,-0.488534
30.52,30.5,-0.715608,-0.713412,0.037068,0.036991,-0.487228,-0.488412
30.64,30.64,-0.708176,-0.706963,0.0401,0.038122,-0.488131,-0.489145
30.34,30.35,-0.715437,-0.721638,0.084382,0.082198,-0.481181,-0.484165
28.85,28.86,0.316792,0.318583,-0.662958,-0.663447,-0.511735,-0.512025
30.22,30.22,-0.706143,-0.707849,0.042162,0.043239,-0.493099,-0.4919
30.51,30.52,-0.688362,-0.700146,0.046675,0.040931,-0.489387,-0.488252
30.31,30.3,-0.700695,-0.704014,0.04318,0.044826,-0.49304,-0.489944
30.64,30.64,-0.706174,-0.706371,0.036617,0.038522,-0.488153,-0.489035
29.8,29.81,-0.705506,-0.70581,0.085939,0.088238,-0.483081,-0.483558
30.69,30.69,-0.706196,-0.707277,0.039603,0.037903,-0.487619,-0.487647
30.21,30.22,-0.691649,-0.713045,0.090479,0.086509,-0.482909,-0.48314
28.53,28.51,0.140088,0.138788,-0.935144,-0.93516,-0.581467,-0.580576
30.4,30.42,-0.7052,-0.705175,0.042118,0.04134,-0.489084,-0.490796
29.56,29.55,-0.707503,-0.706101,0.088425,0.08734,-0.48307,-0.483671
30.39,30.41,-0.705182,-0.705582,0.041132,0.04163,-0.490097,-0.490095
28.62,28.62,-0.080572,-0.079997,-0.714837,-0.714052,-0.51377,-0.512454
30.49,30.5,-0.619094,-0.619771,0.131018,0.129328,-0.554948,-0.555674
29.16,29.16,0.403239,0.402179,-0.619335,-0.618707,-0.54505,-0.547857
30.66,30.64,-0.707651,-0.707162,0.038125,0.039223,-0.489651,-0.489535
30.64,30.65,-0.706186,-0.706754,0.040114,0.037531,-0.488615,-0.489751
30.49,30.49,-0.706164,-0.706072,0.038131,0.037021,-0.489639,-0.488548
30.69,30.68,-0.697227,-0.701903,0.038176,0.039146,-0.490562,-0.48979
30.58,30.59,-0.706671,-0.706967,0.038117,0.037917,-0.488642,-0.488746
30.58,30.6,-0.696815,-0.701033,0.044613,0.041033,-0.486479,-0.48876
29.51,29.54,-0.714432,-0.711855,0.087407,0.086714,-0.483643,-0.483227
28.56,28.55,-0.111006,-0.114873,0.686944,0.685727,-0.582304,-0.581851
30.72,30.7,-0.692799,-0.697744,0.04217,0.04036,-0.489477,-0.489841
30.7,30.71,-0.707182,-0.707275,0.037598,0.038005,-0.487149,-0.487846
30.34,30.34,-0.688884,-0.696093,0.048152,0.046249,-0.487872,-0.489559
30.51,30.5,-0.690331,-0.706179,0.044174,0.040321,-0.489433,-0.489313
30.45,30.48,-0.623047,-0.622858,0.127506,0.126596,-0.554521,-0.553428
30.64,30.63,-0.708168,-0.70677,0.037601,0.037516,-0.487658,-0.488449
28.7,28.69,-0.079307,-0.078179,-0.73161,-0.732272,-0.528976,-0.531678
30.52,30.52,-0.624038,-0.623653,0.124997,0.124686,-0.553556,-0.552454
29.84,29.89,-0.724306,-0.707212,0.081897,0.087717,-0.484792,-0.482174
30.57,30.56,-0.61758,-0.615897,0.130548,0.130853,-0.556943,-0.556825
30.54,30.54,-0.708634,-0.710115,0.037629,0.036726,-0.490167,-0.49029
30.1,30.11,-0.705006,-0.705615,0.087449,0.087634,-0.484061,-0.483063
30.39,30.38,-0.70569,-0.711107,0.041119,0.03983,-0.4891,-0.491565
30.42,30.41,-0.623068,-0.622556,0.12899,0.129409,-0.553503,-0.554996
29.0,29.0,0.303707,0.303304,-0.638141,-0.638751,-0.547631,-0.54684
30.24,30.23,-0.720017,-0.692824,0.040614,0.048764,-0.493237,-0.490304
30.58,30.57,-0.618063,-0.619156,0.131562,0.12945,-0.558439,-0.55737
28.41,28.43,0.215196,0.214211,0.548742,0.549547,-0.557495,-0.558396
30.72,30.71,-0.707663,-0.707666,0.038113,0.037509,-0.48865,-0.488156
28.61,28.57,-0.673499,-0.670485,-0.460171,-0.445783,-0.183954,-0.201696
30.19,30.18,-0.703698,-0.703304,0.046149,0.045546,-0.492031,-0.491533
30.07,30.06,-0.703703,-0.703393,0.04815,0.048163,-0.492509,-0.493508
30.46,30.46,-0.706178,-0.705875,0.039621,0.039728,-0.489121,-0.489618
30.13,30.14,-0.703687,-0.703389,0.044154,0.046363,-0.492053,-0.493127
30.37,30.36,-0.713074,-0.702813,0.038135,0.043438,-0.492203,-0.490251
28.55,28.53,-0.114439,-0.115258,0.685465,0.686038,-0.584855,-0.582952
29.24,29.24,0.400292,0.399885,-0.619821,-0.619231,-0.547085,-0.546481
30.48,30.48,-0.705712,-0.702235,0.039593,0.041919,-0.486613,-0.488159
29.23,29.21,0.399273,0.399889,-0.620353,-0.619728,-0.544595,-0.546586
30.36,30.35,-0.715403,-0.71133,0.082411,0.084037,-0.483207,-0.484455
28.43,28.41,0.136069,0.136574,-0.933206,-0.933896,-0.577974,-0.578478
30.18,30.2,-0.704215,-0.703304,0.046628,0.046047,-0.490527,-0.491728
30.48,30.48,-0.621054,-0.621152,0.129027,0.128527,-0.555989,-0.555896
30.52,30.53,-0.714123,-0.705597,0.038576,0.040211,-0.487699,-0.488208
30.19,30.17,-0.702196,-0.703901,0.045668,0.045843,-0.493025,-0.491535
30.37,30.38,-0.612201,-0.617136,0.131999,0.130399,-0.55137,-0.552634
29.54,29.53,-0.706502,-0.706999,0.087936,0.087332,-0.483568,-0.483278
30.46,30.46,-0.70518,-0.705768,0.03963,0.039534,-0.489613,-0.49012
30.6,30.6,-0.707155,-0.708056,0.038127,0.036811,-0.489647,-0.488368
30.49,30.51,-0.62307,-0.623251,0.12598,0.124893,-0.552034,-0.55295
30.48,30.47,-0.620057,-0.620962,0.129037,0.12872,-0.556481,-0.555291
30.49,30.51,-0.699785,-0.710739,0.043605,0.0386,-0.486516,-0.488671
30.51,30.49,-0.723467,-0.711713,0.034605,0.038114,-0.492333,-0.489988
30.72,30.7,-0.7057,-0.707167,0.039605,0.038115,-0.487614,-0.488646
29.04,29.03,0.67308,0.675307,-0.482273,-0.484626,-0.491066,-0.493778
30.63,30.62,-0.706164,-0.706967,0.038131,0.03882,-0.489639,-0.489137
29.84,29.84,-0.705,-0.7059,0.087455,0.087645,-0.484562,-0.484067
29.2,29.21,0.400251,0.399757,-0.616852,-0.618658,-0.545048,-0.544371
30.07,30.06,-0.703697,-0.702899,0.047153,0.04686,-0.49252,-0.492817
30.64,30.62,-0.707173,-0.702595,0.038109,0.039747,-0.488145,-0.49019
30.3,30.3,-0.715559,-0.705458,0.03812,0.041153,-0.491724,-0.491902
30.72,30.69,-0.715534,-0.715647,0.034635,0.034118,-0.492264,-0.490868
30.6,30.61,-0.707663,-0.707359,0.038113,0.036917,-0.48865,-0.488661
30.7,30.72,-0.706668,-0.706568,0.038622,0.038021,-0.489136,-0.488942
30.43,30.43,-0.706667,-0.705671,0.040628,0.040937,-0.490116,-0.490604
30.48,30.47,-0.620048,-0.619869,0.128544,0.129528,-0.556988,-0.555773
30.51,30.49,-0.717541,-0.707555,0.034603,0.039426,-0.490278,-0.489936
28.91,26.12,0.152336,0.554924,-0.776286,0.377732,-0.598094,-0.218789
30.07,30.05,-0.705005,-0.705204,0.089455,0.08795,-0.48504,-0.484358
30.4,30.41,-0.705673,-0.705669,0.040133,0.04124,-0.490113,-0.490901
30.64,30.62,-0.708137,-0.707063,0.038634,0.038422,-0.490652,-0.489243
30.18,30.19,-0.704185,-0.704088,0.045655,0.045553,-0.492541,-0.492341
23.98,24.03,-0.444544,-0.444026,0.136218,0.128119,-0.558382,-0.556665
30.7,30.73,-0.691288,-0.69083,0.041196,0.043167,-0.490977,-0.488747
30.36,30.37,-0.634919,-0.626131,0.126987,0.128789,-0.556633,-0.554333
28.53,28.53,-0.206001,-0.206493,0.649679,0.647774,-0.58305,-0.582475
30.68,30.68,-0.719505,-0.706251,0.032108,0.036537,-0.490824,-0.489858
29.16,29.17,0.398773,0.399567,-0.61735,-0.619453,-0.545568,-0.544683
30.07,30.09,-0.703188,-0.701889,0.050176,0.048988,-0.494986,-0.495289
30.57,30.56,-0.692332,-0.700734,0.045152,0.042339,-0.488437,-0.489444
30.42,30.42,-0.705669,-0.705481,0.040638,0.04113,-0.490608,-0.489999
29.51,29.51,-0.692638,-0.706006,0.089977,0.087436,-0.482923,-0.483369
30.3,30.29,-0.71804,-0.703102,0.039612,0.044549,-0.492229,-0.491443
30.63,30.62,-0.707183,-0.707172,0.036595,0.036806,-0.48666,-0.487659
28.55,27.37,-0.328965,-1.661794,0.498761,-0.87211,-0.598851,0.641766
28.94,28.94,0.297781,0.297874,-0.640146,-0.63945,-0.548706,-0.548497
28.61,28.59,-0.079958,-0.079084,-0.724245,-0.723357,-0.519381,-0.518262
30.64,30.63,-0.707655,-0.706965,0.036617,0.037418,-0.488667,-0.488652
30.64,30.62,-0.705676,-0.706279,0.039629,0.038515,-0.489617,-0.488433
30.45,30.44,-0.621535,-0.620567,0.128539,0.129422,-0.557,-0.555479
28.62,28.61,-0.073997,-0.074423,-0.759322,-0.756545,-0.545772,-0.544542
29.21,29.21,0.402272,0.401669,-0.619314,-0.618122,-0.547062,-0.546853
30.07,30.05,-0.702195,-0.702406,0.047675,0.046758,-0.494004,-0.492513
29.18,29.18,0.390171,0.390777,-0.60903,-0.609919,-0.535029,-0.535535
30.43,30.45,-0.641843,-0.628397,0.125975,0.128093,-0.557707,-0.555262
30.43,30.44,-0.621539,-0.622164,0.128034,0.128804,-0.556505,-0.554298
30.14,30.16,-0.704209,-0.703597,0.046634,0.04565,-0.491028,-0.491935
30.46,30.46,-0.707628,-0.707078,0.037146,0.037103,-0.491165,-0.487354
23.73,24.96,2.257005,1.195774,1.784313,1.335267,-0.072469,-0.109814
30.46,30.46,-0.707133,-0.706568,0.039653,0.040327,-0.492134,-0.489918
30.45,30.45,-0.705681,-0.706077,0.041629,0.040525,-0.490096,-0.489611
30.39,30.41,-0.704668,-0.70617,0.041152,0.041333,-0.491595,-0.490504
29.5,29.51,-0.705527,-0.709674,0.086419,0.087223,-0.481573,-0.483403
29.56,29.55,-0.718843,-0.706798,0.082428,0.087836,-0.485741,-0.483671
30.43,30.42,-0.706144,-0.705693,0.041159,0.041516,-0.492609,-0.488995
29.83,29.82,-0.70601,-0.705705,0.087433,0.087942,-0.483068,-0.483861
30.46,30.44,-0.612587,-0.613762,0.133108,0.131615,-0.560878,-0.561506
30.24,30.22,-0.724291,-0.699195,0.08141,0.089537,-0.4858,-0.481683
29.53,29.52,-0.725807,-0.699574,0.083381,0.089554,-0.484288,-0.483189
28.67,28.67,0.143163,0.142576,-0.662721,-0.664019,-0.545797,-0.545917
28.77,28.77,-0.232938,-0.235548,-0.41826,-0.420308,-0.714089,-0.710529
30.66,30.68,-0.72049,-0.71544,0.03211,0.033827,-0.491334,-0.491471
30.63,30.65,-0.706653,-0.706764,0.039138,0.037722,-0.490633,-0.489047
29.21,29.2,0.398745,0.39918,-0.618882,-0.619344,-0.54258,-0.545586
30.18,30.22,-0.704201,-0.69697,0.045138,0.047464,-0.491045,-0.491356
28.59,28.61,-0.142539,-0.138944,-0.694069,-0.69373,-0.728449,-0.730618
30.36,30.34,-0.723985,-0.702602,0.036586,0.04325,-0.491313,-0.491152
30.45,30.45,-0.616158,-0.616497,0.131492,0.129041,-0.551912,-0.555649
30.49,30.48,-0.620081,-0.62127,0.129013,0.12941,-0.554478,-0.554684
30.39,30.39,-0.705511,-0.70503,0.08794,0.087325,-0.483559,-0.482059
29.69,29.7,-0.708935,-0.711244,0.084964,0.085228,-0.486127,-0.48394
30.33,30.33,-0.720057,-0.710736,0.03907,0.041512,-0.489248,-0.490241
30.64,30.63,-0.707633,-0.707057,0.03714,0.039229,-0.490664,-0.490035
28.52,28.53,-0.135249,-0.117543,0.679884,0.685023,-0.583596,-0.582182
30.24,30.22,-0.692298,-0.711997,0.04669,0.041636,-0.491926,-0.492655
28.95,28.95,0.296258,0.29688,-0.639184,-0.638954,-0.546204,-0.548601
30.51,30.48,-0.704683,-0.705185,0.041639,0.04123,-0.490588,-0.489896
29.81,29.82,-0.705012,-0.70541,0.087443,0.088042,-0.48356,-0.483757
30.63,30.64,-0.706176,-0.706479,0.038119,0.039115,-0.488637,-0.488628
29.91,29.93,-0.697597,-0.695024,0.09146,0.090563,-0.48345,-0.482637
30.43,30.42,-0.622576,-0.62237,0.127484,0.12679,-0.552514,-0.55282
29.5,29.52,-0.708023,-0.695535,0.088399,0.090946,-0.481071,-0.481535
30.42,30.4,-0.706496,-0.705329,0.087942,0.087323,-0.484068,-0.481962
30.61,30.62,-0.706671,-0.708057,0.03912,0.039118,-0.489131,-0.489343
30.66,30.64,-0.707143,-0.706462,0.038139,0.03863,-0.490649,-0.489736
30.22,30.23,-0.698626,-0.706617,0.090417,0.087319,-0.479965,-0.482073
30.42,30.39,-0.70553,-0.705718,0.085915,0.08783,-0.481078,-0.482761
30.31,30.32,-0.707006,-0.702662,0.085921,0.08692,-0.482092,-0.480841
30.31,30.33,-0.700092,-0.70345,0.086422,0.086822,-0.480023,-0.48125
30.68,30.68,-0.707185,-0.70281,0.0391,0.040232,-0.487633,-0.489085
30.18,30.16,-0.703199,-0.70379,0.046656,0.045955,-0.492522,-0.492535
29.88,29.85,-0.699106,-0.704224,0.090932,0.088544,-0.481466,-0.483641
28.94,28.94,0.467695,0.46934,-0.550449,-0.548979,-0.738552,-0.735816
29.83,29.81,-0.705995,-0.705307,0.086946,0.087644,-0.484076,-0.483861
30.69,30.67,-0.698711,-0.701031,0.039679,0.039531,-0.49156,-0.488276
30.49,30.51,-0.628427,-0.630918,0.130567,0.129743,-0.562046,-0.560675
29.77,29.77,-0.706004,-0.706206,0.087439,0.088037,-0.483569,-0.483564
30.51,30.49,-0.708163,-0.707261,0.036603,0.037819,-0.48767,-0.48895
28.95,28.95,0.662576,0.661674,-0.491931,-0.49084,-0.479245,-0.478941
30.66,30.68,-0.716037,-0.715236,0.033623,0.034134,-0.491278,-0.492067
30.31,30.3,-0.70502,-0.705525,0.088939,0.087223,-0.483543,-0.482065
30.46,30.44,-0.620065,-0.620464,0.12953,0.128824,-0.555975,-0.555485
30.46,30.47,-0.705197,-0.705489,0.041619,0.039619,-0.48909,-0.488714
30.36,30.36,-0.692339,-0.689148,0.048655,0.047181,-0.489399,-0.49019
28.68,28.61,-0.594245,-0.484173,-0.438962,-0.341375,-0.431962,-0.490807
29.71,29.72,-0.706521,-0.706013,0.086914,0.08753,-0.481576,-0.482867
30.14,30.13,-0.705176,-0.703204,0.046654,0.04645,-0.49304,-0.492023
30.24,30.24,-0.700704,-0.709634,0.043673,0.042831,-0.492533,-0.491719
28.61,28.61,-0.077346,-0.077721,-0.724104,-0.72228,-0.530376,-0.532963
30.46,30.45,-0.609202,-0.622067,0.132034,0.129304,-0.553348,-0.554392
30.55,30.54,-0.706158,-0.70726,0.037133,0.03762,-0.48965,-0.488952
22.15,25.08,-0.505435,5.498847,0.112526,3.38903,-0.515101,-4.877338
30.45,30.45,-0.620582,-0.62066,0.129005,0.128826,-0.553982,-0.555688
29.51,29.51,-0.706494,-0.709674,0.087443,0.087223,-0.484074,-0.483403
28.7,28.7,-0.077772,-0.077594,-0.733564,-0.732781,-0.53199,-0.530677
30.46,30.46,-0.611705,-0.625443,0.132001,0.128986,-0.551366,-0.553924
29.21,29.21,0.401275,0.401766,-0.619324,-0.618425,-0.54657,-0.546555
30.31,30.31,-0.724734,-0.721801,0.068424,0.072505,-0.484448,-0.482773
30.45,30.44,-0.706142,-0.706164,0.038654,0.039735,-0.491636,-0.490322
30.46,30.47,-0.704687,-0.705284,0.040131,0.040428,-0.489603,-0.489605
30.45,30.46,-0.611687,-0.620958,0.131016,0.129025,-0.552379,-0.555788
30.33,30.36,-0.695757,-0.703001,0.044683,0.042544,-0.491978,-0.490663
29.54,29.57,-0.690694,-0.697098,0.093955,0.089861,-0.481359,-0.483064
29.23,29.22,0.403751,0.402163,-0.618816,-0.619024,-0.546542,-0.546358
30.49,30.5,-0.715124,-0.712399,0.038062,0.036714,-0.486712,-0.490009
30.64,30.61,-0.70667,-0.70776,0.036615,0.037513,-0.488158,-0.488557
30.48,30.47,-0.706166,-0.706177,0.039633,0.040123,-0.490123,-0.489416
29.75,29.71,-0.707016,-0.705796,0.087916,0.087348,-0.48207,-0.484269
30.52,30.48,-0.706683,-0.706871,0.039108,0.036912,-0.488129,-0.488056
30.43,30.44,-0.621579,-0.621667,0.129999,0.129409,-0.553979,-0.554688
29.48,29.51,-0.718879,-0.706595,0.083395,0.08734,-0.483226,-0.483876
30.07,30.05,-0.703193,-0.702704,0.046662,0.048362,-0.493022,-0.493199
30.4,30.4,-0.705198,-0.705574,0.040616,0.040935,-0.4886,-0.490403
29.16,29.16,0.402234,0.402061,-0.617848,-0.618526,-0.544541,-0.546354
29.63,29.64,-0.70603,-0.701069,0.088917,0.089741,-0.48205,-0.482598
29.71,29.77,-0.707001,-0.705321,0.088433,0.087731,-0.483567,-0.482758
28.76,28.8,-0.259047,-0.251777,-0.479351,-0.482804,-0.660413,-0.66139
30.37,30.38,-0.630518,-0.62378,0.130452,0.130273,-0.55305,-0.552592
28.92,26.29,0.082697,0.027146,-0.408744,-0.990546,-0.741292,-0.631661
28.65,28.56,-0.555685,-0.508474,-0.407866,-0.439373,-0.517926,-0.529193
30.58,30.62,-0.707164,-0.707379,0.037616,0.037699,-0.488651,-0.48735
29.79,29.79,-0.706479,-0.706004,0.086956,0.08794,-0.485081,-0.483764
29.86,29.84,-0.706017,-0.702531,0.086423,0.088257,-0.482078,-0.484131
30.07,30.1,-0.705029,-0.704922,0.085922,0.087735,-0.481574,-0.482955
25.98,28.57,3.162809,-0.050105,9.071594,-0.725837,-15.982607,-0.535268
30.57,30.57,-0.695307,-0.69292,0.045141,0.044054,-0.488463,-0.488555
30.33,30.35,-0.709975,-0.70769,0.084912,0.085427,-0.48213,-0.482705
30.51,30.5,-0.722482,-0.712681,0.033599,0.035727,-0.491334,-0.490924
28.64,28.64,-0.077519,-0.077088,-0.724777,-0.725443,-0.51586,-0.518368
30.42,30.44,-0.627008,-0.617794,0.126493,0.129429,-0.554567,-0.555155
30.64,30.65,-0.706169,-0.706962,0.039128,0.038223,-0.489627,-0.489244
30.72,30.71,-0.705659,-0.70746,0.03764,0.038419,-0.490141,-0.489146
30.54,30.53,-0.711162,-0.701921,0.040077,0.041836,-0.487155,-0.48946
30.58,30.64,-0.705204,-0.706764,0.039607,0.038524,-0.48761,-0.489339
30.48,30.47,-0.706661,-0.706171,0.040634,0.040229,-0.490616,-0.489915
30.7,30.71,-0.70667,-0.703507,0.036615,0.038822,-0.488158,-0.488205
30.72,30.7,-0.717028,-0.715834,0.033619,0.033528,-0.491287,-0.491578
30.49,30.49,-0.707203,-0.706881,0.038079,0.037102,-0.485641,-0.487252
29.8,29.81,-0.706009,-0.705401,0.088436,0.087549,-0.483558,-0.484264
30.36,30.36,-0.689359,-0.691046,0.047669,0.04726,-0.489384,-0.489103
24.13,24.2,1.077914,0.995665,1.303409,1.314892,0.014522,0.028964
30.39,30.4,-0.705531,-0.705419,0.089423,0.08733,-0.482541,-0.482664
30.58,30.59,-0.705672,-0.707474,0.036624,0.038104,-0.48865,-0.487847
30.68,30.69,-0.719502,-0.716061,0.03161,0.034502,-0.49083,-0.489665
30.68,30.67,-0.719024,-0.714355,0.032597,0.034829,-0.489813,-0.49145
30.33,30.33,-0.702092,-0.700004,0.0874,0.087915,-0.479028,-0.479705
29.2,29.19,0.40227,0.40227,-0.618816,-0.618915,-0.547056,-0.547057
22.99,28.51,-0.550287,-0.633271,0.112489,-0.44964,0.648549,-0.251204
30.58,30.59,-0.707642,-0.707263,0.037632,0.037315,-0.490158,-0.488555
30.48,30.47,-0.706688,-0.705387,0.041109,0.040123,-0.488608,-0.489108
30.22,30.2,-0.705992,-0.694936,0.086447,0.090752,-0.484081,-0.481832
29.54,29.51,-0.686253,-0.715975,0.094453,0.084536,-0.479812,-0.485992
29.74,29.74,-0.705998,-0.706006,0.086442,0.087537,-0.48358,-0.483468
30.27,30.23,-0.700732,-0.704694,0.046653,0.044737,-0.491498,-0.491054
29.83,29.83,-0.706006,-0.702144,0.088941,0.08885,-0.484053,-0.48352
30.36,30.34,-0.709124,-0.705881,0.042145,0.04293,-0.492624,-0.490483
30.48,30.46,-0.62901,-0.616311,0.129977,0.12943,-0.554545,-0.554741
30.45,30.45,-0.705696,-0.70567,0.041113,0.040136,-0.488599,-0.490313
29.79,29.79,-0.70552,-0.70581,0.087429,0.087836,-0.482563,-0.483362
30.43,30.45,-0.615627,-0.622865,0.131529,0.129095,-0.554912,-0.5539
29.2,29.2,0.401758,0.400978,-0.619334,-0.619726,-0.545564,-0.546477
29.6,29.57,-0.707002,-0.7065,0.087429,0.087437,-0.483077,-0.483573
28.53,28.56,-0.10903,-0.111098,0.686946,0.687454,-0.581786,-0.583201
30.48,30.5,-0.704722,-0.705883,0.042102,0.040522,-0.487577,-0.489309
30.58,30.62,-0.704679,-0.706664,0.037632,0.039128,-0.48913,-0.489732
30.49,30.47,-0.705195,-0.705769,0.040117,0.039934,-0.488606,-0.490216
30.34,30.35,-0.714874,-0.712045,0.08094,0.083412,-0.485222,-0.482465
30.09,30.12,-0.704187,-0.702886,0.047157,0.046571,-0.493025,-0.493722
28.65,28.64,-0.080117,-0.08074,-0.711867,-0.710092,-0.511729,-0.510212
30.18,30.17,-0.703179,-0.704001,0.045171,0.04534,-0.49354,-0.491241
30.64,30.63,-0.70715,-0.707157,0.03713,0.037323,-0.489658,-0.489155
29.0,28.99,0.641062,0.640747,-0.470644,-0.471464,-0.47268,-0.470889
30.72,30.71,-0.709113,-0.709515,0.034635,0.035631,-0.490205,-0.490197
28.47,28.74,0.332802,0.371951,-0.87288,-0.664477,-0.554044,-0.668248
30.19,30.21,-0.704687,-0.704099,0.044643,0.046445,-0.491555,-0.491831
30.72,30.71,-0.707111,-0.707736,0.035663,0.036233,-0.492179,-0.489974
29.18,29.19,0.408833,0.41498,-0.627198,-0.631591,-0.553105,-0.559212
30.68,30.68,-0.701695,-0.707536,0.038153,0.037239,-0.4901,-0.490562
30.6,30.58,-0.707658,-0.707458,0.037116,0.037217,-0.488661,-0.488759
29.74,29.75,-0.706992,-0.705807,0.08794,0.087538,-0.484073,-0.483466
30.52,30.53,-0.619091,-0.618359,0.131522,0.129858,-0.555443,-0.55786
30.57,30.56,-0.72399,-0.703886,0.033071,0.039841,-0.48935,-0.4901
28.76,28.76,0.141699,0.142778,-0.663707,-0.664918,-0.547324,-0.545725
29.69,29.64,-0.706529,-0.705914,0.08841,0.087229,-0.481559,-0.482669
30.63,30.63,-0.706692,-0.704093,0.039601,0.039631,-0.487623,-0.489303
28.32,28.31,0.216194,0.216093,0.549755,0.548349,-0.558476,-0.557692
30.19,30.2,-0.703707,-0.707865,0.045638,0.044426,-0.491035,-0.491085
23.52,23.39,-0.402984,-0.406725,0.062493,0.061903,0.790009,0.788067
30.63,30.58,-0.705648,-0.707558,0.035645,0.036615,-0.490163,-0.488466
30.34,30.35,-0.696802,-0.695028,0.047635,0.046528,-0.488949,-0.487543
29.51,29.54,-0.706001,-0.706315,0.087944,0.087825,-0.484064,-0.482566
30.09,30.09,-0.704977,-0.705605,0.086475,0.087643,-0.486075,-0.483864
28.89,28.89,0.366594,0.373974,-0.557321,-0.556948,-0.78058,-0.776004
30.52,30.46,-0.705647,-0.706966,0.037652,0.037216,-0.491142,-0.488454
30.43,30.4,-0.706171,-0.706273,0.041634,0.040628,-0.490601,-0.489912
30.3,30.3,-0.717822,-0.723266,0.07143,0.071218,-0.483352,-0.484103
29.81,29.81,-0.706,-0.705914,0.088947,0.088433,-0.484554,-0.483257
29.54,29.51,-0.706491,-0.706307,0.086944,0.087733,-0.48408,-0.483268
30.69,30.68,-0.695791,-0.700241,0.043145,0.040333,-0.48849,-0.48836
28.92,28.94,-0.370061,-0.224363,-0.937918,-0.94126,-0.177213,-0.218259
30.42,30.42,-0.706171,-0.705284,0.04063,0.041331,-0.490111,-0.489996
30.66,30.64,-0.621552,-0.621478,0.125012,0.125489,-0.554035,-0.552226
28.67,28.66,-0.072554,-0.073066,-0.757857,-0.756371,-0.542738,-0.542024
30.33,30.32,-0.686888,-0.704109,0.050178,0.044229,-0.489836,-0.490052
30.24,30.25,-0.722494,-0.689668,0.039103,0.049763,-0.492775,-0.489364
30.42,30.42,-0.622046,-0.621966,0.129024,0.129105,-0.555998,-0.554393
28.55,28.55,0.143679,0.143178,-0.664204,-0.66381,-0.546811,-0.546511
29.5,29.49,-0.706001,-0.70621,0.08694,0.087029,-0.483575,-0.482774
30.49,30.49,-0.707162,-0.707376,0.037118,0.037402,-0.488657,-0.487453
29.11,29.09,0.42193,0.421035,-0.635971,-0.633872,-0.566113,-0.566798
30.39,30.38,-0.703199,-0.708833,0.04114,0.040636,-0.49008,-0.491436
30.42,30.41,-0.623062,-0.622163,0.127993,0.129607,-0.553514,-0.55479
30.72,30.71,-0.707149,-0.70696,0.038133,0.038024,-0.490148,-0.489346
30.21,30.24,-0.686707,-0.701673,0.09349,0.088426,-0.482832,-0.481316
30.25,30.22,-0.685408,-0.697478,0.052683,0.04775,-0.490295,-0.490456
28.35,28.32,0.14205,0.142434,-0.934656,-0.933062,-0.579942,-0.57962
30.54,30.53,-0.625048,-0.623856,0.127481,0.125382,-0.553036,-0.552348
30.55,30.56,-0.699756,-0.696277,0.041628,0.042752,-0.488041,-0.4892
22.66,22.66,-0.4566,-0.456902,0.086367,0.085558,-0.564561,-0.563771
26.98,26.69,8.473864,5.900801,4.458217,2.316129,-6.072347,-3.6885
30.68,30.68,-0.717999,-0.718419,0.032132,0.032709,-0.492314,-0.490708
28.68,28.13,-0.462178,1.154369,0.931701,1.574943,-0.557538,-2.394468
30.7,30.7,-0.706173,-0.707168,0.03762,0.037914,-0.488643,-0.488548
30.42,30.43,-0.705182,-0.705772,0.041132,0.040735,-0.490097,-0.490407
28.85,28.5,-0.076248,-0.285427,-0.527497,-0.585656,-0.789098,-0.62999
29.6,29.58,-0.705992,-0.706694,0.087451,0.08744,-0.484571,-0.483875
30.33,30.33,-0.695324,-0.705403,0.04713,0.042814,-0.48794,-0.488978
29.18,29.19,0.400764,0.400573,-0.618839,-0.619936,-0.545567,-0.545681
22.75,22.78,-0.459078,-0.459387,0.087361,0.088051,-0.565072,-0.564465
30.46,30.47,-0.706183,-0.703009,0.040618,0.041333,-0.48911,-0.489475
30.34,30.33,-0.704537,-0.705414,0.087925,0.087436,-0.482048,-0.483163
30.49,30.5,-0.700204,-0.709215,0.039667,0.036838,-0.491072,-0.490982
29.59,29.59,-0.701046,-0.713232,0.087457,0.085717,-0.483526,-0.483752
30.64,30.69,-0.719035,-0.696867,0.033588,0.041451,-0.489301,-0.48902
29.12,29.13,0.399772,0.400277,-0.619846,-0.619034,-0.545086,-0.546174
30.37,30.37,-0.622073,-0.624844,0.129498,0.128691,-0.553989,-0.554122
26.23,26.58,8.926171,10.696968,2.817279,5.716668,-5.973306,-10.064138
28.67,28.67,-0.071043,-0.072419,-0.757827,-0.760127,-0.544728,-0.544666
30.55,30.55,-0.620026,-0.618874,0.129067,0.129436,-0.558985,-0.556065
30.48,30.47,-0.632963,-0.630077,0.127469,0.128091,-0.554608,-0.555677
30.57,30.55,-0.717585,-0.708539,0.03807,0.038127,-0.488236,-0.49006
30.6,30.59,-0.707132,-0.707462,0.036144,0.037816,-0.490671,-0.488752
29.21,29.21,0.399769,0.39987,-0.619348,-0.619146,-0.54508,-0.545278
30.49,30.49,-0.705671,-0.705382,0.038631,0.040228,-0.489629,-0.489608
28.94,28.92,0.301254,0.299659,-0.639629,-0.640847,-0.549171,-0.547897
29.21,29.21,0.399265,0.399484,-0.618857,-0.619436,-0.544579,-0.546086
30.37,30.34,-0.708006,-0.708581,0.085407,0.084622,-0.481105,-0.482421
30.55,30.57,-0.628957,-0.619542,0.128024,0.129961,-0.558073,-0.55847
30.4,30.41,-0.622056,-0.622067,0.126506,0.128902,-0.554023,-0.554196
30.42,30.42,-0.706987,-0.706019,0.086942,0.087524,-0.484084,-0.482366
29.89,29.92,-0.710443,-0.703234,0.084436,0.088346,-0.484143,-0.483434
30.48,30.47,-0.70618,-0.703612,0.041123,0.04032,-0.489605,-0.488389
30.46,30.48,-0.707182,-0.707564,0.038602,0.037211,-0.487638,-0.488259
28.59,28.59,-0.065372,-0.064891,-0.724487,-0.7247,-0.536287,-0.534983
28.7,28.73,-0.258083,-0.257361,-0.479877,-0.478242,-0.657905,-0.660886
28.64,28.64,-0.07647,-0.077643,-0.726221,-0.727211,-0.519874,-0.520897
30.57,30.56,-0.622564,-0.623956,0.127496,0.12508,-0.553515,-0.552152
30.34,30.35,-0.718542,-0.704803,0.039604,0.043624,-0.491733,-0.489765
28.7,28.77,-0.232001,-0.235653,-0.430345,-0.423924,-0.7042,-0.708467
29.2,29.21,0.399282,0.399376,-0.619842,-0.619446,-0.545591,-0.545286
30.45,30.46,-0.620538,-0.622344,0.128548,0.129022,-0.557492,-0.5559
30.45,30.45,-0.706152,-0.706071,0.041652,0.040131,-0.492103,-0.490016
29.68,29.66,-0.705998,-0.706798,0.087445,0.087134,-0.48407,-0.483379
28.95,28.96,0.302215,0.300939,-0.640658,-0.639547,-0.546169,-0.54777
30.1,30.09,-0.701713,-0.701711,0.049167,0.048567,-0.493482,-0.493388
30.33,30.33,-0.707479,-0.707594,0.087445,0.086125,-0.484583,-0.482696
30.25,30.27,-0.705524,-0.70858,0.085921,0.085927,-0.481579,-0.483108
30.36,30.36,-0.686375,-0.693716,0.048191,0.046856,-0.490355,-0.489532
30.22,30.23,-0.709602,-0.694992,0.041158,0.048067,-0.493641,-0.491132
28.52,28.53,0.148057,0.147237,-0.939591,-0.938417,-0.582449,-0.580741
30.42,30.42,-0.705683,-0.705762,0.042128,0.040945,-0.49009,-0.491306
30.36,30.36,-0.691856,-0.700833,0.046638,0.044144,-0.487414,-0.490225
30.4,30.39,-0.705686,-0.708938,0.042627,0.040629,-0.490084,-0.490937
28.18,28.18,0.217674,0.219659,0.55226,0.55247,-0.558936,-0.559117
28.67,28.67,-0.076824,-0.076989,-0.731096,-0.730161,-0.529449,-0.532646
30.61,30.59,-0.708159,-0.707164,0.037108,0.037517,-0.488165,-0.488652
30.33,30.3,-0.691319,-0.705275,0.046682,0.04174,-0.490915,-0.490892
29.2,29.2,0.421435,0.422139,-0.63497,-0.636562,-0.566607,-0.566719
30.13,30.13,-0.705538,-0.706109,0.087411,0.088235,-0.481061,-0.483461
30.1,30.11,-0.705551,-0.706875,0.090908,0.086654,-0.481522,-0.484988
28.62,28.63,-0.135066,-0.135858,-0.689493,-0.689996,-0.733341,-0.733254
28.24,28.21,0.216711,0.21738,0.549276,0.550458,-0.55998,-0.558458
30.16,30.2,-0.70418,-0.703886,0.043654,0.045056,-0.492063,-0.492445
30.7,30.69,-0.69037,-0.69659,0.045641,0.041732,-0.486912,-0.487411
30.43,30.45,-0.622546,-0.622759,0.12651,0.126094,-0.554528,-0.553132
30.61,30.61,-0.709637,-0.707162,0.037613,0.037819,-0.489174,-0.488949
29.91,29.91,-0.724298,-0.71282,0.083909,0.084932,-0.486272,-0.484658
29.06,29.06,0.414809,0.416241,-0.628654,-0.629508,-0.554572,-0.557775
30.58,30.58,-0.708159,-0.706968,0.038111,0.037314,-0.488654,-0.488353
25.2,24.54,-0.728302,0.199736,0.639743,1.10364,0.335919,0.14668
29.03,25.55,0.49771,-0.019959,-0.362484,-1.294107,-0.638491,-0.59644
30.46,30.46,-0.707634,-0.707362,0.036136,0.037516,-0.490175,-0.488654
30.24,30.22,-0.704531,-0.703839,0.087931,0.087631,-0.482549,-0.482246
28.7,28.71,0.143177,0.142378,-0.665215,-0.663819,-0.545825,-0.546017
30.4,30.39,-0.705185,-0.70558,0.041631,0.040929,-0.490092,-0.489902
30.39,30.39,-0.692313,-0.702813,0.046174,0.042635,-0.490429,-0.489859
30.48,30.49,-0.705179,-0.705585,0.041637,0.040322,-0.490592,-0.489208
29.16,29.16,0.399265,0.39938,-0.617853,-0.618539,-0.545068,-0.546076
30.49,30.48,-0.619076,-0.619675,0.130032,0.129525,-0.55596,-0.555471
30.52,30.51,-0.620549,-0.619668,0.12954,0.129833,-0.556981,-0.556168
30.12,30.13,-0.686235,-0.711624,0.094471,0.085544,-0.481314,-0.485442
30.7,30.68,-0.69829,-0.70015,0.041111,0.040325,-0.48603,-0.487658
30.12,30.12,-0.693172,-0.704042,0.091441,0.088829,-0.480407,-0.482434
30.49,30.48,-0.708165,-0.706765,0.037102,0.03742,-0.487664,-0.48875
30.49,30.48,-0.68887,-0.696077,0.045658,0.042955,-0.4879,-0.489396
30.22,30.21,-0.710992,-0.70484,0.086387,0.08842,-0.480619,-0.481845
30.43,30.46,-0.706154,-0.70656,0.038641,0.040336,-0.490634,-0.490619
30.27,30.28,-0.705544,-0.70473,0.087405,0.08773,-0.48056,-0.482453
30.49,30.5,-0.619564,-0.619375,0.129538,0.130431,-0.556471,-0.556059
30.66,30.68,-0.719493,-0.710901,0.031117,0.035728,-0.491336,-0.490508
30.51,30.49,-0.694811,-0.703604,0.045143,0.04083,-0.488459,-0.489285
30.22,30.22,-0.716397,-0.707293,0.082906,0.086933,-0.48321,-0.483385
30.68,30.65,-0.631518,-0.625127,0.126429,0.124392,-0.5506,-0.553372
30.4,30.4,-0.611617,-0.622662,0.128077,0.128799,-0.55692,-0.554103
29.89,29.92,-0.71935,-0.699857,0.083417,0.088564,-0.485233,-0.483904
30.45,30.48,-0.70567,-0.705579,0.039634,0.04063,-0.490118,-0.489906
30.68,30.69,-0.693299,-0.704599,0.041664,0.038316,-0.488986,-0.48792
30.49,30.47,-0.705194,-0.706372,0.041121,0.040327,-0.489095,-0.489816
29.2,29.2,0.391172,0.394585,-0.608515,-0.609665,-0.536017,-0.538905
28.89,28.89,0.581471,0.459072,-0.608359,-0.639056,-0.445707,-0.479174
30.69,30.69,-0.688378,-0.700996,0.045155,0.039665,-0.487401,-0.491179
30.68,30.67,-0.718026,-0.716523,0.032606,0.03343,-0.490305,-0.491986
30.7,30.67,-0.708135,-0.717412,0.037132,0.032828,-0.490168,-0.492
30.36,30.34,-0.687878,-0.691327,0.047669,0.047075,-0.488871,-0.49041
29.2,29.2,0.399778,0.399158,-0.61984,-0.618965,-0.545587,-0.543879
28.48,28.53,-0.262431,-0.454351,-0.596633,-0.47771,-0.697834,-0.55951
30.6,30.58,-0.706687,-0.706872,0.0376,0.037913,-0.487145,-0.488345
30.09,30.11,-0.709449,-0.696994,0.084944,0.089265,-0.484629,-0.483169
30.6,30.59,-0.701246,-0.709657,0.042121,0.038997,-0.488048,-0.488156
30.39,30.39,-0.706022,-0.706418,0.087421,0.087721,-0.482067,-0.482267
29.51,29.53,-0.696134,-0.708877,0.091442,0.087431,-0.481434,-0.483794
28.67,28.67,0.143195,0.143077,-0.665197,-0.664414,-0.547328,-0.546118
30.24,30.24,-0.705151,-0.704405,0.043169,0.045532,-0.49358,-0.490742
30.36,30.36,-0.733712,-0.726279,0.078364,0.080595,-0.484413,-0.485025
30.55,30.51,-0.690871,-0.70926,0.046636,0.039802,-0.486905,-0.488545
30.7,30.7,-0.707654,-0.706966,0.03762,0.037617,-0.489156,-0.488649
30.43,30.45,-0.707142,-0.706164,0.040146,0.039634,-0.491628,-0.490223
29.03,29.02,0.658571,0.663798,-0.479448,-0.482067,-0.481643,-0.486236
30.14,30.11,-0.703067,-0.704811,0.08992,0.087747,-0.481512,-0.483956
30.64,30.62,-0.708179,-0.70726,0.038592,0.037319,-0.487146,-0.488856
30.36,30.36,-0.715057,-0.70043,0.038127,0.043751,-0.49222,-0.490627
30.48,30.47,-0.621075,-0.621066,0.129508,0.129617,-0.554481,-0.555281
28.57,28.57,-0.058435,-0.058526,-0.725969,-0.724858,-0.535242,-0.536432
30.34,30.32,-0.699107,-0.699506,0.088925,0.088019,-0.480487,-0.4799
30.34,30.34,-0.715394,-0.710162,0.081918,0.084521,-0.483713,-0.482837
30.3,30.29,-0.698228,-0.695297,0.043177,0.046956,-0.492017,-0.490045
30.46,30.47,-0.707157,-0.706173,0.039629,0.040127,-0.490131,-0.489716
29.2,29.2,0.40224,0.401762,-0.618846,-0.618629,-0.544553,-0.546157
29.56,29.52,-0.707,-0.705998,0.089436,0.087745,-0.484056,-0.484167
28.55,28.54,0.142667,0.143673,-0.663727,-0.663508,-0.545312,-0.546603
30.51,30.51,-0.629407,-0.603097,0.128569,0.132815,-0.562077,-0.558294
28.89,28.93,-0.233734,-0.224082,-0.658705,-0.662948,-0.501943,-0.502709
30.33,30.31,-0.729712,-0.71754,0.069889,0.074123,-0.483473,-0.483219
30.66,30.66,-0.707143,-0.706372,0.038139,0.039123,-0.490649,-0.489228
30.37,30.38,-0.611215,-0.623952,0.133,0.129596,-0.551351,-0.554405
28.61,28.38,-0.382292,-0.374721,-0.447509,-0.442316,-0.651606,-0.607604
30.45,30.45,-0.626984,-0.620273,0.126518,0.129018,-0.55657,-0.554981
29.65,29.66,-0.705515,-0.699483,0.086431,0.089947,-0.482574,-0.482682
29.68,29.71,-0.706007,-0.709275,0.086934,0.086726,-0.483074,-0.483405
28.98,26.35,0.382081,-0.529314,-0.578643,-1.364942,-0.576329,0.238406
30.68,30.68,-0.694267,-0.693992,0.040681,0.042062,-0.490508,-0.489188
29.88,29.88,-0.720811,-0.716603,0.081933,0.085204,-0.486765,-0.483586
30.13,30.14,-0.703695,-0.703302,0.046654,0.046751,-0.492526,-0.492221
30.64,30.63,-0.707669,-0.706467,0.038107,0.038124,-0.488149,-0.48914
30.39,30.38,-0.7052,-0.710397,0.042118,0.03985,-0.489084,-0.492961
30.42,30.41,-0.70566,-0.705573,0.041149,0.041538,-0.491604,-0.490797
30.73,30.71,-0.691326,-0.690835,0.043666,0.042661,-0.488946,-0.488152
30.37,30.36,-0.721017,-0.72013,0.036591,0.037592,-0.490787,-0.490768
30.58,30.58,-0.70717,-0.707363,0.03761,0.037515,-0.48815,-0.488554
30.49,30.55,-0.707181,-0.707366,0.036096,0.037713,-0.486665,-0.488452
30.66,30.62,-0.70764,-0.707262,0.03613,0.037317,-0.489674,-0.488655
30.49,30.51,-0.707162,-0.706758,0.037118,0.036023,-0.488657,-0.488766
30.19,30.2,-0.704696,-0.707066,0.045136,0.044536,-0.491049,-0.491677
30.48,30.51,-0.618586,-0.619069,0.131031,0.129739,-0.555945,-0.556465
30.28,30.29,-0.685415,-0.701024,0.05067,0.04395,-0.488816,-0.49083
30.43,30.41,-0.705173,-0.705381,0.04064,0.041132,-0.490603,-0.490099
25.01,24.82,-0.95393,-0.294197,0.821876,0.979425,0.298457,0.231942
30.6,30.59,-0.707152,-0.707459,0.037628,0.037017,-0.489653,-0.488661
30.3,30.34,-0.707602,-0.695484,0.039176,0.045562,-0.494147,-0.490363
30.27,30.27,-0.706505,-0.704636,0.088434,0.088026,-0.483562,-0.482148
29.0,29.0,0.671607,0.673201,-0.483769,-0.485861,-0.491597,-0.491306
30.36,30.36,-0.723354,-0.729651,0.081359,0.078877,-0.481284,-0.484272
30.22,30.22,-0.687723,-0.707591,0.092458,0.086229,-0.480348,-0.482995
30.45,30.45,-0.613066,-0.613074,0.132121,0.132313,-0.561895,-0.561292
28.61,28.61,-0.079597,-0.07971,-0.711841,-0.710552,-0.513728,-0.513114
30.21,30.22,-0.691643,-0.703929,0.089482,0.086837,-0.48292,-0.482656
30.37,30.38,-0.692791,-0.694806,0.04619,0.045549,-0.491935,-0.489055
30.4,30.4,-0.704683,-0.705877,0.041639,0.040929,-0.490588,-0.490005
30.66,30.65,-0.70766,-0.705782,0.037614,0.038418,-0.488656,-0.48853
29.2,29.2,0.401293,0.401663,-0.619306,-0.618528,-0.548072,-0.546257
29.77,29.76,-0.706977,-0.706299,0.087453,0.087741,-0.48508,-0.483869
29.51,29.52,-0.705998,-0.706009,0.087445,0.087233,-0.48407,-0.483071
28.86,28.86,0.317264,0.319413,-0.661977,-0.665513,-0.510217,-0.514145
30.69,30.7,-0.71554,-0.716239,0.034629,0.03412,-0.491763,-0.491174
30.28,30.29,-0.722987,-0.703717,0.038602,0.044927,-0.492785,-0.489941
30.31,30.3,-0.689834,-0.696295,0.047186,0.046545,-0.490897,-0.489357
30.36,30.36,-0.721505,-0.713304,0.03409,0.04051,-0.490319,-0.490676
29.75,29.74,-0.705517,-0.706504,0.087934,0.088034,-0.483058,-0.483466
30.7,30.69,-0.716529,-0.715841,0.034126,0.033622,-0.491778,-0.491076
30.61,30.6,-0.707161,-0.708245,0.039124,0.038325,-0.489636,-0.489855
30.36,30.38,-0.607187,-0.607145,0.130569,0.132718,-0.55535,-0.551519
30.68,30.67,-0.690364,-0.702012,0.044643,0.040039,-0.486923,-0.489381
30.7,30.69,-0.714557,-0.704094,0.035125,0.038427,-0.491248,-0.488716
30.73,30.71,-0.691825,-0.690347,0.043159,0.043457,-0.488455,-0.487838
30.42,30.4,-0.706162,-0.705571,0.040138,0.04164,-0.490618,-0.490996
30.45,30.44,-0.622553,-0.622162,0.130013,0.129508,-0.55549,-0.554791
30.36,30.38,-0.695135,-0.705795,0.089949,0.085143,-0.481442,-0.483393
30.3,30.32,-0.685896,-0.690232,0.050181,0.047385,-0.489827,-0.490898
30.14,30.15,-0.704181,-0.702806,0.047163,0.046453,-0.493526,-0.49212
30.39,30.4,-0.706203,-0.705675,0.043106,0.041836,-0.488581,-0.490694
29.21,29.19,0.402759,0.402252,-0.61882,-0.618733,-0.546551,-0.545653
30.36,30.36,-0.705049,-0.705029,0.087407,0.087225,-0.480556,-0.48206
28.61,28.49,-0.50442,-0.603719,-0.515767,-0.526644,-0.445575,-0.225573
30.09,30.09,-0.702192,-0.703104,0.047176,0.046752,-0.494009,-0.492219
30.13,30.13,-0.705986,-0.702932,0.087457,0.088251,-0.485071,-0.483734
29.54,29.53,-0.706484,-0.706107,0.087954,0.087133,-0.48507,-0.483072
30.7,30.69,-0.70617,-0.706473,0.037122,0.038018,-0.488648,-0.488641
30.48,30.49,-0.705687,-0.706865,0.036108,0.036717,-0.487153,-0.488459
28.67,28.66,-0.073092,-0.0726,-0.751381,-0.751384,-0.542169,-0.541763
28.91,28.91,0.323094,0.323401,-0.68866,-0.68895,-0.529502,-0.530103
30.61,30.62,-0.707151,-0.70647,0.039635,0.038622,-0.490632,-0.489135
30.49,30.49,-0.706649,-0.707368,0.036134,0.037009,-0.489665,-0.487959
30.52,30.53,-0.619557,-0.618756,0.130547,0.129054,-0.557462,-0.557472
29.23,29.23,0.400298,0.400277,-0.619814,-0.619133,-0.547585,-0.546176
28.64,28.64,-0.079538,-0.079558,-0.714792,-0.713207,-0.517267,-0.516348
28.94,28.94,0.296291,0.296576,-0.639653,-0.640066,-0.548714,-0.547514
30.63,30.62,-0.70766,-0.707061,0.038618,0.038725,-0.489145,-0.489539
28.92,28.92,-0.393435,-0.386398,-0.822574,-0.828779,0.350313,0.320652
29.2,29.21,0.401788,0.402164,-0.619304,-0.618822,-0.548068,-0.546557
28.2,28.19,0.220146,0.219264,0.55126,0.551467,-0.557924,-0.558831
29.8,29.78,-0.706484,-0.705803,0.087954,0.087742,-0.48507,-0.483864
30.57,30.59,-0.704708,-0.707264,0.0361,0.037716,-0.486143,-0.488651
30.46,30.48,-0.621569,-0.620865,0.128004,0.129621,-0.554002,-0.55548
30.64,30.63,-0.704684,-0.706868,0.039632,0.039021,-0.489609,-0.489234
30.37,30.34,-0.713576,-0.7038,0.038127,0.042636,-0.491707,-0.490268
28.52,28.49,0.143662,0.142275,-0.662215,-0.663523,-0.546288,-0.545814
30.1,30.1,-0.704508,-0.706014,0.086952,0.08763,-0.484062,-0.482866
30.52,30.49,-0.706184,-0.707175,0.038612,0.037506,-0.488131,-0.487751
30.28,30.3,-0.714364,-0.720011,0.07494,0.072917,-0.483783,-0.483354
30.43,30.45,-0.63939,-0.623245,0.126459,0.129111,-0.555677,-0.555306
30.54,30.54,-0.706188,-0.70657,0.038107,0.037317,-0.487636,-0.488449
28.98,28.98,0.674628,0.676624,-0.48672,-0.487402,-0.494108,-0.4948
30.21,30.22,-0.692305,-0.707644,0.045681,0.043247,-0.490935,-0.492499
28.62,28.63,-0.078777,-0.076988,-0.731074,-0.731965,-0.53197,-0.531965
30.7,30.69,-0.716532,-0.716939,0.033621,0.03371,-0.491282,-0.490484
30.49,30.47,-0.620093,-0.620061,0.129001,0.129434,-0.553477,-0.556276
29.77,29.75,-0.70552,-0.706501,0.088432,0.088036,-0.483053,-0.483667
28.89,28.89,0.587356,0.459072,-0.605392,-0.639056,-0.441615,-0.479174
29.21,29.21,0.399288,0.399678,-0.619836,-0.619741,-0.546092,-0.545587
28.53,24.11,0.012585,-0.428452,-0.424226,-1.451859,-0.636392,-0.910015
30.51,30.49,-0.620048,-0.620351,0.128544,0.12944,-0.556988,-0.55688
30.51,30.51,-0.603715,-0.603317,0.132589,0.133896,-0.556299,-0.556982
30.63,30.61,-0.706665,-0.710028,0.039126,0.03852,-0.489632,-0.490069
30.48,30.48,-0.706197,-0.707571,0.037596,0.036904,-0.486639,-0.487561
28.67,28.66,-0.073156,-0.073582,-0.748437,-0.74576,-0.538129,-0.5369
29.21,29.21,0.399273,0.399161,-0.619349,-0.618761,-0.545085,-0.544278
29.62,29.66,-0.706505,-0.706002,0.088434,0.08734,-0.483562,-0.48367
30.73,30.71,-0.689828,-0.703598,0.041677,0.039733,-0.488956,-0.489298
25.53,25.67,-3.771987,-1.629307,-7.180863,-1.188681,4.360653,1.830953
30.39,30.4,-0.638423,-0.609228,0.126439,0.131507,-0.553665,-0.55095
29.5,29.49,-0.706496,-0.706608,0.087942,0.087327,-0.484068,-0.482774
30.49,30.5,-0.71755,-0.709833,0.036099,0.038819,-0.490261,-0.489963
30.37,30.37,-0.705529,-0.705814,0.087921,0.087632,-0.482057,-0.482964
30.49,30.5,-0.619564,-0.620267,0.129538,0.130328,-0.556471,-0.556068
28.61,28.62,-0.077814,-0.077832,-0.717059,-0.719885,-0.53581,-0.533037
30.58,30.59,-0.725478,-0.69381,0.033065,0.043352,-0.489363,-0.48847
30.58,30.61,-0.707173,-0.700228,0.039112,0.039945,-0.488635,-0.489266
30.49,30.5,-0.707171,-0.706672,0.036607,0.036712,-0.487661,-0.487956
30.68,30.68,-0.704163,-0.705168,0.037153,0.037136,-0.490634,-0.489541
30.58,30.6,-0.706663,-0.70647,0.037624,0.03772,-0.489148,-0.488744
29.16,29.18,0.399749,0.400365,-0.617863,-0.619245,-0.544062,-0.545174
29.56,29.57,-0.691152,-0.709382,0.091484,0.086717,-0.483394,-0.482705
30.4,30.42,-0.706153,-0.705664,0.040648,0.040844,-0.491614,-0.491106
30.49,30.5,-0.709677,-0.714588,0.038076,0.036699,-0.486164,-0.489428
30.51,30.48,-0.706209,-0.706676,0.037584,0.036909,-0.485638,-0.487754
30.43,30.44,-0.705179,-0.70537,0.040634,0.041242,-0.490103,-0.490999
28.67,28.66,-0.076791,-0.076695,-0.730562,-0.731267,-0.532448,-0.531854
30.49,30.49,-0.707181,-0.707079,0.036096,0.036902,-0.486665,-0.487256
30.4,30.4,-0.620571,-0.622163,0.128014,0.129407,-0.554494,-0.554692
29.66,29.64,-0.705998,-0.700375,0.086442,0.089041,-0.48358,-0.4823
28.91,28.91,0.311958,0.305819,-0.656348,-0.65245,-0.565797,-0.560096
30.04,30.06,-0.703201,-0.702502,0.048158,0.047664,-0.493006,-0.493205
30.25,30.29,-0.704538,-0.705716,0.086922,0.086929,-0.481559,-0.482571
30.49,30.47,-0.621561,-0.620962,0.13102,0.12872,-0.555971,-0.555291
28.67,28.65,-0.072098,-0.073186,-0.752879,-0.753082,-0.541676,-0.541788
30.49,30.47,-0.70617,-0.706474,0.037122,0.037114,-0.488648,-0.48815
28.53,28.52,0.146552,0.147342,-0.939614,-0.938411,-0.58096,-0.58124
29.2,29.19,0.402231,0.399667,-0.617349,-0.61915,-0.544536,-0.544979
28.65,28.65,-0.078772,-0.07868,-0.732071,-0.732279,-0.531981,-0.531282
29.21,29.21,0.400785,0.399879,-0.61932,-0.619438,-0.547075,-0.545882
30.63,30.65,-0.706647,-0.706759,0.039144,0.03883,-0.491134,-0.489936
30.49,30.5,-0.707176,-0.706874,0.038608,0.037811,-0.488139,-0.488145
30.48,30.46,-0.706176,-0.707257,0.038119,0.03682,-0.488637,-0.488861
29.48,29.5,-0.705511,-0.706097,0.08794,0.087444,-0.483559,-0.484071
30.42,30.37,-0.72379,-0.721412,0.080414,0.08012,-0.485806,-0.485489
30.69,30.7,-0.699214,-0.706541,0.037664,0.036544,-0.490084,-0.490561
29.79,29.77,-0.706007,-0.705625,0.086934,0.088024,-0.483074,-0.482357
29.16,29.18,0.399787,0.399563,-0.61933,-0.618554,-0.546583,-0.544773
30.34,30.36,-0.701761,-0.689762,0.04561,0.048163,-0.488013,-0.489082
28.36,28.36,0.141522,0.141828,-0.934189,-0.933878,-0.577436,-0.578332
28.64,28.67,0.142165,0.14288,-0.662731,-0.664815,-0.545305,-0.546024
30.68,30.65,-0.605767,-0.619988,0.128502,0.125698,-0.54885,-0.552511
30.69,30.66,-0.707164,-0.706076,0.037616,0.03822,-0.488651,-0.488735
29.07,29.07,0.392666,0.39218,-0.6075,-0.607492,-0.536994,-0.5378
29.07,29.07,0.407306,0.406915,-0.624235,-0.624131,-0.551081,-0.551584
28.65,28.65,-0.079273,-0.078582,-0.731076,-0.732079,-0.531975,-0.531279
30.34,30.34,-0.716558,-0.708736,0.037106,0.040934,-0.490742,-0.491332
30.09,30.07,-0.704525,-0.705319,0.087937,0.088235,-0.483049,-0.483153
30.09,30.11,-0.705019,-0.705904,0.087437,0.08734,-0.483059,-0.483569
30.51,30.5,-0.715555,-0.706459,0.035115,0.039235,-0.490756,-0.49033
30.37,30.39,-0.607225,-0.629104,0.131032,0.12888,-0.55234,-0.554558
30.64,30.63,-0.705174,-0.707065,0.039636,0.037817,-0.490114,-0.488748
28.76,28.76,0.142176,0.142565,-0.664726,-0.663729,-0.545328,-0.545113
30.58,30.57,-0.706674,-0.706858,0.038616,0.037325,-0.488636,-0.489253
30.55,30.53,-0.619564,-0.619357,0.129538,0.128845,-0.556471,-0.556878
29.63,29.66,-0.722314,-0.699787,0.081411,0.089739,-0.485282,-0.482087
30.36,30.37,-0.720001,-0.716239,0.036619,0.03773,-0.492781,-0.492736
30.7,30.71,-0.706161,-0.70766,0.037632,0.038417,-0.489644,-0.489047
27.11,27.12,0.246336,0.24534,-0.649738,-0.649946,-0.5137,-0.51331
30.51,30.48,-0.706165,-0.705379,0.040636,0.040632,-0.490612,-0.490004
30.09,30.1,-0.702214,-0.702198,0.050162,0.047973,-0.493475,-0.4939
30.04,30.08,-0.702212,-0.701999,0.049664,0.048776,-0.493481,-0.49429
30.49,30.48,-0.709127,-0.707078,0.036125,0.037203,-0.489687,-0.487453
29.21,29.2,0.399767,0.400182,-0.617846,-0.619029,-0.545564,-0.546576
25.32,25.37,-0.073031,1.928207,-8.099411,-8.721188,4.111403,4.488888
29.77,29.77,-0.705526,-0.706494,0.088426,0.087342,-0.482552,-0.483975
28.94,28.93,0.282075,0.292526,-0.621985,-0.634446,-0.529103,-0.543178
29.72,29.7,-0.704517,-0.705704,0.087445,0.086941,-0.483556,-0.483572
29.63,29.61,-0.705024,-0.706002,0.088434,0.087241,-0.483048,-0.483672
30.7,30.7,-0.724947,-0.715868,0.031096,0.035099,-0.491384,-0.489456
29.07,29.07,0.405753,0.405279,-0.617787,-0.618068,-0.548517,-0.550227
28.23,28.24,0.21914,0.218363,0.551743,0.550652,-0.556926,-0.557746
30.51,30.5,-0.621547,-0.619673,0.12953,0.13023,-0.556489,-0.555964
28.64,28.66,-0.071019,-0.071222,-0.75981,-0.760517,-0.545752,-0.545061
30.52,30.57,-0.719991,-0.715554,0.03362,0.035717,-0.492314,-0.49105
30.63,30.63,-0.62551,-0.622653,0.123501,0.125299,-0.554087,-0.55334
30.73,30.71,-0.690843,-0.693791,0.043656,0.041866,-0.48794,-0.489389
29.51,29.51,-0.705491,-0.71857,0.085452,0.084108,-0.484088,-0.484417
30.64,30.63,-0.705656,-0.706866,0.038144,0.039424,-0.490636,-0.48953
29.2,29.21,0.399267,0.398877,-0.619355,-0.61915,-0.544584,-0.545186
30.46,30.47,-0.705669,-0.705867,0.040638,0.040136,-0.490608,-0.490415
30.07,30.08,-0.702188,-0.702293,0.048684,0.048177,-0.494994,-0.494299
30.54,30.52,-0.620567,-0.620267,0.130525,0.128523,-0.555968,-0.555287
30.7,30.72,-0.688841,-0.691229,0.043681,0.042662,-0.489425,-0.488355
25.59,24.52,-1.694519,0.431362,-0.996966,1.129183,0.753767,0.170719
30.39,30.37,-0.619617,-0.628598,0.130487,0.12849,-0.552454,-0.555159
29.54,29.53,-0.70701,-0.70611,0.087922,0.088334,-0.48257,-0.483359
30.69,30.67,-0.707646,-0.709436,0.036124,0.037417,-0.489173,-0.489374
28.76,28.76,0.141682,0.142984,-0.662721,-0.664408,-0.546311,-0.546619
28.65,28.66,-0.07537,-0.074383,-0.730622,-0.730623,-0.526927,-0.526517
30.42,30.42,-0.622553,-0.622562,0.130013,0.128902,-0.55549,-0.554301
30.61,30.61,-0.708168,-0.702911,0.038604,0.040129,-0.488148,-0.488886
30.07,30.06,-0.704166,-0.702881,0.046676,0.047078,-0.494533,-0.494417
30.64,30.63,-0.706147,-0.70745,0.039651,0.03843,-0.491625,-0.490047
30.52,30.56,-0.708641,-0.707363,0.036619,0.036914,-0.489177,-0.488361
30.48,30.47,-0.70716,-0.705775,0.040128,0.039829,-0.490125,-0.489716
30.48,30.49,-0.706661,-0.70747,0.036122,0.036805,-0.488664,-0.487661
30.12,30.12,-0.7065,-0.705805,0.086434,0.087139,-0.483084,-0.48347
29.8,29.78,-0.707515,-0.706313,0.088413,0.087928,-0.482069,-0.482865
30.7,30.71,-0.707648,-0.707554,0.03863,0.037722,-0.490147,-0.489254
29.79,29.78,-0.706512,-0.705903,0.087425,0.088043,-0.482572,-0.483962
30.52,30.51,-0.618073,-0.618063,0.130048,0.129556,-0.556953,-0.55756
28.65,28.65,-0.078281,-0.077982,-0.731072,-0.732372,-0.531966,-0.531577
30.48,30.48,-0.706669,-0.706879,0.037618,0.037104,-0.488647,-0.487452
29.68,29.69,-0.707014,-0.706595,0.087417,0.08744,-0.482075,-0.483874
30.49,30.48,-0.689373,-0.699451,0.044647,0.042238,-0.486915,-0.488933
30.52,30.53,-0.618056,-0.617969,0.128059,0.130254,-0.557477,-0.557451
28.61,28.61,-0.072845,-0.072555,-0.723547,-0.724155,-0.533837,-0.53294
30.49,30.49,-0.705679,-0.705396,0.040127,0.041116,-0.489612,-0.488797
30.46,30.49,-0.614094,-0.614075,0.132081,0.132,-0.558899,-0.560403
30.42,30.42,-0.705206,-0.705475,0.041109,0.040635,-0.488094,-0.490306
30.54,30.5,-0.710124,-0.709403,0.038122,0.036646,-0.490174,-0.491687
30.54,30.51,-0.621039,-0.620461,0.129544,0.128526,-0.557486,-0.555589
28.48,28.49,0.143175,0.142281,-0.663713,-0.663016,-0.546309,-0.54651
30.19,30.2,-0.703178,-0.703607,0.046175,0.045942,-0.494029,-0.491331
29.12,29.11,0.398751,0.39907,-0.617873,-0.618854,-0.54357,-0.544881
30.51,30.49,-0.706659,-0.704977,0.039132,0.040438,-0.490133,-0.490404
30.49,30.5,-0.712647,-0.703697,0.039573,0.039933,-0.487174,-0.489397
30.25,30.29,-0.69038,-0.695174,0.049642,0.046579,-0.487868,-0.491851
30.49,30.49,-0.705687,-0.705075,0.041623,0.040639,-0.489595,-0.490502
30.61,30.6,-0.707646,-0.707347,0.036124,0.037029,-0.489173,-0.489661
30.49,30.48,-0.707168,-0.707262,0.037112,0.036915,-0.488156,-0.48846
30.64,30.63,-0.707176,-0.707453,0.038608,0.038828,-0.488139,-0.489942
30.4,30.42,-0.706168,-0.70548,0.040132,0.041432,-0.490117,-0.490196
30.46,30.47,-0.707176,-0.707275,0.038608,0.037504,-0.488139,-0.487652
30.4,30.39,-0.703185,-0.708235,0.040653,0.04034,-0.491087,-0.491535
30.7,30.7,-0.704664,-0.700013,0.038148,0.03966,-0.490627,-0.49047
30.45,30.46,-0.639871,-0.630472,0.126974,0.128192,-0.557178,-0.55588
28.62,28.62,-0.079584,-0.080093,-0.715338,-0.713749,-0.513267,-0.512852
30.28,30.29,-0.705642,-0.700849,0.040163,0.045632,-0.492616,-0.489608
30.36,30.36,-0.722988,-0.72034,0.036596,0.03778,-0.491806,-0.489866
30.16,30.17,-0.704201,-0.703297,0.045138,0.046054,-0.491045,-0.492329
30.33,30.33,-0.721512,-0.714895,0.037592,0.040098,-0.49128,-0.490093
28.62,28.63,-0.077766,-0.077095,-0.732554,-0.731773,-0.53298,-0.531363
30.48,30.47,-0.706176,-0.707475,0.037116,0.037401,-0.488147,-0.487454
30.6,30.6,-0.704735,-0.703225,0.041087,0.040914,-0.486086,-0.487878
28.53,28.52,-0.128296,-0.132499,0.680925,0.666228,-0.585027,-0.583627
30.7,30.71,-0.692343,-0.691032,0.042635,0.042761,-0.486462,-0.488252
29.57,29.57,-0.71787,-0.700474,0.082413,0.089744,-0.48423,-0.482694
28.62,28.62,-0.076825,-0.077512,-0.736612,-0.736307,-0.527007,-0.527711
29.13,29.13,0.42141,0.421832,-0.630481,-0.634366,-0.566556,-0.566898
28.43,28.42,0.135563,0.136183,-0.934722,-0.933591,-0.576492,-0.579079
30.16,30.15,-0.704187,-0.703297,0.047157,0.046255,-0.493025,-0.492427
30.49,30.5,-0.707147,-0.707559,0.036631,0.037115,-0.489664,-0.48856
30.45,30.47,-0.706205,-0.705094,0.039092,0.04022,-0.486623,-0.488804
29.8,29.79,-0.707485,-0.706114,0.087439,0.08823,-0.484083,-0.48306
29.75,29.77,-0.706511,-0.705617,0.089432,0.087029,-0.483551,-0.482569
30.12,30.13,-0.705503,-0.699574,0.086443,0.088952,-0.483576,-0.482895
30.49,30.51,-0.690351,-0.69905,0.045659,0.041241,-0.488414,-0.48884
29.09,29.1,0.392177,0.394395,-0.612008,-0.612867,-0.535547,-0.538142
30.7,30.71,-0.707179,-0.706274,0.038103,0.038219,-0.487644,-0.488737
30.39,30.38,-0.705189,-0.707154,0.040123,0.041237,-0.489107,-0.491115
30.64,30.66,-0.705695,-0.706874,0.038607,0.039015,-0.487626,-0.488733
30.51,30.5,-0.690872,-0.699247,0.044629,0.041341,-0.485926,-0.488941
30.58,30.57,-0.624044,-0.624348,0.123987,0.124883,-0.552566,-0.552458
30.31,30.34,-0.724487,-0.708835,0.037581,0.041335,-0.491306,-0.491529
29.83,29.81,-0.706001,-0.706612,0.08694,0.087825,-0.483575,-0.482668
30.48,30.48,-0.613099,-0.614167,0.13259,0.132307,-0.559386,-0.561101
30.54,30.58,-0.620069,-0.619254,0.129025,0.129149,-0.55548,-0.557274
30.31,30.33,-0.723475,-0.710422,0.036101,0.040326,-0.492316,-0.491053
30.7,30.7,-0.621087,-0.631592,0.124984,0.125351,-0.551527,-0.552215
30.33,30.33,-0.719018,-0.717059,0.038118,0.038402,-0.492756,-0.490832
30.49,30.5,-0.620567,-0.619772,0.130525,0.130128,-0.555968,-0.555865
30.31,30.3,-0.686886,-0.705674,0.047673,0.042338,-0.488862,-0.490989
30.37,30.41,-0.706652,-0.70548,0.040142,0.042034,-0.491122,-0.49049
30.6,30.63,-0.705679,-0.706865,0.039124,0.039023,-0.489122,-0.489434
29.95,29.92,-0.689685,-0.70186,0.092974,0.087935,-0.482363,-0.482024
30.42,30.41,-0.706174,-0.705378,0.041129,0.041134,-0.490106,-0.490299
29.91,29.89,-0.708445,-0.715026,0.08496,0.085601,-0.485622,-0.482967
30.58,30.57,-0.611583,-0.611225,0.129615,0.131183,-0.560408,-0.557883
30.22,30.22,-0.690642,-0.710369,0.089996,0.085715,-0.483907,-0.482624
28.53,28.53,0.143195,0.142984,-0.665197,-0.66481,-0.547328,-0.546423
29.56,29.57,-0.723313,-0.710368,0.083907,0.086519,-0.485763,-0.483117
28.55,28.54,0.147559,0.14705,-0.939094,-0.938306,-0.582448,-0.581743
28.67,28.66,-0.078768,-0.076888,-0.730563,-0.730961,-0.532966,-0.532453
30.46,30.45,-0.62057,-0.621659,0.129017,0.129115,-0.554983,-0.555192
30.31,30.29,-0.688869,-0.692936,0.048668,0.047949,-0.489369,-0.488912
29.54,29.51,-0.706999,-0.70561,0.086931,0.087438,-0.483083,-0.483365
30.49,30.49,-0.707179,-0.706677,0.038103,0.037209,-0.487644,-0.48775
30.51,30.51,-0.707664,-0.707073,0.036106,0.037008,-0.487671,-0.487756
30.46,30.5,-0.68983,-0.703396,0.044182,0.039636,-0.489929,-0.489497
30.6,30.61,-0.691314,-0.700138,0.043678,0.04174,-0.489948,-0.489245
30.64,30.68,-0.718526,-0.704081,0.0321,0.037838,-0.489814,-0.489524
29.74,29.75,-0.705018,-0.705802,0.08844,0.087543,-0.483549,-0.483867
29.72,29.69,-0.685707,-0.703532,0.093001,0.088444,-0.48333,-0.483436
30.46,30.46,-0.706672,-0.707069,0.037114,0.037011,-0.488152,-0.488056
30.39,30.38,-0.705672,-0.707347,0.04214,0.040439,-0.491091,-0.491226
30.64,30.65,-0.707678,-0.706768,0.0386,0.038721,-0.487643,-0.489136
30.05,30.09,-0.703703,-0.703396,0.047147,0.046857,-0.492019,-0.492721
29.15,29.15,0.400773,0.401671,-0.618329,-0.618621,-0.546563,-0.546859
30.24,30.24,-0.705037,-0.711936,0.087419,0.085127,-0.481557,-0.484047
30.45,30.43,-0.607192,-0.610868,0.131567,0.129841,-0.555339,-0.553988
29.62,29.59,-0.705984,-0.706015,0.085955,0.087629,-0.484587,-0.482765
28.68,28.68,-0.075325,-0.076305,-0.730076,-0.729868,-0.530927,-0.531935
30.63,30.66,-0.707671,-0.707067,0.039609,0.038719,-0.488633,-0.489039
28.5,28.5,0.08052,0.081051,-0.874745,-0.875511,-0.520694,-0.523202
30.52,30.5,-0.621544,-0.618581,0.129032,0.129633,-0.556494,-0.55576
29.2,29.19,0.400256,0.399569,-0.618853,-0.618648,-0.54457,-0.545275
30.43,30.4,-0.70615,-0.70587,0.041153,0.040736,-0.492109,-0.490508
30.51,30.53,-0.626436,-0.620911,0.128075,0.130275,-0.561556,-0.560181
30.49,30.48,-0.704675,-0.705481,0.040143,0.040428,-0.490604,-0.489707
30.39,30.4,-0.706152,-0.705565,0.041652,0.041245,-0.492103,-0.491301
30.58,30.6,-0.706651,-0.707265,0.036633,0.037414,-0.48966,-0.488454
22.24,22.24,-0.455146,-0.455552,0.09035,0.089939,-0.563501,-0.562608
30.49,30.47,-0.704207,-0.705589,0.039616,0.039717,-0.488102,-0.488614
30.4,30.39,-0.606198,-0.627118,0.131072,0.127786,-0.555336,-0.554253
28.24,28.25,0.214688,0.215504,0.547725,0.546848,-0.556008,-0.557514
30.57,30.57,-0.618142,-0.640467,0.125969,0.122157,-0.549487,-0.554933
30.33,30.35,-0.691812,-0.691229,0.046182,0.046973,-0.490925,-0.49021
30.69,30.7,-0.706666,-0.707172,0.03712,0.03781,-0.488653,-0.488148
30.14,30.16,-0.70268,-0.703787,0.045678,0.045959,-0.494031,-0.492835
28.53,28.5,0.138096,0.139272,-0.934659,-0.93537,-0.580977,-0.579473
30.51,30.51,-0.610145,-0.613012,0.133082,0.131274,-0.557852,-0.557797
30.63,30.65,-0.706661,-0.706764,0.039631,0.037722,-0.490127,-0.489047
30.13,30.12,-0.705009,-0.70441,0.087947,0.088255,-0.484055,-0.484548
29.48,29.5,-0.706529,-0.701245,0.08841,0.087657,-0.481559,-0.483626
30.52,30.52,-0.596759,-0.62813,0.132128,0.129164,-0.557245,-0.561358
30.36,30.37,-0.621557,-0.618233,0.128016,0.130288,-0.555003,-0.552043
30.51,30.51,-0.696234,-0.696949,0.04119,0.041368,-0.492022,-0.490423
30.49,30.5,-0.618569,-0.619454,0.130046,0.129748,-0.556958,-0.557369
29.56,29.57,-0.706001,-0.706202,0.087944,0.087238,-0.484064,-0.483473
30.52,30.5,-0.696307,-0.695496,0.04563,0.043244,-0.487965,-0.488386
29.74,29.73,-0.70552,-0.705712,0.088432,0.087736,-0.483053,-0.483263
29.63,29.64,-0.705018,-0.703343,0.08844,0.088336,-0.483549,-0.482634
30.37,30.37,-0.704984,-0.715306,0.084462,0.08311,-0.484596,-0.483298
30.33,30.33,-0.714627,-0.711221,0.04007,0.040919,-0.487686,-0.490853
30.58,30.58,-0.707155,-0.707073,0.038127,0.037308,-0.489647,-0.487853
30.52,30.54,-0.62355,-0.623755,0.125491,0.125284,-0.553046,-0.552449
28.61,28.61,-0.07435,-0.074436,-0.723571,-0.723658,-0.532347,-0.533452
28.88,28.89,0.285125,0.29495,-0.626913,-0.637903,-0.533139,-0.5453
30.64,30.68,-0.712093,-0.7119,0.036624,0.035316,-0.490709,-0.48972
30.68,30.63,-0.707166,-0.706167,0.040122,0.038829,-0.489625,-0.489631
30.13,30.13,-0.703703,-0.702904,0.047147,0.046354,-0.492019,-0.492222
29.15,29.16,0.415864,0.412266,-0.629089,-0.628929,-0.559577,-0.557402
28.91,28.91,0.325096,0.3243,-0.692143,-0.690143,-0.529524,-0.530209
29.21,29.2,0.399259,0.398572,-0.617859,-0.618657,-0.544567,-0.544783
29.74,29.75,-0.705509,-0.705918,0.086437,0.088028,-0.483075,-0.48276
30.61,30.65,-0.706639,-0.707261,0.036645,0.037519,-0.490661,-0.488854
29.65,29.7,-0.697628,-0.713216,0.09143,0.085433,-0.480947,-0.484957
30.48,30.48,-0.620073,-0.620771,0.127517,0.129415,-0.554495,-0.554981
30.19,30.19,-0.703193,-0.699045,0.046662,0.046962,-0.493022,-0.491781
30.39,30.38,-0.705042,-0.706017,0.088416,0.087626,-0.481546,-0.482565
29.54,29.54,-0.706034,-0.709675,0.088412,0.087122,-0.481555,-0.483304
28.76,28.76,0.1432,0.14238,-0.667198,-0.66452,-0.546849,-0.545824
29.84,29.84,-0.706013,-0.705895,0.087932,0.08785,-0.483063,-0.484565
29.81,29.79,-0.7065,-0.705809,0.087437,0.087637,-0.483573,-0.483365
30.61,30.62,-0.707164,-0.706768,0.037616,0.036815,-0.488651,-0.488256
30.57,30.58,-0.695313,-0.715178,0.044132,0.036601,-0.487473,-0.489734
30.45,30.44,-0.621081,-0.62255,0.130505,0.128111,-0.55447,-0.554911
28.36,28.3,-0.568857,-0.509243,-0.412192,-0.406651,-0.451974,-0.512801
30.63,30.61,-0.70616,-0.706373,0.038635,0.039322,-0.490134,-0.489226
30.57,30.59,-0.707156,-0.707072,0.037124,0.037009,-0.489158,-0.487856
30.49,30.48,-0.708655,-0.707358,0.037106,0.037219,-0.488169,-0.488858
30.33,30.34,-0.705535,-0.708671,0.086912,0.08453,-0.481067,-0.483124
30.34,30.36,-0.622106,-0.623364,0.129967,0.12879,-0.55148,-0.553508
30.51,30.5,-0.719531,-0.710529,0.03459,0.038613,-0.489795,-0.489671
30.7,30.71,-0.708145,-0.704393,0.035618,0.038725,-0.488683,-0.488715
30.61,30.64,-0.705671,-0.706669,0.038631,0.038821,-0.489629,-0.489134
29.81,29.79,-0.706497,-0.706004,0.086938,0.087739,-0.483579,-0.483666
30.37,30.38,-0.706183,-0.70637,0.041622,0.041431,-0.489599,-0.490404
30.7,30.7,-0.715059,-0.714552,0.035117,0.034227,-0.490752,-0.491258
30.21,30.22,-0.722834,-0.711556,0.081385,0.086416,-0.483283,-0.483228
28.56,28.55,0.143157,0.142679,-0.662727,-0.663915,-0.545296,-0.546216
30.69,30.7,-0.705677,-0.707269,0.038625,0.03751,-0.489128,-0.488153
26.6,25.09,-0.010435,-0.809259,0.677737,0.794645,-0.530445,0.319841
30.13,30.13,-0.703198,-0.703791,0.047659,0.046256,-0.493011,-0.492631
29.21,29.21,0.399766,0.399376,-0.619852,-0.618844,-0.544585,-0.545579
28.56,28.48,-0.283692,-0.30405,-0.770089,-0.75574,-0.463068,-0.417902
30.36,30.35,-0.706541,-0.706908,0.088398,0.086722,-0.480558,-0.482283
29.69,29.69,-0.720858,-0.715223,0.084896,0.0852,-0.484228,-0.482873
29.77,29.73,-0.706494,-0.706602,0.087443,0.087133,-0.484074,-0.483177
28.97,28.97,0.474521,0.475315,-0.556052,-0.554645,-0.726535,-0.727213
30.49,30.48,-0.621037,-0.620363,0.128042,0.128927,-0.557002,-0.555684
30.63,30.63,-0.705679,-0.706865,0.040127,0.039424,-0.489612,-0.48963
30.18,30.17,-0.703725,-0.703393,0.046624,0.045356,-0.490022,-0.492338
30.72,30.71,-0.689331,-0.69094,0.043685,0.043056,-0.48993,-0.487847
30.45,30.43,-0.622061,-0.618102,0.12951,0.129818,-0.554991,-0.554452
30.43,30.41,-0.603785,-0.619599,0.132019,0.129903,-0.550296,-0.553663
28.64,28.65,-0.075301,-0.0756,-0.731055,-0.730355,-0.532441,-0.532636
30.24,30.22,-0.702545,-0.695535,0.088443,0.090345,-0.483027,-0.481341
29.81,29.8,-0.7065,-0.706614,0.087437,0.087923,-0.483573,-0.482567
30.69,30.67,-0.719012,-0.715054,0.032609,0.033818,-0.490814,-0.490566
29.57,29.58,-0.690198,-0.714715,0.094961,0.085616,-0.481844,-0.484066
30.66,30.64,-0.70669,-0.706762,0.038099,0.038626,-0.487139,-0.489538
30.55,30.58,-0.706642,-0.707358,0.037143,0.036718,-0.490656,-0.488663
30.3,30.29,-0.691828,-0.701435,0.048171,0.044937,-0.490402,-0.490021
29.53,29.53,-0.707013,-0.705914,0.08842,0.08743,-0.482565,-0.482767
30.46,30.46,-0.704696,-0.706275,0.03962,0.039723,-0.488607,-0.489321
30.66,30.64,-0.707161,-0.707062,0.038121,0.037018,-0.489146,-0.488657
30.61,30.64,-0.707639,-0.70698,0.038137,0.038807,-0.490653,-0.488035
29.21,29.21,0.401259,0.40166,-0.619841,-0.618532,-0.545073,-0.545957
29.81,29.79,-0.706517,-0.705899,0.088422,0.087746,-0.482561,-0.484166
30.7,30.69,-0.696276,-0.697751,0.042151,0.040554,-0.489006,-0.489338
30.52,30.54,-0.706687,-0.706867,0.0376,0.037417,-0.487145,-0.488551
30.51,30.49,-0.707658,-0.707268,0.037116,0.036909,-0.488661,-0.487959
30.48,30.48,-0.620556,-0.619972,0.12853,0.129524,-0.55599,-0.555473
30.51,30.5,-0.620059,-0.620149,0.130539,0.128943,-0.556965,-0.556984
30.6,30.62,-0.707651,-0.70707,0.038125,0.037312,-0.489651,-0.488153
30.55,30.54,-0.606641,-0.626874,0.128114,0.129337,-0.558379,-0.558741
30.48,30.49,-0.690348,-0.703905,0.046163,0.040724,-0.488909,-0.488889
30.54,30.54,-0.604167,-0.624604,0.130124,0.130237,-0.558835,-0.55821
29.92,29.93,-0.694178,-0.703747,0.092927,0.088727,-0.479898,-0.482132
30.72,30.72,-0.691332,-0.692323,0.04366,0.042855,-0.488445,-0.488163
29.0,29.01,0.671095,0.67131,-0.486294,-0.484973,-0.489125,-0.491112
30.45,30.46,-0.62107,-0.620764,0.12851,0.129322,-0.554492,-0.555482
29.53,29.51,-0.705998,-0.706705,0.086442,0.087731,-0.48358,-0.483171
30.45,30.44,-0.620096,-0.621573,0.128496,0.130106,-0.552981,-0.554579
30.68,30.69,-0.60574,-0.632881,0.128028,0.125145,-0.550858,-0.552129
30.33,30.33,-0.693606,-0.704829,0.088993,0.085223,-0.484445,-0.48138
29.81,29.81,-0.705493,-0.706206,0.086954,0.087735,-0.484572,-0.483367
30.6,30.64,-0.707175,-0.70707,0.039611,0.039518,-0.488629,-0.48913
30.54,30.52,-0.695254,-0.706261,0.042185,0.039234,-0.491502,-0.490228
29.92,29.93,-0.700101,-0.700573,0.091427,0.089442,-0.481469,-0.482497
30.61,30.64,-0.707138,-0.706478,0.037142,0.038514,-0.49066,-0.488435
30.7,30.71,-0.706173,-0.707171,0.03762,0.03771,-0.488643,-0.48815
30.66,30.65,-0.707181,-0.706673,0.040609,0.038416,-0.488618,-0.488638
29.77,29.74,-0.707982,-0.706405,0.085431,0.087333,-0.483108,-0.483173
30.6,30.59,-0.708658,-0.707358,0.037605,0.03732,-0.488163,-0.488957
30.49,30.48,-0.704179,-0.705377,0.040145,0.040734,-0.4906,-0.490204
30.64,30.65,-0.708651,-0.704095,0.038614,0.038927,-0.489154,-0.48881
30.72,30.71,-0.706657,-0.704289,0.036627,0.039131,-0.489159,-0.48931
30.3,30.29,-0.704712,-0.709062,0.044619,0.04281,-0.489552,-0.489811
30.72,30.72,-0.691339,-0.69431,0.042651,0.04124,-0.487455,-0.487196
29.23,29.22,0.400767,0.400056,-0.619338,-0.619157,-0.545573,-0.544274
30.46,30.45,-0.621592,-0.622058,0.129987,0.129012,-0.552978,-0.554996
30.46,30.45,-0.600777,-0.628602,0.131561,0.128786,-0.552779,-0.554955
28.5,28.49,0.13858,0.138385,-0.934669,-0.934666,-0.579972,-0.580274
29.95,29.91,-0.695182,-0.702436,0.090905,0.088453,-0.477926,-0.483827
29.63,29.65,-0.705514,-0.704918,0.087435,0.088641,-0.483064,-0.483646
30.7,30.7,-0.717542,-0.716551,0.0336,0.034204,-0.489789,-0.489974
30.46,30.5,-0.690352,-0.717043,0.044655,0.035209,-0.487925,-0.490768
30.58,30.6,-0.709144,-0.707561,0.038114,0.037414,-0.489164,-0.488557
30.51,30.5,-0.717518,-0.711417,0.033624,0.038313,-0.491792,-0.489883
26.93,26.89,9.289431,9.950975,6.215305,6.189088,-6.427529,-7.642219
30.58,30.59,-0.706161,-0.706486,0.036629,0.038406,-0.489155,-0.487735
29.12,29.13,0.400784,0.400376,-0.620323,-0.619434,-0.546585,-0.545978
30.51,30.51,-0.689369,-0.697466,0.046155,0.042447,-0.487899,-0.489114
28.24,28.23,0.215727,0.215785,0.551285,0.551947,-0.561468,-0.558355
29.77,29.79,-0.707002,-0.706509,0.087429,0.088029,-0.483077,-0.483066
22.33,22.33,-0.45414,-0.454523,0.085355,0.085366,-0.562547,-0.563652
30.66,30.66,-0.613216,-0.615258,0.128463,0.127592,-0.547913,-0.550846
30.6,30.62,-0.706668,-0.706771,0.039625,0.03962,-0.489626,-0.489226
30.6,30.62,-0.706659,-0.702008,0.039132,0.03904,-0.490133,-0.489292
28.7,28.69,-0.289075,-0.312169,-0.604629,-0.168176,-0.705168,-0.546154
30.14,30.16,-0.703692,-0.703298,0.046155,0.045954,-0.492531,-0.49223
30.72,30.71,-0.70911,-0.709903,0.034136,0.036039,-0.490211,-0.491097
30.57,30.58,-0.605244,-0.624155,0.12803,0.124376,-0.550854,-0.551761
30.25,30.23,-0.705045,-0.71194,0.087911,0.085023,-0.481051,-0.483648
30.21,30.22,-0.723312,-0.706226,0.081401,0.087716,-0.484789,-0.481764
30.49,30.49,-0.70618,-0.70568,0.04012,0.040627,-0.489115,-0.489706
28.61,28.61,-0.073589,-0.074558,-0.754393,-0.754976,-0.540704,-0.542322
28.55,28.55,0.142679,0.142984,-0.663715,-0.663907,-0.546314,-0.546814
30.22,30.21,-0.709611,-0.702008,0.041651,0.045858,-0.493135,-0.49222
30.43,30.41,-0.707165,-0.705664,0.042129,0.041646,-0.490604,-0.491498
30.33,30.3,-0.71305,-0.706647,0.039162,0.04145,-0.494696,-0.492109
30.52,30.53,-0.61755,-0.617563,0.129575,0.130164,-0.558958,-0.55815
29.86,29.86,-0.708457,-0.701153,0.084948,0.088853,-0.48462,-0.483511
30.51,30.49,-0.705666,-0.705287,0.041142,0.040625,-0.491103,-0.489403
30.46,30.44,-0.620594,-0.624323,0.129997,0.127815,-0.55347,-0.555731
30.7,30.71,-0.690867,-0.691236,0.042629,0.042855,-0.485448,-0.487853
30.51,30.51,-0.617548,-0.616244,0.132585,0.1309,-0.560426,-0.560935
30.52,30.54,-0.599748,-0.613402,0.133608,0.130277,-0.556754,-0.557912
30.58,30.56,-0.707179,-0.707164,0.038103,0.037717,-0.487644,-0.488751
29.6,29.58,-0.694646,-0.699981,0.09245,0.089341,-0.481911,-0.482193
30.22,30.21,-0.700149,-0.691198,0.091379,0.091639,-0.477463,-0.479686
30.7,30.72,-0.692313,-0.69073,0.041662,0.042968,-0.488477,-0.488749
29.68,29.66,-0.717355,-0.698478,0.082433,0.089463,-0.485728,-0.483581
29.71,29.71,-0.691191,-0.700671,0.09295,0.090246,-0.480873,-0.48299
28.67,28.67,0.141676,0.142358,-0.661724,-0.663738,-0.5463,-0.544413
30.51,30.52,-0.72054,-0.715295,0.035571,0.036884,-0.488791,-0.48843
29.66,29.67,-0.695169,-0.700675,0.092923,0.089439,-0.479906,-0.482298
29.66,29.68,-0.714885,-0.717574,0.083938,0.083515,-0.485689,-0.484515
28.52,28.52,0.15629,0.156074,-0.883081,-0.8832,-0.550183,-0.548683
30.69,30.7,-0.706176,-0.70717,0.038119,0.037912,-0.488637,-0.488348
30.7,30.7,-0.713582,-0.714947,0.033608,0.034127,-0.489253,-0.491363
30.48,30.48,-0.70815,-0.707462,0.037618,0.037414,-0.489161,-0.488556
30.49,30.48,-0.615049,-0.614268,0.13111,0.131703,-0.561423,-0.560708
30.28,30.31,-0.713904,-0.721399,0.074906,0.072712,-0.480774,-0.483269
30.66,30.66,-0.706669,-0.704301,0.037618,0.039521,-0.488647,-0.488505
30.49,30.47,-0.706676,-0.705786,0.040118,0.041021,-0.48912,-0.489302
30.6,30.58,-0.706654,-0.706875,0.037132,0.03741,-0.489654,-0.48795
30.7,30.7,-0.707164,-0.706472,0.037616,0.037718,-0.488651,-0.488544
29.18,29.17,0.399253,0.398871,-0.618869,-0.619357,-0.543577,-0.544588
30.39,30.39,-0.704214,-0.701619,0.042116,0.043045,-0.488575,-0.490345
30.01,30.03,-0.705019,-0.705509,0.087437,0.087239,-0.483059,-0.483367
28.38,28.38,0.141528,0.141249,-0.933179,-0.934667,-0.578427,-0.579247
30.51,30.5,-0.599727,-0.60121,0.133127,0.133326,-0.558262,-0.558773
30.42,30.39,-0.622559,-0.621971,0.130007,0.128799,-0.55499,-0.553896
29.23,29.22,0.401285,0.402456,-0.61781,-0.618125,-0.548055,-0.546346
30.58,30.62,-0.707181,-0.706859,0.039605,0.038528,-0.488128,-0.48974
30.6,30.63,-0.705694,-0.707063,0.039611,0.038722,-0.488115,-0.489339
30.66,30.68,-0.717028,-0.707536,0.033619,0.037239,-0.491287,-0.490562
29.21,29.21,0.39827,0.399965,-0.618362,-0.618848,-0.544581,-0.545073
30.52,30.49,-0.70667,-0.707076,0.035611,0.037405,-0.487668,-0.487651
28.7,27.7,-0.288531,-0.400513,-0.599063,-0.009545,-0.711612,-0.576179
30.57,30.56,-0.722998,-0.703586,0.034078,0.039544,-0.489831,-0.490201
28.7,24.95,-0.508645,-1.314168,0.610765,-1.014907,-0.428344,0.45574
30.6,30.64,-0.706674,-0.706862,0.039619,0.038525,-0.489125,-0.48944
30.72,30.71,-0.708654,-0.70717,0.039113,0.03731,-0.489148,-0.488054
30.72,30.71,-0.707657,-0.707353,0.038119,0.038227,-0.489151,-0.489748
28.23,28.2,0.218647,0.21926,0.552246,0.552064,-0.557425,-0.558724
30.63,30.61,-0.708165,-0.707068,0.037102,0.037815,-0.487664,-0.488548
30.54,30.52,-0.617092,-0.614874,0.132046,0.130788,-0.556922,-0.559421
30.46,30.45,-0.60276,-0.605232,0.131554,0.131953,-0.552796,-0.553615
30.66,30.68,-0.718501,-0.71436,0.032124,0.034723,-0.491817,-0.49095
30.37,30.35,-0.708478,-0.712131,0.084425,0.083525,-0.482623,-0.483566
30.49,30.47,-0.705198,-0.705866,0.040616,0.040338,-0.4886,-0.490613
30.58,30.58,-0.707704,-0.707174,0.041081,0.039612,-0.486613,-0.488729
29.13,29.12,0.399289,0.399267,-0.618833,-0.618654,-0.546582,-0.544877
30.61,30.62,-0.707161,-0.706479,0.039124,0.039215,-0.489636,-0.488627
30.49,30.5,-0.623548,-0.623747,0.124993,0.125291,-0.553051,-0.55305
30.64,30.65,-0.609692,-0.620299,0.126523,0.125984,-0.551411,-0.551509
29.88,29.86,-0.688183,-0.708466,0.093496,0.086544,-0.483846,-0.484602
30.7,30.72,-0.690348,-0.700233,0.041651,0.039438,-0.486957,-0.48857
30.36,30.38,-0.686894,-0.702905,0.049169,0.042342,-0.488845,-0.490364
29.23,29.23,0.401254,0.400873,-0.618844,-0.619331,-0.545062,-0.546173
30.36,30.35,-0.730235,-0.717289,0.079386,0.082401,-0.485373,-0.483023
29.56,29.57,-0.719866,-0.706803,0.084899,0.08743,-0.484219,-0.483075
30.45,30.44,-0.621057,-0.620882,0.129526,0.129103,-0.555983,-0.553883
26.99,26.7,-0.020523,-0.118996,0.721163,0.679613,-0.494479,-0.337327
30.49,30.47,-0.705706,-0.70589,0.040602,0.040214,-0.487603,-0.488611
22.3,22.31,-0.454634,-0.454337,0.08736,0.087461,-0.56353,-0.563527
30.49,30.5,-0.620044,-0.618881,0.129049,0.129128,-0.557483,-0.555368
30.64,30.62,-0.707161,-0.704691,0.039124,0.040128,-0.489636,-0.489303
30.61,30.63,-0.70666,-0.706571,0.037126,0.036916,-0.489153,-0.488253
30.54,30.52,-0.629446,-0.629739,0.129032,0.129035,-0.559067,-0.55947
29.2,29.2,0.401284,0.400663,-0.619817,-0.619644,-0.547076,-0.545076
30.63,30.62,-0.707149,-0.706765,0.039136,0.038824,-0.490638,-0.489436
30.51,30.48,-0.706656,-0.705181,0.039637,0.040231,-0.490628,-0.489806
30.52,30.52,-0.714604,-0.70482,0.038087,0.041301,-0.488711,-0.487387
29.93,29.93,-0.721316,-0.705686,0.082424,0.085956,-0.486263,-0.484585
30.57,30.58,-0.709657,-0.697991,0.040101,0.043119,-0.488645,-0.487007
30.09,30.1,-0.702712,-0.703083,0.04715,0.046472,-0.492011,-0.493825
30.37,30.38,-0.726454,-0.710999,0.034582,0.038536,-0.491358,-0.49178
30.52,30.52,-0.713635,-0.713021,0.040074,0.03809,-0.487678,-0.488396
28.64,28.64,-0.072349,-0.072245,-0.729061,-0.727953,-0.531391,-0.532279
30.58,30.59,-0.70764,-0.707066,0.03613,0.037114,-0.489674,-0.488355
29.63,29.66,-0.705023,-0.705322,0.089437,0.08743,-0.483538,-0.482562
30.42,30.42,-0.704692,-0.705079,0.042132,0.041337,-0.490081,-0.490494
29.74,29.71,-0.706509,-0.709467,0.086926,0.087232,-0.482578,-0.484102
30.69,30.68,-0.691336,-0.69835,0.042152,0.040848,-0.487461,-0.489139
29.13,29.14,0.399782,0.399281,-0.618332,-0.619643,-0.546571,-0.545589
29.53,29.56,-0.7233,-0.715198,0.081413,0.084423,-0.485791,-0.484585
30.36,30.35,-0.622073,-0.621769,0.128495,0.128102,-0.553499,-0.553902
29.04,29.04,0.417861,0.41836,-0.630572,-0.630668,-0.560077,-0.560274
30.64,30.59,-0.691299,-0.705579,0.043191,0.038624,-0.490955,-0.489027
30.36,30.35,-0.723475,-0.708138,0.036101,0.040839,-0.492316,-0.491528
30.49,30.49,-0.619572,-0.619267,0.13003,0.129738,-0.555965,-0.556466
30.63,30.62,-0.705171,-0.707174,0.039138,0.03901,-0.49012,-0.488435
28.61,28.62,0.143171,0.143386,-0.665221,-0.6644,-0.545325,-0.547116
30.25,30.29,-0.705529,-0.701964,0.087921,0.088833,-0.482057,-0.482016
29.71,29.7,-0.690187,-0.706593,0.092966,0.087542,-0.481866,-0.484074
30.49,30.48,-0.706149,-0.707165,0.036641,0.036814,-0.490156,-0.48826
30.31,30.31,-0.70159,-0.701177,0.088411,0.087426,-0.480013,-0.480922
30.45,30.42,-0.706028,-0.706425,0.087415,0.087614,-0.481566,-0.481667
30.36,30.34,-0.636445,-0.638693,0.128447,0.127668,-0.554126,-0.556458
30.68,30.67,-0.706164,-0.706755,0.038131,0.038332,-0.489639,-0.490042
28.61,28.62,-0.073012,-0.073204,-0.759325,-0.758618,-0.545263,-0.546058
30.46,30.45,-0.603274,-0.620357,0.132537,0.128632,-0.551788,-0.556088
30.3,30.3,-0.705694,-0.711711,0.044123,0.040422,-0.490068,-0.491163
30.43,30.43,-0.621054,-0.620579,0.129027,0.128909,-0.555989,-0.554283
30.33,30.34,-0.690361,-0.690841,0.046151,0.047569,-0.487908,-0.489799
24.32,24.66,-0.164351,-0.181028,0.915799,0.915019,-0.004666,0.005198
30.48,30.46,-0.704687,-0.70609,0.040131,0.040714,-0.489603,-0.488707
29.88,29.86,-0.702069,-0.706908,0.089929,0.087324,-0.482004,-0.482576
28.7,28.66,-0.226861,-0.259381,-0.638266,-0.647805,-0.750588,-0.730643
30.34,30.34,-0.686389,-0.706571,0.049681,0.041929,-0.489837,-0.4904
28.95,28.94,0.282562,0.283589,-0.62149,-0.622254,-0.528592,-0.531096
30.6,30.59,-0.707176,-0.706764,0.037604,0.037522,-0.48765,-0.488949
30.34,30.36,-0.622068,-0.621182,0.127498,0.128096,-0.553511,-0.553196
30.46,30.46,-0.635435,-0.615827,0.128469,0.129621,-0.555619,-0.553933
30.72,30.71,-0.706668,-0.697475,0.038622,0.040533,-0.489136,-0.487532
28.5,28.52,0.333075,0.307797,-0.5201,-0.541447,-0.64972,-0.641166
29.93,29.91,-0.685716,-0.710653,0.09249,0.085627,-0.482334,-0.48373
30.6,30.58,-0.688362,-0.69569,0.045672,0.042646,-0.488898,-0.488494
30.6,30.62,-0.706168,-0.706861,0.040132,0.039228,-0.490117,-0.489832
28.43,28.43,0.216186,0.215289,0.551251,0.550541,-0.55846,-0.557774
29.66,29.65,-0.686713,-0.705413,0.093483,0.088038,-0.482331,-0.483457
30.09,30.09,-0.700719,-0.702795,0.047668,0.047266,-0.492989,-0.493413
30.46,30.52,-0.70767,-0.707756,0.037104,0.037417,-0.48766,-0.488859
30.33,30.35,-0.700087,-0.697513,0.088933,0.089039,-0.481497,-0.481173
29.2,29.19,0.401251,0.401553,-0.619348,-0.617939,-0.544567,-0.54555
29.79,29.78,-0.706493,-0.705417,0.088446,0.088035,-0.484564,-0.483157
30.51,30.51,-0.618049,-0.619854,0.129068,0.129443,-0.558467,-0.556976
25.01,25.1,-0.956444,-0.881308,0.795246,0.739448,0.272088,0.30757
30.49,30.47,-0.612564,-0.613668,0.131125,0.131911,-0.561902,-0.561201
28.61,28.6,-0.081627,-0.080237,-0.70989,-0.709281,-0.510718,-0.5111
29.23,29.23,0.401791,0.402753,-0.619803,-0.618625,-0.548073,-0.546149
29.03,29.03,0.639555,0.645262,-0.472674,-0.474603,-0.470212,-0.473891
30.42,30.43,-0.621574,-0.622068,0.129002,0.129302,-0.55399,-0.554292
30.58,30.59,-0.706654,-0.706969,0.037132,0.037213,-0.489654,-0.488253
30.49,30.48,-0.708644,-0.707163,0.036115,0.037217,-0.488681,-0.488656
29.59,29.58,-0.694609,-0.700872,0.088978,0.089239,-0.483453,-0.482302
30.37,30.39,-0.70569,-0.705079,0.042122,0.041639,-0.489589,-0.490692
28.62,28.63,-0.080564,-0.080471,-0.711821,-0.712127,-0.51574,-0.515141
30.09,30.07,-0.702673,-0.702811,0.046687,0.048354,-0.495021,-0.492599
30.51,30.51,-0.705641,-0.706664,0.037658,0.03652,-0.491643,-0.488559
29.59,29.58,-0.72378,-0.710551,0.081928,0.086734,-0.487292,-0.484518
30.58,30.63,-0.706184,-0.706867,0.038612,0.038319,-0.488131,-0.488941
30.49,30.52,-0.706696,-0.707357,0.03709,0.037421,-0.486149,-0.489056
29.2,29.19,0.400268,0.400362,-0.618841,-0.619147,-0.545571,-0.544973
28.48,26.62,-0.425207,-0.529096,-0.420842,-0.061962,-0.559014,-0.278264
30.68,30.68,-0.708649,-0.70103,0.038116,0.040434,-0.48916,-0.488766
30.07,30.02,-0.703993,-0.705819,0.087975,0.088028,-0.48605,-0.482759
30.72,30.69,-0.711586,-0.713957,0.033628,0.03413,-0.490237,-0.491254
29.59,29.57,-0.691649,-0.714208,0.090479,0.084827,-0.482909,-0.484672
30.57,30.58,-0.690331,-0.714683,0.044174,0.036603,-0.489433,-0.48973
30.36,30.36,-0.690351,-0.692316,0.047665,0.046271,-0.489393,-0.490228
28.56,28.56,-0.114473,-0.113371,0.683928,0.686049,-0.581367,-0.583236
29.23,29.23,0.400747,0.400277,-0.617854,-0.619133,-0.544554,-0.546176
30.22,30.23,-0.718887,-0.710373,0.083888,0.086113,-0.482719,-0.48252
28.92,28.77,0.437047,0.31864,-0.530418,-0.580594,-0.75512,-0.667661
30.63,30.62,-0.707155,-0.707346,0.03913,0.038535,-0.490137,-0.490446
30.31,30.3,-0.709195,-0.706858,0.045084,0.04264,-0.488083,-0.491597
29.77,29.74,-0.707486,-0.706391,0.085433,0.087547,-0.483104,-0.484373
30.51,30.5,-0.703716,-0.705591,0.041619,0.040618,-0.488576,-0.488905
29.6,29.58,-0.688193,-0.69066,0.091982,0.091683,-0.482361,-0.483187
28.48,28.5,-0.352498,-0.349684,-0.708054,-0.70941,-0.458956,-0.46145
30.37,30.36,-0.704706,-0.696383,0.043622,0.045553,-0.489563,-0.48987
30.49,30.54,-0.706657,-0.70727,0.036627,0.037109,-0.489159,-0.487956
28.67,28.67,-0.073154,-0.073039,-0.749939,-0.74902,-0.537645,-0.539336
30.46,30.47,-0.619587,-0.620262,0.130517,0.12943,-0.554958,-0.556078
30.68,30.64,-0.708168,-0.70598,0.038604,0.03902,-0.488148,-0.488825
30.49,30.47,-0.706686,-0.706973,0.038604,0.037711,-0.487634,-0.488148
30.66,30.66,-0.706161,-0.701229,0.037632,0.040232,-0.489644,-0.48857
30.58,30.56,-0.623052,-0.62357,0.123991,0.125071,-0.552557,-0.551248
30.64,30.65,-0.708176,-0.707369,0.039097,0.039414,-0.487642,-0.488933
28.12,28.14,0.222626,0.22074,0.552273,0.549556,-0.558392,-0.557037
30.6,30.61,-0.691323,-0.707273,0.044171,0.039011,-0.489441,-0.488536
29.62,29.63,-0.706007,-0.706582,0.086934,0.087253,-0.483074,-0.484878
29.13,29.13,0.401767,0.402875,-0.614311,-0.616697,-0.548512,-0.54883
30.55,30.55,-0.617084,-0.615888,0.13055,0.130059,-0.556939,-0.557235
30.36,30.38,-0.706642,-0.704787,0.041656,0.042236,-0.492608,-0.490482
26.45,26.39,9.45624,9.041026,5.378761,4.799372,-6.240715,-5.266859
29.72,29.73,-0.706992,-0.705503,0.08794,0.087847,-0.484073,-0.484161
29.93,29.94,-0.705003,-0.697591,0.08695,0.089461,-0.484067,-0.483072
29.91,29.88,-0.697147,-0.70504,0.091919,0.08922,-0.479935,-0.482038
28.59,28.6,-0.076548,-0.075766,-0.71978,-0.717881,-0.516296,-0.516267
30.72,30.71,-0.708177,-0.707065,0.038093,0.037617,-0.487152,-0.48865
30.73,30.71,-0.690332,-0.696968,0.042168,0.040647,-0.488454,-0.488528
30.46,30.48,-0.707174,-0.707162,0.036102,0.036516,-0.487166,-0.488363
30.13,30.14,-0.700585,-0.698069,0.090433,0.089075,-0.481985,-0.484383
28.53,28.55,-0.109021,-0.112679,0.686453,0.68645,-0.582293,-0.583226
30.55,30.56,-0.696786,-0.710915,0.04364,0.037619,-0.488493,-0.490086
30.49,30.49,-0.705674,-0.706878,0.038126,0.036704,-0.489134,-0.487357
30.25,30.27,-0.693826,-0.709039,0.04865,0.042131,-0.489412,-0.491421
30.4,30.41,-0.60922,-0.629208,0.132016,0.129275,-0.551845,-0.554254
29.53,29.51,-0.689155,-0.708589,0.090002,0.087122,-0.483895,-0.482894
30.69,30.69,-0.693779,-0.694664,0.042179,0.040878,-0.490487,-0.490509
30.49,30.48,-0.707652,-0.707371,0.036118,0.037005,-0.488672,-0.487658
25.77,28.72,-0.147996,-0.13844,0.926051,-0.018622,-1.071779,-0.676185
28.92,28.94,0.297799,0.297168,-0.640128,-0.639865,-0.550209,-0.547406
30.33,30.35,-0.695138,-0.697107,0.088441,0.088247,-0.480458,-0.481579
30.01,30.02,-0.706007,-0.705217,0.086934,0.087937,-0.483074,-0.483256
30.52,30.53,-0.623529,-0.624084,0.130526,0.129661,-0.556995,-0.559915
30.7,30.69,-0.704181,-0.701293,0.038138,0.038161,-0.489621,-0.490598
30.52,30.52,-0.723471,-0.709146,0.033097,0.038814,-0.491349,-0.489356
30.43,30.45,-0.704699,-0.706564,0.041122,0.03943,-0.489091,-0.489928
30.27,30.29,-0.705013,-0.705626,0.086439,0.088023,-0.483071,-0.482257
29.07,29.07,0.408795,0.408305,-0.620216,-0.621015,-0.553026,-0.553139
29.96,29.98,-0.705502,-0.705107,0.087447,0.08835,-0.484066,-0.484352
30.64,30.64,-0.706178,-0.706767,0.038618,0.038521,-0.488631,-0.489138
30.6,30.59,-0.70715,-0.70716,0.03713,0.03722,-0.489658,-0.488856
30.52,30.54,-0.601263,-0.625067,0.134076,0.128663,-0.554758,-0.560236
29.12,29.12,0.385627,0.385524,-0.605116,-0.60472,-0.530016,-0.529812
30.51,30.48,-0.705678,-0.705389,0.041131,0.041224,-0.490101,-0.489497
30.64,30.64,-0.70717,-0.70665,0.038614,0.03884,-0.48864,-0.490737
30.39,30.39,-0.626473,-0.625226,0.127036,0.129005,-0.558062,-0.555425
30.7,30.7,-0.715054,-0.716239,0.03412,0.03412,-0.490763,-0.491174
30.57,30.56,-0.617063,-0.617677,0.130069,0.130049,-0.558447,-0.55695
30.64,30.64,-0.707186,-0.707769,0.037094,0.037706,-0.486654,-0.487954
30.69,30.69,-0.707158,-0.699332,0.037622,0.03985,-0.489152,-0.48946
30.4,30.4,-0.606718,-0.628895,0.130043,0.128088,-0.552848,-0.555066
30.16,30.16,-0.704687,-0.703597,0.045647,0.045951,-0.492045,-0.492132
30.43,30.45,-0.706694,-0.706374,0.041103,0.040123,-0.488107,-0.489518
30.52,30.53,-0.625021,-0.615583,0.132521,0.13067,-0.557487,-0.558127
29.2,29.18,0.399292,0.39988,-0.619332,-0.618734,-0.546587,-0.546275
30.45,30.43,-0.621556,-0.621684,0.129019,0.129893,-0.555493,-0.55348
30.28,30.3,-0.686428,-0.704973,0.050144,0.042548,-0.486827,-0.491582
30.39,30.38,-0.622071,-0.62179,0.126993,0.127981,-0.553015,-0.5521
30.16,30.17,-0.701742,-0.704107,0.046631,0.045434,-0.490005,-0.49074
30.14,30.13,-0.688712,-0.708767,0.092959,0.086138,-0.480852,-0.484109
30.34,30.36,-0.723478,-0.723288,0.0366,0.03599,-0.492311,-0.491314
30.7,30.71,-0.706186,-0.706961,0.036605,0.037421,-0.487152,-0.488952
28.59,28.6,-0.075117,-0.074887,-0.752434,-0.753203,-0.538191,-0.540502
30.6,30.62,-0.706659,-0.706572,0.039132,0.03902,-0.490133,-0.489031
30.69,30.68,-0.623539,-0.620304,0.123497,0.126882,-0.553068,-0.551499
30.45,30.43,-0.621583,-0.622576,0.128491,0.127383,-0.552994,-0.552415
29.68,29.65,-0.697114,-0.695847,0.09145,0.092034,-0.482445,-0.480824
29.83,29.85,-0.70599,-0.705909,0.085949,0.087535,-0.484087,-0.483267
30.48,30.46,-0.704711,-0.705194,0.040107,0.040218,-0.4876,-0.488705
30.57,30.55,-0.619537,-0.618476,0.129063,0.13004,-0.55848,-0.556456
28.62,28.63,-0.075008,-0.075414,-0.722731,-0.721738,-0.519321,-0.519013
30.57,30.56,-0.628891,-0.622299,0.127086,0.128665,-0.563092,-0.55951
30.12,30.12,-0.705505,-0.705104,0.086942,0.08745,-0.483571,-0.484162
30.7,30.69,-0.713581,-0.71643,0.035615,0.033625,-0.490232,-0.491582
30.63,30.63,-0.705687,-0.706463,0.041623,0.038529,-0.489595,-0.489637
30.46,30.48,-0.705194,-0.70469,0.041121,0.040429,-0.489095,-0.489499
28.82,28.81,-0.23667,-0.241347,-0.493742,-0.490668,-0.659379,-0.659385
29.59,29.58,-0.693673,-0.705133,0.092436,0.088323,-0.4804,-0.482149
28.65,28.64,-0.080019,-0.080246,-0.715281,-0.714507,-0.518278,-0.516268
30.69,30.7,-0.70815,-0.706771,0.037618,0.038117,-0.489161,-0.488642
30.52,30.51,-0.61905,-0.620241,0.128554,0.12915,-0.557479,-0.557684
30.05,30.06,-0.701705,-0.702904,0.046667,0.04866,-0.493009,-0.493198
30.49,30.47,-0.706168,-0.70558,0.040132,0.039927,-0.490117,-0.489513
30.66,30.62,-0.70671,-0.707167,0.039583,0.037012,-0.486121,-0.488157
30.72,30.72,-0.707672,-0.706584,0.037602,0.038507,-0.487654,-0.487835
30.37,30.39,-0.705184,-0.705177,0.042635,0.041338,-0.490581,-0.490596
30.6,30.58,-0.643825,-0.62287,0.121455,0.125481,-0.555772,-0.551938
30.1,30.09,-0.703187,-0.703095,0.046668,0.04636,-0.493523,-0.492824
30.66,30.65,-0.708144,-0.706375,0.037624,0.038818,-0.489661,-0.488831
28.5,28.51,0.142661,0.142381,-0.662729,-0.663716,-0.545301,-0.546316
29.59,29.57,-0.718869,-0.712621,0.083906,0.085134,-0.484222,-0.484855
29.13,26.07,-0.289646,-0.279152,-0.181458,0.446144,-0.680344,-0.234776
30.37,30.37,-0.694764,-0.701027,0.043184,0.043746,-0.491486,-0.490432
30.55,30.55,-0.618076,-0.618479,0.130547,0.129635,-0.556948,-0.55596
28.67,28.67,-0.074129,-0.072969,-0.748422,-0.746642,-0.539639,-0.538006
29.5,29.51,-0.705484,-0.706894,0.087465,0.086836,-0.485568,-0.483483
29.86,29.87,-0.72131,-0.707283,0.08243,0.086341,-0.486764,-0.483893
30.18,30.2,-0.704188,-0.70429,0.046154,0.045548,-0.492536,-0.492043
29.53,29.53,-0.706001,-0.706315,0.08694,0.087324,-0.483575,-0.482371
29.88,29.89,-0.708984,-0.708189,0.088425,0.087527,-0.483584,-0.483287
30.36,30.34,-0.704531,-0.706027,0.087931,0.087716,-0.482549,-0.481763
25.39,25.35,3.547712,3.349938,-9.415964,-9.375647,4.92584,4.902641
30.48,30.48,-0.62203,-0.620785,0.12954,0.129802,-0.557494,-0.553975
30.28,30.26,-0.705512,-0.705611,0.085932,0.087236,-0.48258,-0.483167
30.42,30.41,-0.609716,-0.618309,0.132014,0.130611,-0.55185,-0.554044
30.39,30.36,-0.705022,-0.705129,0.086932,0.088127,-0.482564,-0.482452
30.68,30.69,-0.695789,-0.700345,0.042646,0.040227,-0.488496,-0.487861
30.39,30.39,-0.705191,-0.709043,0.041625,0.041124,-0.489591,-0.490632
30.68,30.69,-0.6938,-0.697274,0.04266,0.041339,-0.488979,-0.488123
30.63,30.62,-0.706659,-0.706678,0.039132,0.039514,-0.490133,-0.488726
25.27,26.12,-0.904691,-0.764174,0.561988,0.812949,0.400123,0.044957
30.42,30.39,-0.7042,-0.705462,0.041629,0.041149,-0.489582,-0.491602
30.22,30.2,-0.703693,-0.699543,0.045152,0.046757,-0.492042,-0.491487
30.54,30.53,-0.617069,-0.617475,0.130064,0.130153,-0.557946,-0.557248
30.68,30.69,-0.688375,-0.701238,0.043653,0.040925,-0.486917,-0.488162
30.33,30.33,-0.705508,-0.70562,0.087441,0.086926,-0.483565,-0.482269
30.49,30.52,-0.706669,-0.707361,0.037618,0.037217,-0.488647,-0.488657
28.61,28.6,-0.079503,-0.079489,-0.722278,-0.721862,-0.516851,-0.518249
29.66,29.69,-0.707939,-0.70294,0.086476,0.088143,-0.487103,-0.483033
29.88,29.89,-0.710906,-0.712737,0.083965,0.085418,-0.486656,-0.48355
30.28,30.29,-0.688876,-0.702622,0.051168,0.044735,-0.489842,-0.490234
30.52,30.52,-0.69034,-0.711214,0.044667,0.037215,-0.488926,-0.489793
30.55,30.56,-0.623574,-0.623175,0.125468,0.125773,-0.551043,-0.551436
29.09,29.1,0.415374,0.412567,-0.630088,-0.629427,-0.559592,-0.557405
30.34,30.35,-0.610218,-0.635034,0.131003,0.127472,-0.550864,-0.555527
26.96,28.5,8.252705,2.122739,4.356065,0.522671,-4.431542,-1.457327
30.45,30.41,-0.704537,-0.705619,0.087925,0.086927,-0.482048,-0.482369
29.88,29.93,-0.720819,-0.704021,0.084433,0.087947,-0.487238,-0.483746
30.13,30.12,-0.685721,-0.698973,0.094491,0.08886,-0.482812,-0.483391
30.51,30.52,-0.70666,-0.706872,0.037126,0.037512,-0.489153,-0.488149
30.58,30.59,-0.69632,-0.70469,0.043612,0.040529,-0.485985,-0.489498
30.68,30.68,-0.706684,-0.706763,0.037102,0.038024,-0.48715,-0.489244
30.6,30.64,-0.707176,-0.703199,0.038608,0.039536,-0.488139,-0.489397
30.42,30.42,-0.704689,-0.705573,0.041633,0.041137,-0.490087,-0.490601
30.36,30.39,-0.640869,-0.622575,0.125961,0.129089,-0.556196,-0.553297
30.49,30.51,-0.692873,-0.712303,0.045608,0.037313,-0.484931,-0.490002
29.18,29.17,0.400289,0.399588,-0.620325,-0.619231,-0.54659,-0.546584
29.5,29.52,-0.706985,-0.705817,0.08544,0.087027,-0.4836,-0.48247
30.45,30.4,-0.705523,-0.705809,0.086924,0.087336,-0.482068,-0.483268
30.61,30.63,-0.707185,-0.706272,0.0391,0.038422,-0.487633,-0.489035
30.49,30.51,-0.618575,-0.619649,0.129036,0.129751,-0.555967,-0.557671
29.71,29.72,-0.705529,-0.705218,0.087921,0.087234,-0.482057,-0.482863
30.48,30.48,-0.705179,-0.705969,0.040634,0.040434,-0.490103,-0.490312
30.64,30.63,-0.706657,-0.704784,0.03763,0.039531,-0.489648,-0.489511
28.68,28.67,-0.076306,-0.076703,-0.728565,-0.729871,-0.532421,-0.531838
30.51,30.53,-0.619566,-0.619074,0.130036,0.129534,-0.556466,-0.555966
29.8,29.8,-0.705491,-0.705604,0.086455,0.086742,-0.484577,-0.483573
30.66,30.67,-0.715056,-0.706941,0.034618,0.037241,-0.490757,-0.490557
30.42,30.42,-0.704692,-0.705573,0.042132,0.040936,-0.490081,-0.490503
30.4,30.39,-0.62354,-0.622571,0.128009,0.128592,-0.555021,-0.553403
29.21,29.21,0.402261,0.402164,-0.61732,-0.618723,-0.54704,-0.546555
28.86,28.86,0.320309,0.319198,-0.665907,-0.664427,-0.514242,-0.513233
30.68,30.68,-0.696764,-0.700628,0.03965,0.039337,-0.488538,-0.488675
30.49,30.46,-0.705174,-0.705683,0.039636,0.039923,-0.490114,-0.489213
30.46,30.44,-0.622056,-0.620869,0.126506,0.129317,-0.554023,-0.555083
28.48,28.46,-0.503334,-0.560744,-0.458998,-0.51945,-0.437409,-0.313373
30.31,30.33,-0.701088,-0.700675,0.088419,0.087634,-0.48051,-0.481517
30.48,30.46,-0.632469,-0.624144,0.128973,0.1289,-0.555087,-0.554615
30.72,30.71,-0.706666,-0.707069,0.03712,0.037814,-0.488653,-0.488448
29.81,29.8,-0.706995,-0.705893,0.087435,0.08735,-0.483578,-0.484471
30.54,30.54,-0.706671,-0.706777,0.038117,0.037208,-0.488642,-0.487751
28.14,28.19,0.219653,0.21935,0.549756,0.552257,-0.557445,-0.55812
28.61,28.62,-0.078091,-0.078594,-0.71633,-0.716139,-0.513265,-0.512766
30.72,30.7,-0.692331,-0.694086,0.042647,0.041566,-0.487464,-0.489394
30.45,30.45,-0.6379,-0.616114,0.126969,0.129129,-0.556159,-0.554542
30.64,30.65,-0.707185,-0.706671,0.0391,0.038318,-0.487633,-0.488739
28.39,28.4,0.136071,0.136269,-0.933705,-0.933103,-0.577979,-0.578171
30.48,30.46,-0.70616,-0.706466,0.039639,0.040431,-0.490623,-0.490216
28.65,28.66,-0.07208,-0.0726,-0.753865,-0.751384,-0.542689,-0.541763
22.46,22.48,-0.458612,-0.457715,0.088336,0.087943,-0.563053,-0.56325
30.3,30.34,-0.709981,-0.711942,0.083903,0.083817,-0.481139,-0.48296
30.49,30.5,-0.70666,-0.707076,0.038129,0.037405,-0.489643,-0.487651
30.36,30.36,-0.715606,-0.701831,0.041082,0.044635,-0.489186,-0.489928
30.54,30.55,-0.602195,-0.615088,0.131123,0.13067,-0.558306,-0.558022
30.49,30.5,-0.719501,-0.710908,0.033616,0.037125,-0.491809,-0.490492
30.6,30.59,-0.706674,-0.707079,0.038616,0.037904,-0.488636,-0.487645
22.89,22.9,-0.456142,-0.457217,0.087835,0.086242,-0.562036,-0.562664
30.45,30.44,-0.705164,-0.706168,0.041151,0.040533,-0.491599,-0.490313
30.49,30.51,-0.691338,-0.713479,0.044657,0.03632,-0.488434,-0.490724
30.34,30.37,-0.710099,-0.692814,0.039149,0.046267,-0.492666,-0.490031
30.1,30.09,-0.703709,-0.702799,0.047141,0.046961,-0.491519,-0.492915
29.56,29.54,-0.714395,-0.704198,0.083934,0.086364,-0.485184,-0.484868
30.52,30.55,-0.603683,-0.614284,0.130113,0.129883,-0.55783,-0.558625
24.22,24.21,-0.445959,-0.447162,0.115225,0.11631,-0.555125,-0.554523
30.57,30.61,-0.706672,-0.70706,0.037114,0.037722,-0.488152,-0.48915
30.49,30.49,-0.706211,-0.703406,0.04009,0.041131,-0.486611,-0.48938
26.57,26.53,9.764962,9.648972,4.915922,5.046209,-6.185675,-6.139627
30.64,30.6,-0.707673,-0.706373,0.036599,0.037517,-0.487165,-0.488445
30.46,30.45,-0.612663,-0.625435,0.132532,0.128993,-0.554374,-0.554525
30.28,30.29,-0.706533,-0.705419,0.086902,0.087732,-0.480575,-0.482859
28.71,28.71,0.142651,0.142177,-0.664243,-0.663923,-0.543816,-0.545719
29.84,29.86,-0.706994,-0.712315,0.085933,0.084842,-0.483094,-0.485356
30.4,30.42,-0.705669,-0.705671,0.041641,0.041639,-0.491097,-0.490897
30.46,30.46,-0.632458,-0.624234,0.127981,0.128407,-0.555599,-0.555222
30.36,30.36,-0.62306,-0.622559,0.127494,0.127902,-0.55352,-0.554111
30.51,30.5,-0.706675,-0.706466,0.037612,0.036721,-0.488146,-0.488655
29.2,29.18,0.398763,0.399271,-0.618865,-0.619954,-0.544082,-0.544591
30.51,30.49,-0.704206,-0.70568,0.04062,0.040828,-0.488592,-0.489804
30.14,30.16,-0.702719,-0.703595,0.046141,0.046054,-0.49102,-0.492331
30.4,30.41,-0.622073,-0.623052,0.128495,0.129006,-0.553499,-0.554805
30.09,30.06,-0.707013,-0.705311,0.08842,0.087842,-0.482565,-0.483658
26.52,26.42,9.372868,9.075949,5.371338,4.94208,-6.272577,-5.461684
30.28,30.26,-0.690335,-0.707156,0.048182,0.042538,-0.49089,-0.491501
29.54,29.54,-0.700551,-0.70432,0.086456,0.088245,-0.483032,-0.483746
30.3,30.3,-0.723955,-0.709946,0.036616,0.041913,-0.493817,-0.490129
28.61,28.62,-0.072498,-0.073194,-0.760308,-0.75931,-0.546271,-0.546567
30.4,30.4,-0.706676,-0.705865,0.041121,0.04064,-0.489609,-0.49081
30.28,30.31,-0.717559,-0.702718,0.040101,0.043735,-0.491218,-0.490046
30.34,30.34,-0.685416,-0.703824,0.049667,0.043114,-0.488326,-0.48846
30.49,30.49,-0.7057,-0.703801,0.039605,0.040228,-0.487614,-0.489093
30.7,30.71,-0.706678,-0.706563,0.038111,0.037624,-0.488141,-0.489147
30.39,30.41,-0.607695,-0.628803,0.129552,0.128583,-0.553864,-0.554659
29.2,29.17,0.398772,0.399476,-0.619357,-0.619244,-0.544589,-0.545483
30.73,30.71,-0.690846,-0.694002,0.043151,0.042454,-0.487445,-0.488582
30.66,30.62,-0.706693,-0.707169,0.037594,0.03711,-0.486644,-0.488056
28.65,28.66,-0.077284,-0.07808,-0.732066,-0.732071,-0.531968,-0.531775
29.15,29.16,0.410838,0.410446,-0.626668,-0.627768,-0.555085,-0.555001
30.7,30.71,-0.707183,-0.706281,0.036595,0.038313,-0.48666,-0.488235
29.18,29.17,0.398783,0.399574,-0.619345,-0.619345,-0.54559,-0.545383
28.5,28.51,0.140081,0.140271,-0.937157,-0.935258,-0.579987,-0.580164
29.71,29.67,-0.688706,-0.704113,0.091962,0.087954,-0.480863,-0.484348
30.49,30.47,-0.707646,-0.706683,0.037128,0.036902,-0.489663,-0.487153
29.86,29.9,-0.726283,-0.703846,0.080892,0.089329,-0.484821,-0.482427
29.65,29.66,-0.713462,-0.694043,0.086888,0.090656,-0.481637,-0.481826
28.47,28.65,-0.448253,0.08261,-0.716928,-0.623291,-0.204941,-0.517226
29.18,29.19,0.39928,0.399969,-0.61834,-0.619646,-0.546075,-0.545082
30.72,30.72,-0.705664,-0.697468,0.038637,0.041143,-0.490129,-0.488427
30.46,30.47,-0.620087,-0.620168,0.129007,0.129526,-0.553977,-0.555675
29.54,29.54,-0.705523,-0.706401,0.087927,0.087136,-0.482558,-0.483375
30.34,30.32,-0.706001,-0.705422,0.08694,0.087628,-0.483575,-0.48256
29.18,29.19,0.400286,0.400279,-0.619827,-0.620034,-0.546584,-0.545885
30.49,30.56,-0.724955,-0.721911,0.032592,0.033677,-0.491367,-0.489325
30.61,30.62,-0.623067,-0.623571,0.125481,0.125872,-0.55204,-0.551539
30.3,30.33,-0.708621,-0.709141,0.039648,0.040624,-0.492147,-0.490538
28.64,28.63,-0.077521,-0.077525,-0.723274,-0.723178,-0.516344,-0.516042
30.37,30.37,-0.703197,-0.69459,0.040641,0.044765,-0.490085,-0.490164
30.31,30.34,-0.705511,-0.706123,0.086936,0.087418,-0.48307,-0.481867
30.04,30.06,-0.701716,-0.702505,0.048662,0.048062,-0.492987,-0.493101
30.51,30.49,-0.691332,-0.695688,0.044663,0.042447,-0.488935,-0.488497
28.47,28.47,0.139743,0.1401,-0.664189,-0.663625,-0.54935,-0.546335
30.7,30.66,-0.712064,-0.704202,0.034647,0.038919,-0.492234,-0.48821
29.48,29.51,-0.706995,-0.708486,0.088439,0.087427,-0.484067,-0.48339
26.07,26.21,7.675408,4.769026,-0.448433,5.422562,-10.979353,-7.370042
30.22,30.22,-0.713885,-0.715999,0.082446,0.084513,-0.485698,-0.48399
30.58,30.59,-0.707669,-0.707465,0.038107,0.037011,-0.488149,-0.48816
29.2,29.2,0.402771,0.401566,-0.618808,-0.618928,-0.547553,-0.546262
30.48,30.49,-0.614037,-0.613478,0.130633,0.131502,-0.562922,-0.560303
30.54,30.53,-0.620075,-0.61956,0.129019,0.129641,-0.554979,-0.556771
30.51,30.52,-0.70717,-0.706973,0.038614,0.038011,-0.48864,-0.488245
30.31,30.35,-0.69662,-0.709862,0.088441,0.084023,-0.480972,-0.48284
29.54,29.53,-0.707486,-0.706206,0.086436,0.087435,-0.483593,-0.483271
29.48,29.5,-0.707497,-0.706305,0.087427,0.087935,-0.483081,-0.483466
30.51,30.49,-0.705669,-0.706381,0.036126,0.03761,-0.488655,-0.487843
30.43,30.43,-0.601777,-0.62484,0.13205,0.128896,-0.552281,-0.554521
30.51,30.51,-0.695798,-0.694012,0.043139,0.043848,-0.487989,-0.488366
28.74,28.73,0.141186,0.142569,-0.663726,-0.663926,-0.545826,-0.545315
28.91,28.91,0.306916,0.307839,-0.654444,-0.655313,-0.559808,-0.561914
30.33,30.23,-0.716412,-0.707945,0.082389,0.064005,-0.481713,-0.484953
30.58,30.59,-0.712081,-0.705175,0.036636,0.038933,-0.491711,-0.489721
29.02,29.03,0.397638,0.397939,-0.608972,-0.608867,-0.537468,-0.537765
30.64,30.62,-0.707155,-0.706973,0.038127,0.037711,-0.489647,-0.488148
30.66,30.68,-0.610211,-0.614054,0.1275,0.126307,-0.549902,-0.551451
29.84,29.87,-0.703572,-0.704809,0.089407,0.08795,-0.48052,-0.484254
30.63,30.64,-0.708155,-0.707456,0.038616,0.038122,-0.489149,-0.489349
30.24,30.24,-0.715561,-0.700844,0.039622,0.046138,-0.492208,-0.490203
30.66,30.64,-0.707179,-0.70706,0.038103,0.039026,-0.487644,-0.489737
30.6,30.58,-0.721504,-0.714067,0.030581,0.036124,-0.488856,-0.491233
28.56,28.56,-0.11498,-0.11318,0.68592,0.686042,-0.581348,-0.582634
30.34,30.34,-0.692856,-0.697563,0.048131,0.045658,-0.487406,-0.490681
30.66,30.65,-0.708655,-0.706754,0.03811,0.037531,-0.488659,-0.489751
29.2,29.2,0.400755,0.400662,-0.618346,-0.619444,-0.54506,-0.545074
30.07,30.1,-0.703194,-0.702195,0.044655,0.047373,-0.492043,-0.493807
30.7,30.7,-0.62013,-0.630701,0.126959,0.125252,-0.549493,-0.552009
30.18,30.15,-0.703199,-0.703592,0.046656,0.045354,-0.492522,-0.492239
30.46,30.47,-0.707678,-0.706675,0.037596,0.037512,-0.487153,-0.488047
22.39,22.37,-0.458579,-0.456817,0.087867,0.086748,-0.565562,-0.563156
30.46,30.48,-0.70763,-0.707352,0.037644,0.037626,-0.491159,-0.489554
29.21,29.21,0.399297,0.398777,-0.620329,-0.618751,-0.546598,-0.545283
30.21,30.21,-0.689704,-0.714421,0.091953,0.085112,-0.480371,-0.483568
30.64,30.64,-0.613685,-0.619823,0.127986,0.127571,-0.549926,-0.550585
28.57,28.58,-0.078984,-0.07847,-0.723256,-0.724339,-0.51836,-0.51937
30.36,30.36,-0.685904,-0.702123,0.047165,0.043636,-0.487858,-0.489942
30.68,30.67,-0.700762,-0.699738,0.042111,0.040342,-0.487042,-0.488957
30.34,30.37,-0.735194,-0.727057,0.077361,0.079304,-0.484438,-0.485747
30.37,30.38,-0.623573,-0.622275,0.127474,0.128491,-0.552022,-0.553201
30.63,30.64,-0.706172,-0.706271,0.038624,0.039025,-0.489132,-0.489329
29.86,29.86,-0.705998,-0.712645,0.086442,0.085611,-0.48358,-0.483046
29.57,29.58,-0.714947,-0.699981,0.086384,0.089341,-0.481655,-0.482193
30.4,30.41,-0.705176,-0.705578,0.041138,0.041433,-0.490598,-0.490297
30.64,30.62,-0.706674,-0.706858,0.038616,0.036924,-0.488636,-0.489057
30.37,30.36,-0.688878,-0.695707,0.048158,0.045738,-0.488373,-0.48846
30.6,30.61,-0.707164,-0.706367,0.03862,0.039429,-0.489141,-0.489826
30.36,30.36,-0.686895,-0.703899,0.048165,0.043137,-0.488356,-0.490464
28.89,28.88,0.331953,0.329836,-0.685682,-0.681111,-0.525384,-0.524549
30.19,30.21,-0.704666,-0.704184,0.045166,0.045856,-0.493553,-0.492739
30.68,30.68,-0.719009,-0.718808,0.033113,0.033317,-0.49131,-0.491606
30.48,30.47,-0.61908,-0.619576,0.129528,0.129325,-0.555465,-0.555372
29.88,29.86,-0.684719,-0.710565,0.092499,0.086018,-0.482826,-0.483024
30.58,30.58,-0.706676,-0.707474,0.036609,0.038305,-0.487657,-0.487945
30.6,30.58,-0.698782,-0.696772,0.042617,0.042049,-0.487019,-0.488911
30.64,30.63,-0.706687,-0.706758,0.0376,0.038329,-0.487145,-0.489742
30.34,30.36,-0.705538,-0.704729,0.087411,0.087831,-0.481061,-0.482552
30.61,30.62,-0.705189,-0.706773,0.03912,0.038615,-0.488617,-0.488637
29.16,29.19,0.399279,0.40007,-0.619344,-0.619444,-0.545586,-0.545279
30.58,30.58,-0.706651,-0.707357,0.036633,0.03722,-0.48966,-0.488958
30.28,30.31,-0.690362,-0.697358,0.048657,0.045565,-0.488881,-0.491181
29.2,29.2,0.400272,0.400771,-0.617333,-0.619635,-0.546556,-0.545776
30.48,30.47,-0.707664,-0.707765,0.03711,0.037407,-0.48816,-0.488058
30.22,30.22,-0.707143,-0.701136,0.043655,0.045943,-0.493091,-0.490608
29.48,29.5,-0.722796,-0.721532,0.083428,0.083208,-0.487267,-0.485154
30.61,30.64,-0.707639,-0.706662,0.03914,0.038928,-0.491143,-0.489734
30.52,30.52,-0.619566,-0.619361,0.130036,0.129442,-0.556466,-0.556771
30.52,30.52,-0.607141,-0.616654,0.131116,0.129582,-0.559351,-0.55925
30.31,30.34,-0.695814,-0.706674,0.046131,0.042828,-0.487955,-0.490492
29.04,29.04,0.388042,0.389956,-0.601159,-0.601724,-0.526444,-0.528637
30.42,30.41,-0.627069,-0.629496,0.130946,0.128281,-0.551512,-0.554668
30.52,30.53,-0.707649,-0.707265,0.035619,0.037714,-0.488678,-0.488551
30.64,30.67,-0.706641,-0.705777,0.038147,0.038123,-0.491145,-0.488834
29.04,29.03,0.404711,0.405913,-0.615333,-0.61612,-0.545493,-0.546092
29.02,29.04,0.395142,0.393099,-0.607996,-0.605054,-0.536477,-0.532855
30.69,30.68,-0.705673,-0.707171,0.03913,0.037911,-0.489623,-0.488247
30.72,30.71,-0.707675,-0.707166,0.038101,0.037816,-0.487648,-0.488649
30.7,30.7,-0.693278,-0.694762,0.041183,0.04078,-0.490494,-0.490611
29.51,29.53,-0.704505,-0.698885,0.086453,0.089852,-0.484068,-0.482879
30.45,30.46,-0.706691,-0.70647,0.040605,0.040527,-0.488112,-0.489915
30.42,30.4,-0.706666,-0.705972,0.041632,0.041233,-0.490605,-0.490403
28.95,28.95,0.298297,0.296874,-0.641629,-0.639562,-0.549721,-0.547806
30.42,30.42,-0.706165,-0.705479,0.04164,0.041133,-0.491102,-0.4902
30.01,30.03,-0.705517,-0.706102,0.08693,0.087641,-0.482569,-0.483768
29.16,29.17,0.399775,0.400272,-0.619342,-0.61974,-0.545581,-0.545481
29.21,29.22,0.401272,0.402061,-0.618826,-0.618526,-0.546564,-0.546353
28.65,28.46,-0.589697,-0.397902,-0.321043,-0.130042,-0.531764,-0.534145
30.34,30.35,-0.698293,-0.711036,0.046122,0.041709,-0.487977,-0.490141
30.58,30.57,-0.707152,-0.707271,0.037628,0.038211,-0.489653,-0.488345
30.66,30.63,-0.707641,-0.707262,0.035127,0.036816,-0.489184,-0.488461
30.37,30.37,-0.621066,-0.622075,0.129015,0.128794,-0.554988,-0.553496
30.48,30.47,-0.708671,-0.706863,0.03659,0.03682,-0.486673,-0.488658
28.53,28.54,-0.110003,-0.116152,0.68696,0.685332,-0.583297,-0.582567
30.66,30.64,-0.705716,-0.707068,0.039088,0.038115,-0.486118,-0.488645
28.48,27.35,-0.454968,-0.200415,0.309652,0.69158,-0.633643,-0.505993
30.64,30.67,-0.707676,-0.706774,0.037098,0.038916,-0.487159,-0.488733
30.7,30.7,-0.708165,-0.706775,0.038105,0.038112,-0.488153,-0.488242
30.69,30.69,-0.704723,-0.697891,0.040095,0.042017,-0.486598,-0.486618
28.95,28.93,0.291207,0.293314,-0.633278,-0.634349,-0.541173,-0.542769
30.4,30.38,-0.604256,-0.620993,0.132041,0.129792,-0.552303,-0.553175
30.18,30.16,-0.70271,-0.703889,0.045648,0.045353,-0.491527,-0.492242
28.74,28.75,0.142687,0.143187,-0.665211,-0.664502,-0.54633,-0.547019
30.46,30.45,-0.621066,-0.621157,0.130018,0.130025,-0.555477,-0.556079
30.7,30.69,-0.726455,-0.708951,0.031572,0.037708,-0.489889,-0.488566
30.66,30.66,-0.705677,-0.706364,0.038625,0.038429,-0.489128,-0.489637
30.12,30.09,-0.703181,-0.703102,0.046674,0.047256,-0.494024,-0.492614
30.37,30.38,-0.632019,-0.626041,0.129431,0.129181,-0.551572,-0.553727
30.58,30.56,-0.706666,-0.707063,0.038123,0.037017,-0.489142,-0.488557
30.49,30.5,-0.698687,-0.694384,0.038699,0.04347,-0.493073,-0.490177
30.45,30.46,-0.707163,-0.705866,0.039623,0.039636,-0.48963,-0.49032
30.51,30.49,-0.707156,-0.706871,0.03612,0.036811,-0.488668,-0.487957
30.51,30.52,-0.625412,-0.62119,0.12761,0.129389,-0.564057,-0.561295
30.4,30.4,-0.705706,-0.706268,0.040602,0.040632,-0.487603,-0.490312
30.33,30.32,-0.716039,-0.710537,0.038634,0.041212,-0.493225,-0.490142
30.45,30.47,-0.706678,-0.706378,0.038111,0.04042,-0.488141,-0.489314
29.81,29.8,-0.706011,-0.706506,0.085426,0.087531,-0.482089,-0.483072
30.61,30.6,-0.64235,-0.612573,0.121449,0.126707,-0.554757,-0.551033
30.36,30.34,-0.706024,-0.705615,0.084411,0.08643,-0.480598,-0.482475
30.66,30.68,-0.717539,-0.717237,0.034104,0.033208,-0.490284,-0.490291
30.45,30.43,-0.706664,-0.705682,0.041133,0.040124,-0.490611,-0.489311
30.14,30.16,-0.703176,-0.703298,0.044673,0.045954,-0.493546,-0.49223
30.09,30.06,-0.703187,-0.702809,0.047671,0.048556,-0.494012,-0.492797
30.33,30.34,-0.693795,-0.705881,0.046174,0.041627,-0.490942,-0.489997
30.72,30.71,-0.70668,-0.693209,0.03861,0.042056,-0.488135,-0.48838
30.6,30.63,-0.706665,-0.706768,0.039126,0.039021,-0.489632,-0.489233
30.4,30.4,-0.706167,-0.705577,0.042138,0.041334,-0.491096,-0.490399
30.73,30.71,-0.691808,-0.697569,0.041171,0.040839,-0.488978,-0.488131
30.64,30.62,-0.707149,-0.702818,0.038133,0.040925,-0.490148,-0.488676
30.36,30.38,-0.603241,-0.630582,0.132068,0.126777,-0.554297,-0.554394
30.42,30.42,-0.70471,-0.705387,0.042114,0.040724,-0.488579,-0.489402
28.68,28.67,0.14169,0.142873,-0.663214,-0.664119,-0.546818,-0.545815
30.63,30.6,-0.706149,-0.707254,0.036641,0.037224,-0.490156,-0.489258
28.61,28.61,-0.077744,-0.07697,-0.741056,-0.739168,-0.531073,-0.530243
30.42,30.42,-0.622067,-0.62206,0.129504,0.128608,-0.55449,-0.5546
30.36,30.35,-0.622572,-0.622571,0.127989,0.127789,-0.553009,-0.553011
30.16,30.17,-0.703221,-0.703393,0.046133,0.045356,-0.490524,-0.492338
30.36,30.38,-0.705188,-0.709541,0.04213,0.041221,-0.490086,-0.490535
30.34,30.34,-0.62258,-0.621578,0.130488,0.129499,-0.553482,-0.553884
28.55,28.54,-0.108514,-0.115054,0.689976,0.685343,-0.584753,-0.583159
30.6,30.61,-0.706151,-0.706281,0.038143,0.038914,-0.49064,-0.488429
30.34,30.33,-0.700707,-0.705957,0.043168,0.04175,-0.492038,-0.4919
30.45,30.47,-0.708174,-0.707478,0.038598,0.0379,-0.487647,-0.487449
30.4,30.42,-0.705526,-0.70493,0.087423,0.087827,-0.482063,-0.482353
29.56,29.57,-0.696128,-0.706405,0.091448,0.087633,-0.481935,-0.48327
29.21,29.2,0.400791,0.399588,-0.619314,-0.619632,-0.547576,-0.546388
30.64,30.69,-0.707161,-0.698745,0.039124,0.040647,-0.489636,-0.489145
29.12,29.12,0.390188,0.392768,-0.60751,-0.607998,-0.537015,-0.536999
30.36,30.3,-0.698216,-0.712108,0.043189,0.040922,-0.493018,-0.491362
30.37,30.38,-0.706203,-0.708439,0.043106,0.040834,-0.488581,-0.49123
30.3,30.28,-0.707025,-0.705919,0.088408,0.087826,-0.481563,-0.482562
30.04,30.06,-0.702706,-0.702695,0.047156,0.047668,-0.492512,-0.493608
28.59,28.59,-0.160985,-0.159428,0.673815,0.674293,-0.584891,-0.582668
28.56,28.46,-0.301808,-0.301029,-0.737341,-0.735923,-0.496413,-0.414046
30.37,30.37,-0.712122,-0.697471,0.038601,0.044649,-0.489184,-0.48969
30.14,30.17,-0.70418,-0.703396,0.044657,0.045553,-0.492553,-0.492135
30.42,30.43,-0.636929,-0.62523,0.128457,0.128399,-0.555132,-0.55483
30.34,30.34,-0.685416,-0.706564,0.048663,0.041936,-0.487836,-0.491001
29.79,29.8,-0.7065,-0.70641,0.087437,0.087529,-0.483573,-0.48287
30.51,30.49,-0.694797,-0.703219,0.043653,0.040318,-0.488976,-0.488086
30.68,30.68,-0.693277,-0.703486,0.042186,0.038242,-0.490983,-0.489714
29.93,29.91,-0.700626,-0.704127,0.091395,0.088041,-0.47897,-0.483245
30.63,30.61,-0.706185,-0.706673,0.037608,0.037514,-0.487641,-0.488248
28.44,27.32,-0.564605,-0.555242,-0.599856,-0.429055,-0.188597,-0.119864
23.58,28.46,-1.841858,0.516878,-3.233068,-0.591625,-5.332464,-1.186276
29.48,29.47,-0.705033,-0.7063,0.087923,0.08764,-0.482052,-0.483769
30.66,30.64,-0.708171,-0.70657,0.038099,0.038621,-0.487653,-0.489035
30.55,30.55,-0.723502,-0.716651,0.035572,0.035607,-0.489818,-0.49056
30.4,30.4,-0.62256,-0.622474,0.129004,0.129893,-0.5545,-0.553788
30.72,30.72,-0.706149,-0.704194,0.037644,0.038626,-0.490646,-0.488714
30.46,30.47,-0.620549,-0.620554,0.12954,0.128933,-0.556981,-0.556286
30.09,30.08,-0.701224,-0.703585,0.048159,0.047868,-0.492487,-0.493913
30.39,30.4,-0.706017,-0.706111,0.086423,0.086829,-0.482078,-0.482675
30.54,30.53,-0.632445,-0.618059,0.128997,0.129862,-0.55709,-0.558057
30.48,30.49,-0.704646,-0.700513,0.038166,0.041259,-0.492129,-0.490856
30.36,30.35,-0.713596,-0.701249,0.039611,0.044725,-0.490688,-0.48892
30.63,30.63,-0.705718,-0.707164,0.039587,0.039121,-0.486112,-0.489336
30.52,30.5,-0.621545,-0.619966,0.128028,0.128628,-0.556005,-0.555583
30.16,30.16,-0.703706,-0.703598,0.047645,0.046351,-0.492014,-0.492228
30.64,30.61,-0.707672,-0.70697,0.037602,0.037012,-0.487654,-0.488055
30.64,30.64,-0.705207,-0.706477,0.040105,0.039217,-0.487604,-0.488827
30.7,30.71,-0.692794,-0.694491,0.040169,0.041657,-0.488998,-0.488796
30.63,30.62,-0.706184,-0.707063,0.038612,0.038923,-0.488131,-0.489437
30.42,30.4,-0.622574,-0.622067,0.130494,0.129404,-0.553982,-0.554391
29.16,29.19,0.39928,0.40018,-0.61834,-0.620234,-0.546075,-0.545889
29.8,29.79,-0.706486,-0.706111,0.085947,0.087732,-0.484091,-0.483066
30.22,30.21,-0.71192,-0.714421,0.083439,0.085112,-0.484667,-0.483568
29.71,29.71,-0.706478,-0.707389,0.08796,0.087537,-0.485571,-0.48388
30.39,30.39,-0.705122,-0.710127,0.040189,0.040324,-0.494615,-0.49085
30.48,30.47,-0.707654,-0.707468,0.03762,0.036707,-0.489156,-0.487763
29.81,29.81,-0.707485,-0.70561,0.087439,0.087037,-0.484083,-0.48317
30.66,30.66,-0.706178,-0.699448,0.038618,0.040837,-0.488631,-0.488548
30.54,30.52,-0.618079,-0.620158,0.130042,0.129034,-0.556453,-0.556282
30.31,30.28,-0.701196,-0.702501,0.044176,0.044155,-0.493033,-0.491742
30.48,30.51,-0.707147,-0.70727,0.036631,0.037409,-0.489664,-0.488053
30.57,30.58,-0.686385,-0.705694,0.045673,0.039811,-0.48838,-0.488213
29.21,29.19,0.398783,0.399879,-0.620349,-0.619738,-0.5451,-0.545785
29.65,29.64,-0.7065,-0.706005,0.087437,0.087237,-0.483573,-0.483371
30.43,30.41,-0.70419,-0.705185,0.04214,0.041832,-0.490578,-0.490189
29.23,29.23,0.399785,0.400573,-0.618831,-0.619535,-0.546577,-0.545877
30.33,30.33,-0.710597,-0.699932,0.04065,0.043855,-0.493155,-0.490822
30.33,30.33,-0.702588,-0.700684,0.087398,0.087324,-0.479032,-0.480619
30.64,30.62,-0.707188,-0.705664,0.038596,0.038838,-0.487138,-0.490227
30.36,30.37,-0.688852,-0.705573,0.046679,0.041437,-0.489892,-0.490698
30.45,30.44,-0.622069,-0.621568,0.130003,0.129409,-0.554484,-0.554687
30.12,30.12,-0.684725,-0.696814,0.092493,0.09005,-0.482325,-0.482057
30.63,30.62,-0.707666,-0.706658,0.038612,0.039033,-0.488644,-0.490133
30.69,30.7,-0.698222,-0.702993,0.037668,0.037939,-0.490076,-0.489313
30.7,30.69,-0.707634,-0.705067,0.036136,0.037539,-0.490175,-0.489836
30.09,30.1,-0.701719,-0.701899,0.049161,0.048677,-0.492981,-0.494291
30.49,30.49,-0.707177,-0.706685,0.036601,0.037603,-0.48716,-0.487345
30.73,30.7,-0.707171,-0.707263,0.036607,0.037717,-0.487661,-0.488751
28.65,28.65,-0.077644,-0.078318,-0.711864,-0.713953,-0.511207,-0.511938
30.28,30.3,-0.705033,-0.70602,0.087923,0.087924,-0.482052,-0.482462
30.09,30.11,-0.703038,-0.705324,0.087943,0.087729,-0.483037,-0.482558
30.13,30.12,-0.726767,-0.691177,0.080902,0.092162,-0.485827,-0.481684
30.61,30.61,-0.706676,-0.706872,0.036609,0.037613,-0.487657,-0.488248
28.94,28.97,0.475104,0.476231,-0.545434,-0.548,-0.738431,-0.732039
28.59,28.6,-0.163981,-0.163869,0.674285,0.672794,-0.583409,-0.583825
30.12,30.12,-0.705517,-0.700172,0.08693,0.088646,-0.482569,-0.482503
26.01,28.57,1.484619,-0.053178,10.967428,-0.725045,-15.975709,-0.535787
29.18,29.19,0.399273,0.399573,-0.619349,-0.618845,-0.545085,-0.545477
30.61,30.64,-0.707182,-0.706864,0.038602,0.039025,-0.487638,-0.489534
30.34,30.37,-0.706009,-0.706216,0.088436,0.086923,-0.483558,-0.482174
30.46,30.46,-0.704659,-0.705288,0.041663,0.040725,-0.492591,-0.489401
30.66,30.69,-0.705668,-0.705573,0.038132,0.038028,-0.489634,-0.489233
29.88,29.88,-0.695093,-0.707401,0.088988,0.087024,-0.484458,-0.482684
30.12,30.12,-0.705529,-0.708776,0.086918,0.08643,-0.481567,-0.483504
29.91,29.89,-0.692691,-0.704329,0.091929,0.088037,-0.479396,-0.482947
30.19,30.17,-0.704693,-0.703691,0.045641,0.045554,-0.491544,-0.492338
30.46,30.47,-0.620574,-0.620562,0.128512,0.129427,-0.554488,-0.55588
29.53,29.51,-0.687717,-0.70473,0.093468,0.088131,-0.481338,-0.482648
30.09,30.09,-0.701705,-0.702194,0.047671,0.048277,-0.493499,-0.494298
25.18,25.08,-0.722161,-0.841015,0.673061,0.728601,0.346367,0.301587
28.94,28.93,0.298744,0.300054,-0.637162,-0.640646,-0.547662,-0.547891
30.49,30.46,-0.708677,-0.707658,0.036584,0.036915,-0.486172,-0.488563
30.45,30.45,-0.628517,-0.622545,0.130478,0.128718,-0.554535,-0.555605
30.34,30.34,-0.705523,-0.705527,0.086924,0.087121,-0.482068,-0.481866
30.24,30.21,-0.7159,-0.70199,0.084914,0.089609,-0.484185,-0.480204
30.12,30.13,-0.706016,-0.706112,0.08843,0.08783,-0.483057,-0.482965
29.07,29.06,0.421887,0.421086,-0.632504,-0.632815,-0.564071,-0.56338
30.13,30.13,-0.722302,-0.713814,0.081423,0.084725,-0.486283,-0.484369
30.39,30.38,-0.62009,-0.621282,0.129506,0.1298,-0.553972,-0.553879
29.16,29.16,0.401768,0.401682,-0.618824,-0.618811,-0.54656,-0.547662
30.37,30.36,-0.717525,-0.712309,0.036123,0.039815,-0.492264,-0.490675
28.61,28.6,-0.078631,-0.080435,-0.71036,-0.708981,-0.5122,-0.511299
28.62,28.62,-0.081071,-0.080093,-0.715344,-0.713749,-0.513279,-0.512852
29.48,29.49,-0.706022,-0.703528,0.087421,0.088448,-0.482067,-0.483736
30.46,30.46,-0.705682,-0.70648,0.039623,0.039414,-0.489117,-0.488625
30.45,30.46,-0.602252,-0.624632,0.132571,0.128405,-0.554283,-0.555125
30.72,30.72,-0.706646,-0.703592,0.035635,0.038936,-0.489671,-0.489407
30.36,30.36,-0.703694,-0.707857,0.042141,0.042228,-0.490573,-0.490809
30.34,30.3,-0.705007,-0.705923,0.086445,0.086819,-0.483572,-0.481772
30.24,30.22,-0.718525,-0.708437,0.038619,0.043043,-0.492746,-0.492408
30.4,30.4,-0.623059,-0.622171,0.128497,0.128998,-0.554009,-0.553895
29.75,29.79,-0.705972,-0.706304,0.085967,0.087535,-0.485589,-0.48337
30.64,30.63,-0.706184,-0.704093,0.038612,0.039631,-0.488131,-0.489303
30.04,30.05,-0.701695,-0.702103,0.048181,0.047167,-0.494495,-0.493207
28.65,28.66,-0.073114,-0.0726,-0.749398,-0.751384,-0.541144,-0.541763
30.34,30.32,-0.69136,-0.700538,0.047644,0.044243,-0.487899,-0.490121
30.37,30.38,-0.705641,-0.707534,0.04217,0.040149,-0.493595,-0.492032
30.39,30.39,-0.623525,-0.621287,0.127522,0.128892,-0.556028,-0.553088
30.66,30.69,-0.704656,-0.709023,0.036652,0.037334,-0.490644,-0.490674
30.49,30.5,-0.698714,-0.693416,0.040177,0.043651,-0.491554,-0.488363
29.13,29.14,0.398808,0.399886,-0.618318,-0.61923,-0.548082,-0.546581
28.62,28.62,-0.080083,-0.079484,-0.711333,-0.712329,-0.514728,-0.514634
28.44,28.44,0.136577,0.136463,-0.933192,-0.933507,-0.578971,-0.577673
29.54,29.57,-0.687207,-0.701879,0.092983,0.090424,-0.482341,-0.481596
30.45,30.45,-0.706643,-0.706161,0.040653,0.040139,-0.492119,-0.490718
30.36,30.34,-0.616149,-0.622373,0.130999,0.129094,-0.552418,-0.553595
29.77,29.82,-0.707497,-0.706104,0.087427,0.087839,-0.483081,-0.483666
30.7,30.71,-0.691356,-0.696374,0.04464,0.041149,-0.486932,-0.488618
28.55,28.54,-0.207019,-0.206797,0.649147,0.648169,-0.580561,-0.582173
29.62,29.61,-0.706965,-0.706606,0.088468,0.087429,-0.486571,-0.482973
29.51,29.54,-0.718895,-0.701755,0.085384,0.089045,-0.482702,-0.483013
29.79,29.8,-0.706009,-0.706603,0.088436,0.087734,-0.483558,-0.483371
30.37,30.39,-0.60377,-0.612974,0.131532,0.131214,-0.551303,-0.552689
30.6,30.63,-0.615617,-0.625646,0.126524,0.12547,-0.553466,-0.551962
28.62,28.63,-0.078171,-0.078626,-0.712899,-0.713864,-0.508218,-0.511138
30.3,30.3,-0.70604,-0.705321,0.087403,0.087932,-0.480565,-0.482856
30.43,30.44,-0.61257,-0.613076,0.132123,0.132011,-0.561891,-0.560995
28.59,28.6,-0.075099,-0.075118,-0.752416,-0.75103,-0.539693,-0.538776
30.37,30.38,-0.717023,-0.709038,0.037135,0.041029,-0.49325,-0.491033
29.02,29.04,0.395136,0.395498,-0.608002,-0.606932,-0.535976,-0.533557
30.63,30.63,-0.708168,-0.706083,0.038604,0.039616,-0.488148,-0.488719
30.4,30.41,-0.706679,-0.705581,0.04162,0.040828,-0.489604,-0.489803
29.69,29.73,-0.704511,-0.705806,0.086447,0.087539,-0.483567,-0.483566
30.6,30.64,-0.707178,-0.706867,0.04011,0.03852,-0.488623,-0.489039
28.67,28.66,-0.073654,-0.073387,-0.746937,-0.745862,-0.538617,-0.536599
30.61,30.64,-0.613148,-0.630481,0.126023,0.124272,-0.552448,-0.55342
29.74,29.78,-0.705511,-0.706209,0.086936,0.087431,-0.48307,-0.48297
26.52,26.42,9.387011,9.100777,5.243301,4.926565,-6.19677,-5.466052
29.57,29.56,-0.705563,-0.709486,0.090896,0.086612,-0.480521,-0.482306
30.49,30.5,-0.693307,-0.707565,0.04316,0.039015,-0.488969,-0.48894
30.19,30.19,-0.703224,-0.702207,0.044625,0.045657,-0.489539,-0.492123
30.48,30.46,-0.706671,-0.706567,0.038117,0.039827,-0.488642,-0.489823
29.09,29.08,0.38914,0.390365,-0.605061,-0.605724,-0.533491,-0.536093
30.12,30.11,-0.713444,-0.708868,0.086906,0.087339,-0.483139,-0.484497
29.18,29.18,0.397713,0.398639,-0.614914,-0.617385,-0.541041,-0.542664
30.64,30.64,-0.707144,-0.705674,0.037136,0.038628,-0.490159,-0.489328
30.36,30.38,-0.707611,-0.697072,0.039669,0.044452,-0.493641,-0.489788
28.61,28.61,-0.076162,-0.075749,-0.745972,-0.748862,-0.536624,-0.536754
29.66,29.67,-0.688216,-0.702343,0.092961,0.088748,-0.480847,-0.483422
30.72,30.71,-0.706668,-0.707469,0.038622,0.037608,-0.489136,-0.488053
30.49,30.48,-0.615035,-0.610617,0.12962,0.133003,-0.56194,-0.55976
30.13,30.12,-0.702181,-0.703096,0.046185,0.046761,-0.494522,-0.49292
29.16,29.17,0.40077,0.402056,-0.618833,-0.618129,-0.546068,-0.546149
28.61,28.59,-0.079494,-0.079471,-0.722771,-0.723349,-0.517357,-0.519066
30.58,30.58,-0.726449,-0.693021,0.032581,0.04355,-0.490879,-0.48816
29.51,29.52,-0.706533,-0.705608,0.086902,0.086536,-0.480575,-0.483075
30.37,30.34,-0.707481,-0.709461,0.084435,0.08403,-0.483115,-0.483237
30.24,30.26,-0.693274,-0.711917,0.048207,0.042319,-0.49392,-0.491344
28.56,28.48,-0.416537,-0.402179,-0.540381,-0.590965,-0.44459,-0.346966
29.11,29.11,0.398769,0.398667,-0.618859,-0.618762,-0.544583,-0.544383
30.36,30.36,-0.730259,-0.718771,0.080366,0.081899,-0.48386,-0.483242
30.66,30.68,-0.718012,-0.71258,0.03212,0.035428,-0.491312,-0.490927
30.64,30.66,-0.635889,-0.638003,0.12199,0.122853,-0.556198,-0.554002
30.12,30.13,-0.706019,-0.705411,0.087925,0.088241,-0.482562,-0.483755
30.49,30.49,-0.705178,-0.699664,0.039132,0.042824,-0.489619,-0.487926
30.3,30.3,-0.705497,-0.70602,0.086449,0.087924,-0.484077,-0.482462
29.68,29.68,-0.686203,-0.703146,0.091995,0.088636,-0.482845,-0.482629
30.37,30.38,-0.714574,-0.697368,0.038117,0.044553,-0.491214,-0.48999
30.46,30.46,-0.707152,-0.706073,0.038632,0.039427,-0.490142,-0.489523
30.45,30.45,-0.62155,-0.621852,0.129025,0.128719,-0.555993,-0.555499
30.43,30.43,-0.621573,-0.621663,0.130005,0.12871,-0.55448,-0.554696
30.69,30.67,-0.697732,-0.703772,0.038667,0.038051,-0.49006,-0.49052
30.69,30.71,-0.688842,-0.690924,0.042678,0.042871,-0.488936,-0.489052
29.16,29.16,0.401756,0.402178,-0.617832,-0.618507,-0.546048,-0.547855
30.51,30.5,-0.705192,-0.705288,0.040622,0.041226,-0.489101,-0.489596
30.42,30.42,-0.704686,-0.705575,0.041134,0.040934,-0.490093,-0.490303
30.64,30.64,-0.705677,-0.707061,0.037622,0.038423,-0.488638,-0.489343
30.52,30.48,-0.708168,-0.706872,0.038604,0.037712,-0.488148,-0.488247
30.66,30.62,-0.707181,-0.706059,0.039605,0.039239,-0.488128,-0.490527
29.69,29.68,-0.691192,-0.705714,0.090943,0.088035,-0.479894,-0.483259
30.46,30.47,-0.706682,-0.7041,0.040112,0.040828,-0.488619,-0.48929
30.57,30.56,-0.707156,-0.707072,0.037124,0.038011,-0.489158,-0.488245
30.46,30.46,-0.611174,-0.616814,0.131035,0.129822,-0.553877,-0.55434
28.59,28.44,-0.421374,-0.411271,-0.5383,-0.568036,-0.53727,-0.45778
28.94,28.94,0.296792,0.297379,-0.639645,-0.639952,-0.54921,-0.548407
30.12,30.13,-0.702198,-0.702486,0.04717,0.045674,-0.493509,-0.493628
28.56,27.43,-0.737069,-0.703887,-0.42484,-0.374807,0.054312,0.051961
28.65,28.64,-0.080023,-0.08023,-0.716789,-0.713989,-0.517294,-0.517865
30.51,30.52,-0.61755,-0.617768,0.129575,0.130157,-0.558958,-0.557651
30.43,30.43,-0.613068,-0.613052,0.133623,0.131734,-0.562379,-0.562901
30.46,30.48,-0.605268,-0.618688,0.133521,0.129524,-0.551293,-0.555061
30.48,30.47,-0.70616,-0.702625,0.038635,0.041523,-0.490134,-0.488568
29.03,29.02,0.677078,0.679119,-0.485737,-0.485772,-0.492072,-0.496863
30.68,30.67,-0.717029,-0.706151,0.032616,0.037141,-0.490797,-0.490251
29.11,29.12,0.398765,0.39967,-0.619363,-0.619048,-0.544088,-0.545178
30.46,30.45,-0.612721,-0.614844,0.131974,0.130118,-0.549372,-0.553418
28.61,28.61,-0.076093,-0.074583,-0.751921,-0.752795,-0.539696,-0.541196
30.6,30.59,-0.70669,-0.706572,0.038099,0.038117,-0.487139,-0.48864
28.95,28.95,0.656528,0.657932,-0.484027,-0.485811,-0.474701,-0.47521
30.69,30.69,-0.697251,-0.700328,0.039155,0.039943,-0.489049,-0.489166
30.36,30.33,-0.68589,-0.704473,0.049184,0.042053,-0.489838,-0.491783
30.51,30.51,-0.621057,-0.619864,0.130529,0.129333,-0.556473,-0.556176
30.61,30.63,-0.705667,-0.707065,0.040139,0.039121,-0.490613,-0.489335
30.33,30.33,-0.696749,-0.709917,0.043676,0.040137,-0.491498,-0.491752
30.39,30.37,-0.699079,-0.72926,0.085945,0.079174,-0.481522,-0.483965
30.63,30.63,-0.70766,-0.707168,0.037614,0.03641,-0.488656,-0.487864
30.49,30.51,-0.688345,-0.695009,0.044686,0.044039,-0.48991,-0.487972
30.45,30.44,-0.62107,-0.621472,0.12851,0.129306,-0.554492,-0.554387
30.37,30.39,-0.704672,-0.705376,0.040648,0.040735,-0.4911,-0.490304
30.45,30.45,-0.70665,-0.706365,0.03864,0.039831,-0.490639,-0.490122
30.52,30.5,-0.693816,-0.695214,0.044648,0.044333,-0.488456,-0.48757
30.73,30.71,-0.689828,-0.690142,0.04268,0.042963,-0.489445,-0.488142
30.6,30.56,-0.707661,-0.707168,0.036611,0.037513,-0.488166,-0.488352
30.45,30.47,-0.706191,-0.706871,0.037602,0.036711,-0.48714,-0.487958
30.46,30.47,-0.706164,-0.706571,0.038131,0.037516,-0.489639,-0.488447
30.39,30.39,-0.622583,-0.620098,0.130987,0.129698,-0.553476,-0.553369
30.22,30.22,-0.691834,-0.696476,0.048165,0.047664,-0.489901,-0.49125
30.4,30.41,-0.705683,-0.70578,0.042128,0.040727,-0.49009,-0.489706
30.13,30.14,-0.71044,-0.702543,0.085944,0.088746,-0.485127,-0.483324
30.42,30.42,-0.620587,-0.621865,0.131006,0.129107,-0.55446,-0.554593
30.6,30.58,-0.724937,-0.708061,0.03261,0.039314,-0.492869,-0.48904
30.64,30.65,-0.708646,-0.707073,0.037617,0.039214,-0.489165,-0.488733
30.46,30.47,-0.613054,-0.613559,0.132133,0.132623,-0.562897,-0.562295
28.52,28.53,0.143202,0.142777,-0.664188,-0.663815,-0.548318,-0.546214
24.22,24.2,-0.448431,-0.447353,0.116225,0.116418,-0.556137,-0.555224
30.57,30.57,-0.68689,-0.705678,0.046165,0.039827,-0.487877,-0.489515
30.51,30.51,-0.621069,-0.618967,0.129514,0.128739,-0.554982,-0.556275
30.69,30.72,-0.707158,-0.707454,0.037622,0.038125,-0.489152,-0.48955
29.16,29.16,0.400248,0.399481,-0.617357,-0.619239,-0.544553,-0.545883
29.48,29.5,-0.706017,-0.709475,0.086423,0.086824,-0.482078,-0.483306
30.55,30.55,-0.619076,-0.618555,0.130032,0.129759,-0.55596,-0.557962
29.2,29.21,0.401287,0.401671,-0.619312,-0.618621,-0.547571,-0.546859
30.37,30.37,-0.691821,-0.692111,0.044667,0.045878,-0.48944,-0.490631
30.37,30.36,-0.623064,-0.622363,0.129495,0.1277,-0.553998,-0.553812
28.74,28.73,0.142682,0.142575,-0.664213,-0.66402,-0.546319,-0.545817
28.64,28.64,-0.080026,-0.080029,-0.71629,-0.714087,-0.517288,-0.517965
30.61,30.63,-0.707681,-0.707165,0.039099,0.038618,-0.487637,-0.489041
28.61,28.61,-0.079653,-0.080038,-0.70939,-0.709681,-0.510195,-0.511003
30.48,30.47,-0.705676,-0.706276,0.039629,0.03922,-0.489617,-0.489026
30.63,30.6,-0.70617,-0.707147,0.037122,0.036931,-0.488648,-0.489761
30.1,30.1,-0.70318,-0.702996,0.047677,0.047162,-0.494513,-0.493115
30.25,30.26,-0.713064,-0.702731,0.039649,0.045326,-0.493688,-0.489627
28.65,26.99,-0.198957,0.186093,0.648803,-0.061676,-0.591013,-0.776233
30.49,30.48,-0.708151,-0.706981,0.036615,0.037402,-0.488671,-0.48735
29.71,29.74,-0.705976,-0.706109,0.087967,0.087633,-0.486067,-0.483167
29.8,29.77,-0.705513,-0.706207,0.088438,0.088437,-0.483554,-0.48366
30.55,30.53,-0.707188,-0.707356,0.038596,0.03682,-0.487138,-0.488863
30.48,30.5,-0.702182,-0.70241,0.038662,0.04144,-0.491101,-0.489869
30.52,30.55,-0.712105,-0.701612,0.036612,0.040444,-0.489707,-0.489773
30.57,30.6,-0.692826,-0.718538,0.043648,0.034895,-0.487957,-0.489983
30.12,30.12,-0.705538,-0.712127,0.088414,0.084732,-0.48155,-0.484454
30.57,30.55,-0.620039,-0.619843,0.129055,0.129554,-0.557984,-0.557976
30.61,30.61,-0.706668,-0.707464,0.038622,0.038415,-0.489136,-0.488845
30.04,30.06,-0.702702,-0.702611,0.048664,0.047955,-0.493496,-0.492502
30.36,30.37,-0.692337,-0.703294,0.047153,0.042848,-0.488915,-0.491163
30.48,30.5,-0.687872,-0.703701,0.046671,0.04053,-0.488882,-0.48929
30.48,30.49,-0.692317,-0.698932,0.044666,0.041561,-0.489444,-0.490539
30.68,30.66,-0.638413,-0.638815,0.123441,0.123334,-0.553198,-0.552702
30.37,30.34,-0.695151,-0.695413,0.088429,0.088061,-0.479456,-0.482168
30.21,30.24,-0.703705,-0.69698,0.044136,0.047754,-0.490551,-0.490652
30.45,30.46,-0.706658,-0.706856,0.041139,0.039835,-0.491111,-0.490527
30.34,30.36,-0.622566,-0.62206,0.128998,0.128508,-0.553999,-0.554601
30.39,30.4,-0.705529,-0.705921,0.087921,0.087223,-0.482057,-0.482168
30.48,30.48,-0.704693,-0.70579,0.040125,0.040316,-0.489102,-0.488709
28.95,28.95,0.645535,0.648026,-0.477134,-0.478717,-0.470711,-0.471008
30.69,30.69,-0.71554,-0.714356,0.034629,0.033625,-0.491763,-0.490862
30.09,30.1,-0.701209,-0.701713,0.048676,0.048666,-0.493984,-0.493287
30.64,30.63,-0.706151,-0.706167,0.039146,0.038127,-0.49113,-0.489338
30.36,30.38,-0.734703,-0.723697,0.075855,0.080208,-0.483449,-0.485207
30.61,30.61,-0.707146,-0.697762,0.038638,0.041445,-0.490643,-0.488827
30.39,30.36,-0.723307,-0.719443,0.079401,0.081016,-0.484311,-0.48466
29.77,29.78,-0.706013,-0.706306,0.086928,0.087534,-0.482573,-0.48327
30.66,30.63,-0.70665,-0.706567,0.03864,0.038624,-0.490639,-0.489336
30.42,30.42,-0.622061,-0.622555,0.128507,0.128908,-0.554501,-0.554802
30.36,30.37,-0.705645,-0.70578,0.040662,0.04183,-0.492611,-0.490194
30.48,30.49,-0.705669,-0.705775,0.040638,0.04023,-0.490608,-0.489912
30.72,30.7,-0.71604,-0.715842,0.032115,0.03372,-0.490294,-0.490975
30.39,30.38,-0.705668,-0.703697,0.042645,0.041938,-0.491587,-0.490276
30.51,30.48,-0.707144,-0.705575,0.040645,0.040232,-0.491622,-0.490011
30.57,30.59,-0.70714,-0.706379,0.03764,0.037412,-0.490654,-0.487946
30.31,30.31,-0.705015,-0.705615,0.087941,0.087433,-0.483555,-0.482965
29.6,29.58,-0.706491,-0.705705,0.085941,0.087241,-0.48359,-0.483569
30.52,30.53,-0.630439,-0.611811,0.131534,0.13149,-0.560049,-0.558786
30.7,30.7,-0.716526,-0.715151,0.033627,0.034021,-0.491783,-0.490865
30.45,30.45,-0.620546,-0.620662,0.129041,0.129526,-0.556986,-0.55588
30.39,30.38,-0.705019,-0.705018,0.087437,0.087036,-0.483059,-0.482964
30.7,30.71,-0.706663,-0.70371,0.037624,0.038816,-0.489148,-0.487806
28.38,28.38,0.139544,0.138954,-0.934191,-0.934088,-0.577955,-0.578359
30.25,30.25,-0.686372,-0.698061,0.048695,0.046256,-0.490849,-0.490778
30.58,30.58,-0.719064,-0.706089,0.035565,0.040413,-0.487776,-0.48861
28.97,28.97,0.634018,0.633721,-0.470771,-0.469468,-0.464228,-0.464817
30.63,30.63,-0.70717,-0.706765,0.03761,0.039125,-0.48815,-0.489532
29.93,29.93,-0.690179,-0.698779,0.09147,0.088757,-0.481883,-0.482991
30.37,30.36,-0.707684,-0.706893,0.043106,0.043308,-0.489094,-0.488985
30.57,30.58,-0.687389,-0.719332,0.045658,0.034992,-0.487387,-0.489989
30.04,30.07,-0.702696,-0.702307,0.04867,0.048264,-0.493997,-0.493197
30.4,30.4,-0.623575,-0.622455,0.128976,0.129712,-0.552505,-0.555292
30.39,30.42,-0.706673,-0.705283,0.040622,0.041632,-0.489615,-0.490192
30.6,30.6,-0.612225,-0.628088,0.127463,0.12289,-0.547415,-0.553916
29.54,29.53,-0.724288,-0.704921,0.081914,0.088639,-0.486295,-0.483446
22.92,22.91,-0.457114,-0.457507,0.086347,0.085948,-0.563063,-0.563171
28.61,28.61,-0.075752,-0.076814,-0.741542,-0.743423,-0.531562,-0.533095
30.42,30.38,-0.704716,-0.705374,0.042108,0.04144,-0.488078,-0.490796
30.4,30.37,-0.706995,-0.705529,0.087435,0.087721,-0.483578,-0.481959
30.33,30.32,-0.722993,-0.71863,0.037593,0.038813,-0.491794,-0.492344
30.46,30.46,-0.706665,-0.70647,0.039126,0.040227,-0.489632,-0.489818
30.54,30.5,-0.688376,-0.712613,0.047162,0.0374,-0.48838,-0.489002
30.54,30.55,-0.707162,-0.707472,0.037118,0.037304,-0.488657,-0.487656
25.15,25.76,-0.636543,-0.684902,0.727884,0.754746,0.335711,0.124726
30.64,30.64,-0.707648,-0.707354,0.03863,0.038828,-0.490147,-0.489942
30.63,30.63,-0.707161,-0.706665,0.038121,0.038324,-0.489146,-0.48924
28.94,28.93,0.298763,0.299358,-0.640653,-0.640651,-0.547702,-0.547697
30.52,30.5,-0.714136,-0.708867,0.036557,0.039398,-0.485719,-0.488045
29.21,29.22,0.402273,0.40196,-0.618311,-0.618729,-0.547551,-0.546056
30.4,30.41,-0.704681,-0.705078,0.040137,0.040937,-0.490104,-0.490399
30.7,30.71,-0.706196,-0.707167,0.0386,0.037815,-0.487129,-0.488549
30.31,30.32,-0.70702,-0.70581,0.087411,0.087134,-0.481575,-0.48307
30.34,30.36,-0.714897,-0.712934,0.082923,0.082911,-0.484198,-0.482578
29.2,29.19,0.399742,0.399754,-0.618873,-0.618561,-0.543072,-0.54417
28.64,28.64,-0.079451,-0.079661,-0.719719,-0.719732,-0.522331,-0.521331
30.68,30.71,-0.706677,-0.703407,0.039114,0.039726,-0.48863,-0.488695
30.58,30.59,-0.707655,-0.707771,0.036617,0.038104,-0.488667,-0.48795
30.48,30.52,-0.707672,-0.707265,0.037602,0.037715,-0.487654,-0.488551
30.46,30.47,-0.707163,-0.706577,0.040627,0.040018,-0.49012,-0.48912
30.6,30.59,-0.707153,-0.70706,0.036625,0.03682,-0.489163,-0.48876
30.25,30.22,-0.689369,-0.703886,0.050667,0.044655,-0.489852,-0.49225
30.49,30.49,-0.706657,-0.707066,0.036627,0.037917,-0.489159,-0.488747
29.79,29.81,-0.706025,-0.7064,0.087919,0.087839,-0.482061,-0.483768
30.54,30.52,-0.61807,-0.61835,0.129549,0.130167,-0.556959,-0.558657
30.4,30.39,-0.706506,-0.705728,0.087431,0.08792,-0.483073,-0.481958
30.52,30.5,-0.706684,-0.706378,0.037102,0.037011,-0.48715,-0.48785
30.07,30.12,-0.702701,-0.702596,0.046159,0.047869,-0.492523,-0.493705
30.33,30.33,-0.717075,-0.71013,0.040091,0.041425,-0.490212,-0.491138
30.61,30.64,-0.707152,-0.706875,0.038632,0.039014,-0.490142,-0.488633
30.51,30.51,-0.621029,-0.619772,0.130054,0.129426,-0.558482,-0.555573
30.34,30.33,-0.689392,-0.690952,0.048138,0.047757,-0.486875,-0.488897
30.37,30.4,-0.641362,-0.622169,0.12546,0.1295,-0.556206,-0.55419
30.31,30.34,-0.702579,-0.698414,0.087909,0.089228,-0.480028,-0.480578
30.4,30.41,-0.705161,-0.70577,0.040652,0.041539,-0.491605,-0.490899
28.52,28.54,0.147045,0.14705,-0.939114,-0.938306,-0.58095,-0.581743
29.53,29.54,-0.707497,-0.717279,0.088431,0.084116,-0.483571,-0.484606
30.34,30.33,-0.700559,-0.698201,0.087952,0.08844,-0.483015,-0.481386
30.37,30.39,-0.604271,-0.635619,0.132528,0.126978,-0.551296,-0.556139
26.33,26.83,8.733812,7.465705,3.903316,3.610403,-4.162519,-4.251182
30.37,30.41,-0.623555,-0.622574,0.127492,0.128288,-0.553524,-0.553005
28.62,28.62,-0.079092,-0.079896,-0.712332,-0.711543,-0.51423,-0.513727
28.91,28.92,0.299286,0.299859,-0.640123,-0.640243,-0.550196,-0.548289
30.48,30.46,-0.706686,-0.706466,0.039607,0.039228,-0.488124,-0.489729
29.95,29.92,-0.691162,-0.705017,0.090973,0.087438,-0.482398,-0.48316
29.21,29.2,0.400772,0.400376,-0.620335,-0.618833,-0.545584,-0.546271
30.66,30.64,-0.707196,-0.706369,0.040092,0.038825,-0.487121,-0.489332
30.46,30.46,-0.705679,-0.706575,0.040127,0.039619,-0.489612,-0.489124
28.95,28.94,0.297264,0.297072,-0.639668,-0.639161,-0.547203,-0.5479
30.28,30.31,-0.712387,-0.721302,0.074941,0.07261,-0.483265,-0.483068
30.61,30.59,-0.687372,-0.704503,0.043669,0.040218,-0.48791,-0.488498
30.52,30.48,-0.706669,-0.706966,0.037618,0.036715,-0.488647,-0.488259
30.52,30.53,-0.617577,-0.617669,0.13005,0.130157,-0.556949,-0.55765
30.39,30.39,-0.621111,-0.622369,0.130476,0.128998,-0.551966,-0.553897
28.64,28.65,-0.075097,-0.074363,-0.753918,-0.74936,-0.53921,-0.536346
30.52,30.56,-0.710101,-0.71457,0.036139,0.036516,-0.491198,-0.490832
30.45,30.44,-0.621557,-0.620754,0.128016,0.129432,-0.555003,-0.556383
30.61,30.65,-0.62451,-0.63484,0.124015,0.123458,-0.555074,-0.553467
28.55,28.54,0.14654,0.14705,-0.938623,-0.938306,-0.580448,-0.581743
30.46,30.48,-0.707192,-0.707167,0.037088,0.036411,-0.486153,-0.487964
30.72,30.71,-0.690352,-0.694503,0.044655,0.041745,-0.487925,-0.487793
29.74,29.73,-0.706491,-0.707778,0.085941,0.086841,-0.48359,-0.484192
30.27,30.3,-0.707014,-0.706023,0.087417,0.08732,-0.482075,-0.481968
25.74,25.53,-2.072972,5.024272,-1.899108,3.813021,1.037783,-4.78099
30.66,30.68,-0.718976,-0.718509,0.032645,0.033119,-0.493819,-0.491606
30.66,30.66,-0.708149,-0.706659,0.038622,0.03843,-0.48965,-0.48984
29.03,29.03,0.644053,0.644465,-0.473625,-0.474309,-0.472688,-0.473694
28.61,28.61,-0.079611,-0.080031,-0.710351,-0.709272,-0.51321,-0.511799
30.64,30.65,-0.705689,-0.704205,0.038613,0.039617,-0.488126,-0.488202
29.68,29.67,-0.72134,-0.716196,0.081397,0.084513,-0.483771,-0.484091
28.43,28.43,0.137096,0.136482,-0.93417,-0.934191,-0.58048,-0.578883
30.33,30.34,-0.712899,-0.711634,0.082444,0.082225,-0.485188,-0.483176
29.69,29.68,-0.686212,-0.704121,0.093492,0.087745,-0.482828,-0.483549
30.13,30.13,-0.704994,-0.706098,0.087461,0.086841,-0.485063,-0.483677
28.61,28.61,-0.074043,-0.074444,-0.755357,-0.755363,-0.543724,-0.543327
30.24,30.26,-0.705514,-0.70533,0.087435,0.087321,-0.483064,-0.481862
30.7,30.7,-0.697735,-0.693581,0.039165,0.041277,-0.490055,-0.490095
29.6,29.58,-0.713403,-0.714431,0.084941,0.086105,-0.485665,-0.483156
30.33,30.31,-0.70862,-0.704595,0.040651,0.042832,-0.492637,-0.490173
29.16,29.15,0.400283,0.399367,-0.619328,-0.619154,-0.546578,-0.544681
28.65,28.63,-0.078137,-0.07701,-0.712364,-0.714932,-0.511217,-0.513039
30.73,30.71,-0.690335,-0.694194,0.042666,0.041959,-0.488448,-0.48889
28.92,28.85,0.446978,0.384446,-0.53538,-0.552714,-0.754088,-0.709147
30.49,30.47,-0.707639,-0.706774,0.037134,0.03721,-0.490164,-0.487951
30.49,30.51,-0.620573,-0.619166,0.129516,0.129841,-0.554978,-0.556665
27.17,27.15,0.24482,0.244518,-0.646764,-0.64737,-0.512677,-0.512086
29.21,29.2,0.399776,0.400282,-0.618338,-0.619629,-0.546071,-0.546382
30.55,30.57,-0.70573,-0.711021,0.040578,0.037813,-0.4856,-0.489685
29.07,29.07,0.395712,0.39218,-0.610427,-0.607492,-0.541509,-0.5378
28.52,28.52,0.155769,0.156576,-0.88411,-0.884095,-0.547695,-0.548789
29.56,29.52,-0.689695,-0.718664,0.092463,0.084314,-0.481367,-0.484916
28.65,28.65,-0.073774,-0.073889,-0.740537,-0.738648,-0.531533,-0.531012
29.04,29.04,0.391554,0.391777,-0.602108,-0.603988,-0.529429,-0.530651
30.43,30.45,-0.706178,-0.706182,0.039621,0.038914,-0.489121,-0.488428
29.11,29.13,0.398783,0.399274,-0.619345,-0.619449,-0.54559,-0.545086
28.59,28.62,0.143193,0.143386,-0.663695,-0.6644,-0.547811,-0.547116
30.4,30.39,-0.621586,-0.622476,0.12899,0.128488,-0.552989,-0.553002
30.14,30.13,-0.694597,-0.702247,0.089993,0.088545,-0.484944,-0.483123
30.31,30.33,-0.724452,-0.710107,0.03561,0.039643,-0.493332,-0.49226
30.36,30.36,-0.705505,-0.705626,0.086942,0.087121,-0.483571,-0.481866
30.72,30.71,-0.692316,-0.69468,0.04216,0.041264,-0.488471,-0.489403
30.42,30.42,-0.705651,-0.705573,0.041659,0.041437,-0.492599,-0.490698
30.4,30.42,-0.622581,-0.621763,0.129485,0.12901,-0.552992,-0.554793
22.78,22.77,-0.460082,-0.458875,0.087345,0.087667,-0.564079,-0.565567
30.61,30.63,-0.623075,-0.622568,0.125974,0.125988,-0.551533,-0.55253
30.61,30.63,-0.706162,-0.706952,0.040138,0.038232,-0.490618,-0.490045
30.7,30.71,-0.70767,-0.703986,0.037104,0.038336,-0.48766,-0.489417
30.45,30.46,-0.633949,-0.630261,0.127471,0.126902,-0.555117,-0.556394
30.31,30.33,-0.70503,-0.708187,0.087425,0.085724,-0.482058,-0.482706
28.52,28.52,0.147555,0.147242,-0.939599,-0.938212,-0.581953,-0.581239
28.71,28.73,0.14218,0.14228,-0.664221,-0.66412,-0.545823,-0.545921
29.79,29.82,-0.707488,-0.705907,0.086935,0.087437,-0.483588,-0.483368
30.64,30.66,-0.708153,-0.706874,0.037114,0.03751,-0.488666,-0.488049
30.39,30.4,-0.638393,-0.631374,0.126469,0.127879,-0.556169,-0.55499
30.45,30.45,-0.62356,-0.621867,0.129493,0.129406,-0.554002,-0.554589
28.55,27.05,-0.348798,1.0731,0.502196,1.241409,-0.600487,-0.45274
30.54,30.53,-0.618563,-0.618849,0.129049,0.12906,-0.556969,-0.557973
30.57,30.59,-0.69329,-0.706669,0.041171,0.039624,-0.489492,-0.489526
28.73,28.73,0.142675,0.142379,-0.665223,-0.66432,-0.545329,-0.545822
29.66,29.65,-0.706019,-0.702769,0.087925,0.090121,-0.482562,-0.481607
30.49,30.5,-0.720008,-0.715275,0.034606,0.036704,-0.491301,-0.490034
30.37,30.39,-0.622568,-0.622073,0.129497,0.128896,-0.553993,-0.553696
28.48,28.48,0.139728,0.141908,-0.664705,-0.664297,-0.547853,-0.54793
30.66,30.66,-0.70518,-0.706084,0.03963,0.039215,-0.489613,-0.488524
30.49,30.49,-0.614556,-0.613475,0.131611,0.131706,-0.561413,-0.560701
28.44,28.43,0.214688,0.214112,0.547725,0.549948,-0.556008,-0.558593
30.28,30.29,-0.689382,-0.704209,0.049652,0.043927,-0.488361,-0.489856
29.18,29.18,0.39927,0.40008,-0.619854,-0.619634,-0.54459,-0.546083
29.89,29.86,-0.685728,-0.713324,0.093481,0.085824,-0.481822,-0.484352
29.88,29.85,-0.705513,-0.715994,0.088438,0.084317,-0.483554,-0.484392
30.51,30.48,-0.706665,-0.705081,0.039126,0.040233,-0.489632,-0.489906
23.72,25.47,2.530063,0.27451,1.976266,0.390354,-0.103485,0.198153
30.33,30.32,-0.707003,-0.706697,0.085422,0.086635,-0.482098,-0.483284
30.48,30.46,-0.705688,-0.705774,0.04062,0.040131,-0.489105,-0.489913
30.48,30.47,-0.704702,-0.705491,0.040618,0.039817,-0.488596,-0.488612
30.37,30.37,-0.724955,-0.702999,0.037105,0.042446,-0.49332,-0.490764
30.4,30.42,-0.708659,-0.705374,0.041114,0.040636,-0.489626,-0.490405
28.53,28.53,-0.206497,-0.205919,0.648673,0.648057,-0.582565,-0.580864
30.28,30.29,-0.68839,-0.713403,0.049656,0.040609,-0.488352,-0.490675
30.66,30.68,-0.714048,-0.709438,0.032633,0.037514,-0.491272,-0.489173
30.1,30.15,-0.725282,-0.70355,0.081406,0.089329,-0.485808,-0.482324
28.98,28.99,0.655061,0.656679,-0.475489,-0.477358,-0.480126,-0.481836
28.92,28.76,0.447467,0.318639,-0.536388,-0.580495,-0.753094,-0.667559
30.1,30.13,-0.706977,-0.707884,0.087453,0.087435,-0.48508,-0.483886
30.61,30.63,-0.707162,-0.706479,0.037118,0.03751,-0.488657,-0.487845
29.56,29.57,-0.723299,-0.698885,0.082417,0.089852,-0.48628,-0.482879
30.64,30.64,-0.709142,-0.707262,0.036612,0.037116,-0.48868,-0.488558
30.54,30.54,-0.63734,-0.625974,0.127536,0.128244,-0.561657,-0.558846
30.33,30.3,-0.691295,-0.703805,0.045703,0.043634,-0.492429,-0.490257
29.65,29.66,-0.686229,-0.700293,0.094477,0.090329,-0.481815,-0.481483
28.53,28.61,-0.145031,-0.138548,-0.691585,-0.692727,-0.728443,-0.731004
23.86,23.52,-0.310923,-0.36907,0.070719,0.064633,0.84099,0.805555
30.72,30.71,-0.706668,-0.706575,0.038622,0.038115,-0.489136,-0.48844
30.43,30.44,-0.621572,-0.622867,0.126496,0.127188,-0.553017,-0.55292
28.92,29.0,-0.256532,0.32393,-0.677837,-0.612917,-0.494344,-0.615389
28.92,28.93,0.290204,0.292804,-0.631287,-0.633563,-0.541159,-0.541863
29.5,29.49,-0.694115,-0.707193,0.090482,0.087335,-0.483932,-0.483581
30.7,30.7,-0.715065,-0.714762,0.036114,0.034015,-0.490741,-0.490261
29.81,29.78,-0.705986,-0.706011,0.086453,0.088234,-0.484582,-0.48336
30.66,30.64,-0.707643,-0.707456,0.036629,0.036719,-0.489668,-0.488764
30.45,30.46,-0.704696,-0.706075,0.040624,0.039825,-0.489097,-0.489518
25.9,26.06,5.070402,3.425814,6.244058,3.85112,-6.978754,-4.759682
29.75,29.77,-0.706506,-0.706588,0.086428,0.087348,-0.482583,-0.484477
30.49,30.48,-0.70618,-0.695399,0.04012,0.043543,-0.489115,-0.488282
29.53,29.51,-0.707494,-0.705622,0.086929,0.088227,-0.483087,-0.482655
28.89,28.9,0.292225,0.299307,-0.634753,-0.641707,-0.542683,-0.551215
30.73,30.71,-0.691307,-0.693905,0.041178,0.042051,-0.489475,-0.488185
30.57,30.58,-0.694291,-0.712095,0.045169,0.036823,-0.490457,-0.490607
30.49,30.48,-0.705703,-0.705889,0.040103,0.040415,-0.487609,-0.488709
30.25,30.23,-0.706512,-0.707897,0.087425,0.087122,-0.482572,-0.482688
30.48,30.49,-0.697244,-0.707244,0.041168,0.038538,-0.490528,-0.490645
30.45,30.44,-0.622073,-0.622146,0.129498,0.129122,-0.553989,-0.555897
30.6,30.58,-0.685909,-0.705387,0.048163,0.039621,-0.487846,-0.488914
30.58,30.62,-0.698239,-0.703807,0.04066,0.039922,-0.490042,-0.488496
28.3,28.31,0.14206,0.142438,-0.933142,-0.933359,-0.581427,-0.579823
30.37,30.37,-0.609201,-0.637116,0.128525,0.126762,-0.551885,-0.555253
29.59,29.59,-0.707518,-0.700352,0.087908,0.087961,-0.481573,-0.483714
30.24,30.24,-0.709963,-0.70383,0.084924,0.08754,-0.483131,-0.482948
30.39,30.38,-0.706167,-0.701521,0.042138,0.043044,-0.491096,-0.490244
30.4,30.39,-0.613694,-0.618231,0.131988,0.13049,-0.550883,-0.552242
28.59,28.61,-0.079139,-0.079812,-0.70937,-0.710354,-0.511693,-0.513012
29.65,29.66,-0.6857,-0.709868,0.09401,0.086224,-0.48432,-0.483316
30.64,30.64,-0.706668,-0.706268,0.039625,0.038927,-0.489626,-0.48953
29.79,29.76,-0.704523,-0.705704,0.087439,0.087242,-0.483055,-0.483669
29.0,29.0,0.685618,0.684424,-0.489606,-0.489414,-0.499555,-0.499263
28.62,28.61,-0.073488,-0.073394,-0.761814,-0.760516,-0.545796,-0.545881
30.72,30.71,-0.706681,-0.70368,0.037606,0.038245,-0.487645,-0.490016
30.7,30.71,-0.690326,-0.690841,0.043177,0.043156,-0.489444,-0.487846
30.46,30.46,-0.706184,-0.706652,0.039615,0.039841,-0.48862,-0.491026
30.45,30.46,-0.705679,-0.706567,0.039124,0.040028,-0.489122,-0.489921
24.96,25.12,-1.673879,-0.796384,1.557275,0.733098,0.301535,0.323763
30.33,30.33,-0.698776,-0.699254,0.047135,0.044945,-0.489472,-0.490002
30.39,30.37,-0.601786,-0.615059,0.132543,0.130001,-0.551775,-0.552019
30.37,30.39,-0.705168,-0.709525,0.040646,0.040133,-0.491104,-0.491348
30.69,30.7,-0.699736,-0.698421,0.03914,0.039371,-0.48857,-0.490759
30.12,30.09,-0.701695,-0.701898,0.049185,0.047976,-0.494984,-0.494098
30.46,30.47,-0.615143,-0.619308,0.131519,0.1305,-0.553906,-0.553453
29.21,29.22,0.39977,0.399561,-0.618344,-0.619058,-0.54557,-0.544378
30.51,30.51,-0.623559,-0.623449,0.125984,0.125594,-0.552539,-0.553244
30.46,30.46,-0.706172,-0.705582,0.038624,0.039724,-0.489132,-0.489215
30.1,30.09,-0.701692,-0.701896,0.048686,0.048279,-0.49499,-0.494395
30.51,30.5,-0.621033,-0.619569,0.128546,0.129833,-0.557497,-0.556168
29.93,29.91,-0.718811,-0.704915,0.080955,0.088144,-0.487761,-0.483752
30.51,30.52,-0.62146,-0.618617,0.128112,0.129394,-0.563015,-0.560872
29.77,29.77,-0.706518,-0.706208,0.086416,0.087733,-0.481581,-0.483167
30.64,30.62,-0.707161,-0.706465,0.038121,0.039028,-0.489146,-0.489731
30.52,30.54,-0.618073,-0.618672,0.130048,0.130042,-0.556953,-0.556658
30.7,30.71,-0.68934,-0.690641,0.044178,0.042958,-0.489424,-0.487846
29.81,29.79,-0.705996,-0.706285,0.085943,0.087153,-0.483586,-0.484777
30.49,30.48,-0.619567,-0.620964,0.129033,0.128818,-0.555976,-0.555189
29.6,29.63,-0.706493,-0.705908,0.088446,0.086935,-0.484564,-0.483073
29.04,29.04,0.392086,0.390274,-0.603073,-0.602906,-0.53194,-0.52985
30.37,30.37,-0.721032,-0.722223,0.037078,0.037072,-0.489779,-0.48969
30.63,30.62,-0.706662,-0.707354,0.038628,0.038828,-0.489637,-0.489942
28.85,28.93,-0.179114,-0.10511,-0.623333,-0.631449,-0.564679,-0.571341
30.63,30.62,-0.707143,-0.70667,0.038139,0.038419,-0.490649,-0.488939
30.49,30.52,-0.618572,-0.61866,0.129541,0.129753,-0.556463,-0.557463
30.42,30.42,-0.623055,-0.621963,0.130005,0.128908,-0.554994,-0.554596
30.36,30.37,-0.630549,-0.617325,0.129419,0.129705,-0.550056,-0.553044
30.46,30.49,-0.706666,-0.706776,0.03712,0.036707,-0.488653,-0.487556
30.63,30.63,-0.616609,-0.619184,0.125517,0.124809,-0.552985,-0.553016
30.39,30.39,-0.705009,-0.70632,0.086944,0.087118,-0.483566,-0.481873
30.36,30.35,-0.719039,-0.698869,0.037596,0.044634,-0.490758,-0.4889
28.56,28.54,-0.109014,-0.111399,0.687463,0.687248,-0.583283,-0.582805
30.66,30.68,-0.707189,-0.706477,0.037592,0.037814,-0.486648,-0.488243
30.68,30.67,-0.705193,-0.701337,0.038615,0.040625,-0.488122,-0.488066
28.74,28.73,-0.33984,-0.324682,0.41696,0.403904,-0.77017,-0.648774
29.57,29.57,-0.705513,-0.706105,0.088438,0.087837,-0.483554,-0.483565
30.64,30.66,-0.705683,-0.706874,0.037616,0.03731,-0.488137,-0.487951
30.66,30.63,-0.706671,-0.707453,0.038117,0.038627,-0.488642,-0.489844
30.7,30.67,-0.711571,-0.709824,0.035148,0.037022,-0.492224,-0.489883
30.49,30.47,-0.705703,-0.705995,0.040103,0.040709,-0.487609,-0.488306
29.68,29.69,-0.692123,-0.695729,0.091,0.09105,-0.484911,-0.481936
30.66,30.64,-0.707152,-0.707072,0.038632,0.038412,-0.490142,-0.488441
30.39,30.39,-0.636938,-0.623372,0.127947,0.129183,-0.554136,-0.553002
28.53,28.56,-0.25971,-0.298603,-0.55874,-0.59301,-0.61173,-0.611455
30.33,30.34,-0.692656,-0.697415,0.088955,0.088637,-0.480932,-0.480876
30.58,30.6,-0.724468,-0.707057,0.033087,0.03913,-0.490856,-0.490036
30.33,30.32,-0.711958,-0.70897,0.084905,0.085431,-0.482147,-0.483417
30.46,30.45,-0.613688,-0.613252,0.131994,0.13023,-0.551383,-0.553904
30.48,30.49,-0.620075,-0.620861,0.129019,0.128822,-0.554979,-0.555489
30.7,30.7,-0.707182,-0.707171,0.038602,0.037911,-0.487638,-0.488247
30.63,30.62,-0.706164,-0.706471,0.038131,0.039323,-0.489639,-0.489327
30.48,30.46,-0.706172,-0.705669,0.038624,0.039535,-0.489132,-0.490119
30.72,30.7,-0.707636,-0.706431,0.037638,0.036855,-0.490659,-0.491558
30.73,30.73,-0.689373,-0.69411,0.043644,0.041943,-0.486425,-0.487587
29.83,29.83,-0.705051,-0.705205,0.088909,0.088049,-0.48104,-0.484256
30.48,30.49,-0.614077,-0.61457,0.130092,0.130695,-0.559423,-0.559921
28.71,27.42,-0.395174,0.65246,0.367395,0.903346,-0.4787,-2.318782
29.62,29.67,-0.687197,-0.698796,0.093494,0.089843,-0.483337,-0.482077
28.38,28.37,0.141026,0.141839,-0.933187,-0.934268,-0.57793,-0.579038
30.33,30.36,-0.706508,-0.706025,0.08793,0.087819,-0.483067,-0.481962
28.56,28.93,-0.148115,0.177438,0.675347,-0.103492,-0.58376,-0.5593
30.64,30.64,-0.706172,-0.707165,0.038624,0.038819,-0.489132,-0.489138
29.2,29.21,0.39976,0.399183,-0.618855,-0.619542,-0.544574,-0.545689
28.77,28.77,-0.284824,-0.267014,-0.551633,-0.558426,-0.588327,-0.590152
30.64,30.68,-0.706666,-0.706773,0.038123,0.037814,-0.489142,-0.488345
30.51,30.48,-0.692329,-0.695882,0.044654,0.043153,-0.488443,-0.489192
30.46,30.46,-0.613571,-0.612864,0.131608,0.131423,-0.560904,-0.561901
30.49,30.49,-0.708157,-0.707958,0.036609,0.037212,-0.48817,-0.488463
29.59,29.58,-0.719371,-0.694919,0.083898,0.09127,-0.483725,-0.483429
30.66,30.64,-0.620053,-0.622174,0.125029,0.125786,-0.555024,-0.552229
30.22,30.23,-0.689181,-0.697608,0.092483,0.088942,-0.482865,-0.481475
30.49,30.5,-0.716534,-0.707248,0.035124,0.038534,-0.491766,-0.490345
30.3,30.34,-0.709105,-0.693404,0.038654,0.046069,-0.492663,-0.490339
30.7,30.68,-0.707128,-0.7102,0.038656,0.035537,-0.492145,-0.490905
29.77,29.74,-0.705507,-0.706197,0.089447,0.087544,-0.484544,-0.48407
29.2,29.2,0.412335,0.410946,-0.625148,-0.624553,-0.556557,-0.556763
28.62,28.63,-0.079623,-0.080435,-0.710363,-0.709382,-0.512209,-0.511103
30.48,30.5,-0.691344,-0.690648,0.044652,0.045158,-0.487933,-0.488322
30.43,30.44,-0.622572,-0.622357,0.128992,0.12931,-0.553499,-0.554995
30.33,30.33,-0.718546,-0.713798,0.039099,0.04071,-0.491238,-0.490878
29.95,29.97,-0.707005,-0.705615,0.086924,0.087634,-0.482582,-0.483063
29.63,29.66,-0.721834,-0.708577,0.084405,0.086732,-0.485244,-0.4837
30.33,30.34,-0.691819,-0.702027,0.048681,0.043835,-0.491398,-0.489838
29.65,29.65,-0.686707,-0.703259,0.09349,0.088521,-0.482832,-0.481429
30.54,30.53,-0.696249,-0.709915,0.041677,0.036728,-0.491015,-0.490388
30.36,30.36,-0.693835,-0.695389,0.048139,0.04596,-0.488416,-0.490258
30.46,30.47,-0.621078,-0.620554,0.129003,0.129635,-0.553986,-0.556579
29.51,29.5,-0.721856,-0.706203,0.083883,0.087638,-0.483246,-0.483569
23.72,24.0,2.286539,2.52878,1.772669,1.782189,-0.090376,-0.452202
30.39,30.38,-0.706168,-0.705495,0.040132,0.042521,-0.490117,-0.489483
30.48,30.49,-0.613573,-0.613965,0.133111,0.131108,-0.561388,-0.560912
28.7,28.7,0.143162,0.142566,-0.663725,-0.664231,-0.545308,-0.544918
28.59,28.61,-0.076063,-0.076579,-0.71678,-0.717503,-0.516758,-0.514768
30.61,30.62,-0.706657,-0.707367,0.036627,0.037712,-0.489159,-0.488351
28.77,28.77,-0.239962,-0.237154,-0.427394,-0.426751,-0.703234,-0.706108
30.43,30.41,-0.707177,-0.705177,0.042117,0.041338,-0.489602,-0.490596
30.63,30.63,-0.707157,-0.706858,0.039629,0.03883,-0.490131,-0.489937
30.37,30.38,-0.725432,-0.708036,0.034615,0.040141,-0.493853,-0.491535
30.57,30.59,-0.719081,-0.713083,0.037554,0.036421,-0.487253,-0.49072
30.3,30.33,-0.705648,-0.706873,0.041161,0.041422,-0.492605,-0.489808
30.6,30.58,-0.706179,-0.70747,0.037614,0.037307,-0.488142,-0.487856
28.44,28.44,-0.500452,-0.456937,-0.566868,-0.592306,-0.341436,-0.37771
28.67,28.67,-0.073683,-0.073089,-0.74496,-0.74556,-0.537092,-0.536693
30.63,30.56,-0.707149,-0.707572,0.038133,0.038005,-0.490148,-0.487949
29.2,29.2,0.421969,0.421435,-0.636434,-0.635671,-0.569123,-0.566314
30.55,30.56,-0.700282,-0.713802,0.041596,0.037095,-0.485541,-0.488915
30.3,30.31,-0.705995,-0.706503,0.086946,0.086431,-0.484076,-0.482884
30.52,30.55,-0.721487,-0.719529,0.034108,0.035394,-0.491821,-0.490286
30.21,30.19,-0.702704,-0.703397,0.045654,0.04515,-0.492028,-0.491839
30.09,30.09,-0.702735,-0.702604,0.04813,0.047159,-0.490497,-0.492711
30.42,30.42,-0.623029,-0.622777,0.127524,0.130087,-0.556023,-0.553388
30.68,30.67,-0.632002,-0.632777,0.126439,0.124649,-0.551605,-0.552334
29.15,29.0,0.013886,-0.097608,-0.874111,-0.817796,-0.259807,-0.23309
30.46,30.48,-0.707168,-0.706871,0.037112,0.037413,-0.488156,-0.48825
30.43,30.4,-0.622551,-0.622267,0.128511,0.1287,-0.555006,-0.554
30.34,30.33,-0.623551,-0.622064,0.130003,0.128002,-0.554998,-0.554006
29.65,29.66,-0.699596,-0.705431,0.090936,0.08802,-0.481971,-0.481955
28.43,28.46,0.323663,0.320089,-0.531659,-0.533883,-0.645425,-0.644079
30.46,30.48,-0.621565,-0.620574,0.129512,0.129515,-0.554986,-0.554878
30.49,30.5,-0.721499,-0.708254,0.033092,0.039017,-0.49033,-0.489346
30.18,30.16,-0.70222,-0.703992,0.045644,0.046352,-0.491022,-0.492432
30.43,30.43,-0.705693,-0.705968,0.040614,0.041238,-0.488605,-0.490804
30.7,30.71,-0.713058,-0.715052,0.034139,0.034121,-0.491747,-0.490863
30.58,30.58,-0.707156,-0.707068,0.037124,0.037313,-0.489158,-0.488253
28.55,28.55,-0.204501,-0.206393,0.645184,0.647375,-0.582087,-0.582379
30.39,30.4,-0.705663,-0.70568,0.041647,0.04153,-0.491598,-0.490097
29.02,29.0,0.679619,0.678604,-0.48717,-0.487799,-0.496574,-0.494387
28.57,28.58,-0.078351,-0.07798,-0.731643,-0.730563,-0.525963,-0.524344
25.18,24.32,-0.749558,0.963293,0.640228,1.136426,0.33023,0.110909
30.49,30.47,-0.708174,-0.706872,0.037595,0.03681,-0.487158,-0.487856
30.39,30.38,-0.705172,-0.706767,0.042647,0.04163,-0.491582,-0.490506
30.7,30.68,-0.695258,-0.693784,0.040677,0.042375,-0.490517,-0.490184
30.66,30.66,-0.706164,-0.696179,0.038131,0.041648,-0.489639,-0.48861
29.84,29.84,-0.706022,-0.705799,0.087421,0.087145,-0.482067,-0.483971
29.83,29.8,-0.705499,-0.706098,0.086948,0.086942,-0.484071,-0.483776
29.84,29.86,-0.688234,-0.711956,0.092943,0.086311,-0.479345,-0.482932
30.7,30.71,-0.713076,-0.712178,0.036128,0.035033,-0.491224,-0.491128
30.18,30.15,-0.703217,-0.703397,0.046638,0.046355,-0.491019,-0.492426
30.45,30.44,-0.62256,-0.621968,0.129004,0.129203,-0.5545,-0.554292
30.3,30.29,-0.704015,-0.705526,0.087452,0.087623,-0.484052,-0.48216
30.46,30.53,-0.706666,-0.707271,0.03712,0.037007,-0.488653,-0.487757
24.59,24.42,0.440612,0.69772,0.839528,1.100112,0.2712,0.159581
30.52,30.52,-0.632866,-0.631795,0.128568,0.128653,-0.563109,-0.561496
30.04,30.09,-0.70021,-0.702199,0.050692,0.048272,-0.495455,-0.493897
30.45,30.45,-0.621084,-0.621268,0.130001,0.129313,-0.553975,-0.554886
30.21,30.2,-0.695091,-0.702143,0.087486,0.087948,-0.483974,-0.483229
30.34,30.33,-0.703207,-0.703695,0.042636,0.042442,-0.490063,-0.49067
30.64,30.62,-0.706692,-0.706371,0.039601,0.038522,-0.487623,-0.489035
30.66,30.64,-0.707164,-0.706655,0.03862,0.039036,-0.489141,-0.490434
29.18,29.18,0.401278,0.402262,-0.61882,-0.618723,-0.547065,-0.546454
28.48,28.45,-0.036664,-0.408229,-0.337357,-0.5052,-0.743023,-0.548201
30.58,30.56,-0.706143,-0.707449,0.036647,0.036826,-0.490657,-0.489364
30.36,30.36,-0.690341,-0.693206,0.047173,0.046171,-0.4899,-0.490437
30.36,30.38,-0.705184,-0.704884,0.043638,0.041936,-0.49107,-0.490486
30.37,30.38,-0.622569,-0.62275,0.128493,0.128811,-0.553504,-0.555105
30.34,30.34,-0.724792,-0.723187,0.072377,0.075309,-0.481398,-0.484156
30.54,30.55,-0.705712,-0.706973,0.039593,0.03731,-0.486613,-0.487952
30.54,30.55,-0.698235,-0.701023,0.041164,0.040541,-0.490537,-0.489366
30.58,30.59,-0.706681,-0.707274,0.037606,0.037706,-0.487645,-0.48785
30.51,30.52,-0.72448,-0.706458,0.033075,0.039135,-0.489855,-0.490331
30.57,30.55,-0.617075,-0.617664,0.130058,0.130061,-0.557446,-0.557951
30.45,30.45,-0.622585,-0.623265,0.126973,0.126784,-0.551518,-0.552628
29.88,29.85,-0.691628,-0.708886,0.089998,0.086619,-0.484417,-0.482702
30.31,30.29,-0.696757,-0.712781,0.047179,0.039836,-0.49246,-0.492582
30.43,30.47,-0.612152,-0.619581,0.128538,0.129821,-0.553914,-0.555166
30.72,30.71,-0.707616,-0.707325,0.036154,0.036148,-0.491677,-0.491073
30.24,30.23,-0.706134,-0.708227,0.04167,0.042153,-0.493605,-0.493017
30.1,30.1,-0.70649,-0.70521,0.087948,0.088145,-0.484569,-0.483955
29.11,29.11,0.398291,0.399068,-0.618843,-0.618555,-0.546089,-0.544877
29.88,29.86,-0.704026,-0.711638,0.088444,0.08573,-0.483541,-0.484339
29.66,29.66,-0.689204,-0.699592,0.093462,0.090739,-0.481351,-0.482174
30.64,30.65,-0.70669,-0.706277,0.038099,0.039018,-0.487139,-0.488828
30.49,30.48,-0.707153,-0.707072,0.036625,0.036808,-0.489163,-0.487758
29.5,29.53,-0.703076,-0.703821,0.090412,0.08815,-0.481005,-0.483943
30.68,30.66,-0.649855,-0.703002,0.060195,0.039535,-0.481386,-0.489295
30.18,30.19,-0.703678,-0.703792,0.043662,0.044951,-0.492559,-0.491945
28.15,28.09,-0.424137,-0.421847,-0.30144,-0.31867,-0.658829,-0.651993
30.72,30.71,-0.689364,-0.694497,0.044154,0.041751,-0.487421,-0.488294
29.75,29.76,-0.706482,-0.705815,0.086452,0.088032,-0.484586,-0.48306
30.69,30.69,-0.72152,-0.715762,0.033573,0.034905,-0.488822,-0.489959
29.16,29.17,0.400779,0.399977,-0.619326,-0.619538,-0.546574,-0.545782
29.54,29.55,-0.705,-0.705815,0.087455,0.087631,-0.484562,-0.482864
28.65,28.65,-0.077795,-0.077487,-0.730578,-0.731168,-0.531456,-0.53206
30.63,30.67,-0.706178,-0.707276,0.038618,0.038506,-0.488631,-0.488041
30.4,30.39,-0.637434,-0.629886,0.127945,0.128386,-0.55414,-0.555272
30.48,30.47,-0.704705,-0.706074,0.040113,0.040127,-0.488101,-0.489715
30.54,30.5,-0.629421,-0.603187,0.130059,0.133023,-0.56156,-0.559095
30.73,30.71,-0.691318,-0.693104,0.04217,0.041862,-0.488963,-0.488782
30.45,30.45,-0.601278,-0.610094,0.132556,0.131029,-0.552772,-0.552966
30.61,30.59,-0.72595,-0.697168,0.032084,0.042549,-0.490881,-0.48921
28.64,28.64,-0.203991,-0.189487,0.65272,0.660325,-0.586505,-0.583788
28.91,28.91,0.305931,0.305822,-0.654442,-0.652547,-0.560318,-0.560297
30.09,30.07,-0.708002,-0.705409,0.087918,0.087342,-0.482579,-0.483565
28.48,28.48,0.142655,0.141976,-0.662735,-0.663525,-0.5448,-0.545717
28.59,28.59,-0.063909,-0.064096,-0.724505,-0.724595,-0.534271,-0.535175
29.53,29.52,-0.706019,-0.706408,0.087925,0.088432,-0.482562,-0.483361
29.71,29.72,-0.707509,-0.69977,0.087415,0.089655,-0.48208,-0.48339
30.37,30.37,-0.69383,-0.706179,0.047142,0.042227,-0.488428,-0.490193
29.07,29.06,0.388127,0.38761,-0.605588,-0.604608,-0.531502,-0.530193
30.64,30.65,-0.707164,-0.706668,0.03862,0.03822,-0.489141,-0.488941
24.68,24.7,0.478395,0.48136,0.821721,0.819413,0.270826,0.264514
30.34,30.35,-0.694306,-0.713203,0.045656,0.040412,-0.48945,-0.490776
28.88,28.86,0.321327,0.319403,-0.666378,-0.665121,-0.516242,-0.51354
28.56,28.57,-0.068364,-0.069458,-0.722509,-0.724221,-0.53579,-0.534817
30.58,30.55,-0.70717,-0.707167,0.03761,0.037514,-0.48815,-0.488452
30.49,30.48,-0.705666,-0.705477,0.041142,0.039931,-0.491103,-0.489813
28.64,28.64,-0.20303,-0.182874,0.652694,0.663729,-0.583992,-0.58269
30.36,30.36,-0.728779,-0.726882,0.078359,0.079683,-0.482367,-0.484039
30.16,30.17,-0.701726,-0.703008,0.048151,0.045847,-0.491991,-0.491527
30.58,30.6,-0.705683,-0.707056,0.038619,0.037626,-0.488627,-0.489452
30.69,30.67,-0.703728,-0.702894,0.041607,0.039043,-0.487575,-0.4898
29.48,29.52,-0.707474,-0.704027,0.086448,0.088643,-0.484595,-0.483538
30.55,30.51,-0.706693,-0.707463,0.037594,0.037715,-0.486644,-0.488653
30.61,30.61,-0.613708,-0.622767,0.128966,0.124883,-0.548413,-0.551944
30.49,30.49,-0.688876,-0.697558,0.045652,0.041953,-0.4874,-0.489521
28.65,28.65,-0.07955,-0.080228,-0.7138,-0.715392,-0.516755,-0.51738
30.54,30.54,-0.624557,-0.62405,0.124971,0.125285,-0.551558,-0.552652
30.6,30.6,-0.623067,-0.623544,0.125481,0.124795,-0.55204,-0.553254
30.66,30.63,-0.707669,-0.707452,0.038107,0.038227,-0.488149,-0.489749
30.58,30.58,-0.707676,-0.707176,0.037098,0.037304,-0.487159,-0.487553
29.18,29.19,0.403264,0.402673,-0.619311,-0.619811,-0.547053,-0.547164
24.66,24.64,-0.241621,-0.17342,0.890987,0.899942,-0.082253,-0.100292
30.4,30.42,-0.706034,-0.70563,0.087409,0.087217,-0.481065,-0.481565
30.24,30.25,-0.705156,-0.69827,0.044167,0.047146,-0.493569,-0.490269
29.63,29.64,-0.705499,-0.701468,0.087951,0.089236,-0.48456,-0.482207
22.41,22.38,-0.458608,-0.457796,0.088841,0.086156,-0.563548,-0.563972
30.58,30.58,-0.724456,-0.703682,0.033099,0.039547,-0.491858,-0.490502
30.46,30.46,-0.706168,-0.706362,0.040132,0.039734,-0.490117,-0.490323
30.49,30.51,-0.690341,-0.689841,0.043664,0.044673,-0.488437,-0.489222
30.33,30.34,-0.685416,-0.704692,0.048663,0.042633,-0.487836,-0.490276
30.66,30.68,-0.715508,-0.707453,0.033156,0.037323,-0.493783,-0.489258
29.2,29.21,0.398774,0.400051,-0.619856,-0.618559,-0.544594,-0.544168
30.7,30.71,-0.705687,-0.706271,0.037111,0.03752,-0.487643,-0.488645
30.52,30.52,-0.62844,-0.628229,0.128549,0.129063,-0.560066,-0.56136
28.5,28.51,0.14368,0.142278,-0.6632,-0.664021,-0.547301,-0.54582
30.46,30.47,-0.707168,-0.706963,0.037112,0.037621,-0.488156,-0.48895
30.46,30.45,-0.706177,-0.70608,0.040624,0.040121,-0.48961,-0.489215
30.45,30.44,-0.62253,-0.622053,0.128031,0.128615,-0.556514,-0.555201
30.33,30.34,-0.622575,-0.621969,0.128487,0.128099,-0.553003,-0.553704
30.68,30.67,-0.718505,-0.719703,0.031619,0.032809,-0.491322,-0.491119
30.64,30.67,-0.705674,-0.703697,0.038126,0.03883,-0.489134,-0.488908
28.65,28.65,-0.074805,-0.074675,-0.736569,-0.738644,-0.529995,-0.53162
30.58,30.58,-0.708163,-0.707669,0.036603,0.037907,-0.48767,-0.488051
30.09,30.14,-0.715374,-0.705401,0.083943,0.08775,-0.486194,-0.484361
29.2,29.19,0.39673,0.395395,-0.610899,-0.610448,-0.543509,-0.539909
30.27,30.28,-0.713119,-0.710326,0.044107,0.041727,-0.491134,-0.491437
30.37,30.33,-0.697092,-0.710165,0.08746,0.083617,-0.48249,-0.482246
30.39,30.37,-0.6928,-0.701095,0.046683,0.042974,-0.491429,-0.492645
30.21,30.21,-0.692638,-0.707807,0.089977,0.086812,-0.482923,-0.481788
30.68,30.69,-0.723492,-0.71803,0.032574,0.033004,-0.489351,-0.4902
30.36,30.33,-0.687845,-0.710301,0.0472,0.040147,-0.49138,-0.492757
30.1,30.09,-0.702223,-0.703401,0.046143,0.047353,-0.491016,-0.492516
30.46,30.49,-0.7062,-0.707356,0.038095,0.037823,-0.486634,-0.489352
30.61,30.61,-0.70666,-0.707264,0.038129,0.037215,-0.489643,-0.488456
30.52,30.5,-0.703233,-0.713405,0.040606,0.0379,-0.487081,-0.489404
30.55,30.57,-0.627982,-0.606264,0.13102,0.13,-0.55803,-0.557553
29.09,29.08,0.389131,0.388945,-0.604568,-0.60536,-0.532984,-0.533596
30.52,30.48,-0.705685,-0.705683,0.040121,0.040524,-0.489111,-0.489407
30.61,30.63,-0.706678,-0.706763,0.038111,0.038525,-0.488141,-0.489439
30.37,30.38,-0.705179,-0.705078,0.040634,0.041941,-0.490103,-0.490888
30.3,30.31,-0.715039,-0.705367,0.039149,0.042649,-0.494212,-0.491885
30.36,30.38,-0.705699,-0.701414,0.041611,0.043152,-0.488594,-0.490943
30.52,30.54,-0.624511,-0.622926,0.131033,0.130336,-0.558,-0.557593
30.42,30.41,-0.704543,-0.705518,0.088923,0.08703,-0.482037,-0.482568
30.58,30.6,-0.695756,-0.702799,0.042177,0.039742,-0.491005,-0.489792
30.31,30.32,-0.705529,-0.705914,0.087921,0.087531,-0.482057,-0.482866
28.88,28.88,0.325374,0.32466,-0.672301,-0.672323,-0.520281,-0.518584
30.54,30.53,-0.701184,-0.70685,0.039675,0.038737,-0.492082,-0.490539
30.3,30.29,-0.705149,-0.703596,0.041667,0.043445,-0.493096,-0.491058
30.39,30.38,-0.624025,-0.632771,0.126012,0.127563,-0.555047,-0.554104
30.34,30.36,-0.72447,-0.721011,0.035593,0.036196,-0.49183,-0.491091
29.56,29.59,-0.705027,-0.705812,0.087929,0.087533,-0.482553,-0.483065
30.39,30.36,-0.693854,-0.706563,0.047118,0.041335,-0.486424,-0.490808
28.44,28.45,-0.598226,-0.594832,-0.514164,-0.526156,-0.275071,-0.255343
30.54,30.54,-0.613576,-0.622808,0.128094,0.129954,-0.55894,-0.558999
30.21,30.22,-0.69384,-0.711013,0.051143,0.041331,-0.489384,-0.491848
30.37,30.39,-0.641864,-0.615249,0.125453,0.130408,-0.555709,-0.552818
29.21,29.21,0.399271,0.399666,-0.618851,-0.61855,-0.545079,-0.545072
28.15,28.14,0.222632,0.221035,0.552279,0.549755,-0.558893,-0.556932
30.64,30.64,-0.707163,-0.706572,0.039623,0.038519,-0.48963,-0.488836
29.69,29.71,-0.707987,-0.705804,0.087431,0.08684,-0.483586,-0.483474
29.53,29.53,-0.701098,-0.700595,0.091417,0.08942,-0.480977,-0.480695
30.39,30.39,-0.705183,-0.705481,0.040129,0.043136,-0.489607,-0.490878
30.58,30.6,-0.707156,-0.707657,0.037124,0.036916,-0.489158,-0.488663
30.18,30.14,-0.686705,-0.715495,0.091987,0.083821,-0.482348,-0.484394
30.14,30.13,-0.703695,-0.70379,0.046654,0.046156,-0.492526,-0.492632
30.66,30.69,-0.704633,-0.711004,0.035673,0.036326,-0.492157,-0.490402
30.7,30.71,-0.706644,-0.697871,0.038646,0.040633,-0.491139,-0.487635
30.51,30.48,-0.706674,-0.707271,0.038616,0.037609,-0.488636,-0.488051
29.59,29.56,-0.706491,-0.706013,0.086944,0.088031,-0.48408,-0.483062
30.07,30.07,-0.703691,-0.702113,0.047158,0.04846,-0.493021,-0.492892
30.46,30.45,-0.637395,-0.628271,0.126479,0.127217,-0.556661,-0.557074
22.89,22.89,-0.456615,-0.458207,0.090362,0.086541,-0.565016,-0.56297
30.37,30.4,-0.705672,-0.705669,0.04214,0.041039,-0.491091,-0.490803
28.65,28.7,-0.262035,-0.254841,-0.466841,-0.472778,-0.664804,-0.666612
30.55,30.53,-0.706697,-0.707766,0.036086,0.037306,-0.485659,-0.487959
29.12,29.14,0.399288,0.399677,-0.619836,-0.619541,-0.546092,-0.545584
30.73,30.72,-0.691829,-0.696982,0.042655,0.041134,-0.48796,-0.487521
30.69,30.7,-0.718032,-0.706161,0.033604,0.037933,-0.490294,-0.489741
30.22,30.23,-0.691323,-0.709231,0.048683,0.042438,-0.491394,-0.492121
28.65,28.62,-0.072178,-0.071742,-0.745939,-0.751114,-0.538092,-0.539048
30.51,30.5,-0.724483,-0.714376,0.033574,0.036512,-0.489849,-0.49043
29.8,29.8,-0.706497,-0.706206,0.086938,0.087635,-0.483579,-0.483368
30.51,30.47,-0.696278,-0.699752,0.043653,0.042033,-0.48949,-0.488537
30.7,30.69,-0.717025,-0.716645,0.034124,0.034009,-0.491782,-0.490377
29.81,29.8,-0.705977,-0.706115,0.086964,0.087927,-0.485578,-0.482763
29.0,29.0,0.30371,0.303304,-0.63864,-0.638751,-0.547636,-0.54684
30.58,30.58,-0.718569,-0.715796,0.035567,0.03778,-0.487772,-0.488424
30.69,30.7,-0.695773,-0.696172,0.038651,0.040151,-0.48804,-0.488527
30.43,30.43,-0.622079,-0.62621,0.129493,0.129008,-0.553488,-0.556034
29.5,29.52,-0.702033,-0.706492,0.085453,0.084937,-0.483056,-0.483101
29.09,29.08,0.385117,0.384302,-0.603628,-0.600945,-0.529503,-0.528878
28.65,28.68,-0.076797,-0.076592,-0.730568,-0.73016,-0.531947,-0.532642
30.4,30.41,-0.706515,-0.705719,0.08692,0.087227,-0.482077,-0.482467
30.54,30.54,-0.603724,-0.615181,0.133082,0.130276,-0.555793,-0.558428
28.77,28.8,-0.255535,-0.248286,-0.574049,-0.573912,-0.581314,-0.582151
30.69,30.68,-0.71655,-0.716343,0.034607,0.034014,-0.49027,-0.490675
30.55,30.56,-0.709157,-0.695677,0.038102,0.042558,-0.488162,-0.489497
30.48,30.49,-0.614544,-0.614557,0.131623,0.131609,-0.562415,-0.561313
28.53,28.52,-0.128762,-0.129657,0.67995,0.679342,-0.587045,-0.586559
30.64,30.61,-0.706689,-0.70727,0.039102,0.039214,-0.487629,-0.488835
29.23,29.21,0.401745,0.402163,-0.616841,-0.618422,-0.545536,-0.546652
29.69,29.67,-0.708999,-0.711751,0.087909,0.085817,-0.482087,-0.483237
30.48,30.49,-0.620566,-0.619752,0.131529,0.128443,-0.556458,-0.556786
30.7,30.72,-0.692832,-0.690446,0.043643,0.043055,-0.487457,-0.487643
30.36,30.37,-0.690315,-0.709122,0.045695,0.03964,-0.491419,-0.491651
30.58,30.59,-0.719542,-0.700256,0.036585,0.041822,-0.489772,-0.487742
30.04,30.08,-0.701206,-0.7019,0.048177,0.048175,-0.493989,-0.493996
28.65,28.64,-0.080052,-0.080534,-0.714812,-0.7148,-0.515769,-0.516875
30.37,30.37,-0.692363,-0.697969,0.048631,0.045046,-0.487396,-0.489689
30.6,30.62,-0.693319,-0.71032,0.043148,0.038223,-0.487967,-0.490375
29.59,29.58,-0.709441,-0.702645,0.083448,0.087941,-0.484646,-0.482733
30.48,30.47,-0.706645,-0.707059,0.036639,0.036821,-0.490161,-0.48886
30.51,30.5,-0.705682,-0.705481,0.039623,0.04083,-0.489117,-0.489903
28.62,28.63,-0.137729,-0.169042,0.678871,0.670752,-0.583129,-0.581589
30.12,30.09,-0.705027,-0.705018,0.087929,0.087838,-0.482553,-0.483255
30.4,30.4,-0.707157,-0.705868,0.040632,0.041238,-0.490621,-0.490803
28.62,28.62,-0.52739,-0.437022,-0.688832,-0.728906,0.175357,0.076314
29.66,29.68,-0.704502,-0.700757,0.086958,0.088352,-0.484563,-0.483213
29.23,29.22,0.400266,0.402156,-0.617339,-0.618228,-0.546055,-0.546149
30.1,30.1,-0.702692,-0.701613,0.050178,0.048767,-0.494982,-0.493385
29.69,29.69,-0.685737,-0.702646,0.092971,0.088441,-0.480826,-0.482827
30.37,30.38,-0.732202,-0.723883,0.07739,0.079718,-0.485914,-0.486016
30.68,30.69,-0.689854,-0.700423,0.044158,0.039847,-0.487926,-0.489469
30.7,30.71,-0.718516,-0.715751,0.03261,0.034415,-0.49081,-0.490666
30.45,30.46,-0.706653,-0.706757,0.039138,0.040236,-0.490633,-0.490722
29.8,29.81,-0.705024,-0.706103,0.088434,0.08784,-0.483048,-0.483766
28.64,28.62,-0.079996,-0.079992,-0.717263,-0.71756,-0.519303,-0.519506
30.55,30.55,-0.707672,-0.707366,0.037602,0.037512,-0.487654,-0.488354
30.69,30.72,-0.707168,-0.70756,0.037112,0.037616,-0.488156,-0.488755
28.15,28.13,0.221622,0.220839,0.551254,0.551462,-0.55691,-0.557916
30.68,30.69,-0.718023,-0.711599,0.033111,0.036023,-0.4908,-0.490311
28.89,28.93,-0.255754,-0.110016,-0.660996,-0.653874,-0.484128,-0.549499
30.54,30.58,-0.633927,-0.625344,0.122478,0.125175,-0.554672,-0.552163
30.48,30.48,-0.620533,-0.620466,0.130056,0.129123,-0.558477,-0.555482
30.68,30.68,-0.692796,-0.698837,0.042675,0.040354,-0.489972,-0.48965
30.48,30.47,-0.705679,-0.706168,0.040127,0.040132,-0.489612,-0.490117
30.48,30.49,-0.70715,-0.706777,0.03713,0.03821,-0.489658,-0.488141
30.09,30.05,-0.705511,-0.705897,0.086936,0.087347,-0.48307,-0.48417
30.51,30.51,-0.721021,-0.715496,0.035083,0.037483,-0.489802,-0.488525
30.36,30.37,-0.72397,-0.710138,0.036099,0.040715,-0.492321,-0.490145
29.51,29.53,-0.721333,-0.710935,0.08341,0.086143,-0.48525,-0.485229
30.51,30.5,-0.723966,-0.71349,0.033095,0.037112,-0.491353,-0.490215
30.54,30.56,-0.627493,-0.623592,0.130013,0.129057,-0.557036,-0.559316
30.33,30.32,-0.705019,-0.70611,0.086433,0.086529,-0.48257,-0.482579
29.53,29.54,-0.713476,-0.713322,0.088378,0.085626,-0.481119,-0.484454
30.58,30.61,-0.708136,-0.707256,0.036128,0.037122,-0.489678,-0.489058
29.68,29.68,-0.686708,-0.707687,0.092486,0.086232,-0.482342,-0.483297
30.43,30.44,-0.612152,-0.627027,0.128538,0.129684,-0.553914,-0.554431
30.37,30.37,-0.714067,-0.715646,0.037128,0.03733,-0.491722,-0.492435
28.95,28.95,0.65904,0.657942,-0.48549,-0.485802,-0.476699,-0.476011
30.42,30.4,-0.705164,-0.705467,0.041151,0.041244,-0.491599,-0.4912
30.37,30.38,-0.613213,-0.616545,0.132476,0.130798,-0.549871,-0.552424
29.48,29.48,-0.706019,-0.706603,0.086922,0.087332,-0.482073,-0.483175
29.88,29.88,-0.711926,-0.708472,0.086942,0.086337,-0.48563,-0.484004
30.46,30.46,-0.707176,-0.707479,0.038608,0.036897,-0.488139,-0.486959
30.49,30.51,-0.619079,-0.619465,0.130531,0.130139,-0.555955,-0.556664
30.39,30.38,-0.622585,-0.622184,0.127977,0.128985,-0.552007,-0.552794
30.43,30.45,-0.705648,-0.706368,0.041161,0.040832,-0.492605,-0.490311
29.79,29.79,-0.706488,-0.706093,0.086446,0.087348,-0.484085,-0.484372
29.72,29.72,-0.718387,-0.712029,0.085398,0.086236,-0.4837,-0.485037
30.63,30.64,-0.707155,-0.706957,0.03913,0.038529,-0.490137,-0.489841
30.48,30.47,-0.621042,-0.621046,0.129039,0.129136,-0.556991,-0.556689
24.93,25.46,-1.817475,0.762856,1.420533,1.335561,0.34532,-1.038292
30.66,30.68,-0.719993,-0.719503,0.034119,0.032812,-0.492309,-0.491317
28.94,28.94,0.296789,0.297373,-0.64015,-0.639757,-0.548715,-0.548004
30.55,30.54,-0.617106,-0.618072,0.129024,0.13025,-0.554452,-0.557151
30.49,30.5,-0.619566,-0.620458,0.130036,0.129732,-0.556466,-0.556377
30.7,30.71,-0.709608,-0.707722,0.036639,0.036147,-0.491188,-0.491077
30.45,30.44,-0.61666,-0.619674,0.132487,0.128523,-0.551905,-0.555081
30.48,30.52,-0.707164,-0.707756,0.03862,0.037417,-0.489141,-0.488859
30.36,30.36,-0.725791,-0.726306,0.080389,0.080167,-0.484322,-0.482625
30.36,30.35,-0.71508,-0.688864,0.041114,0.047169,-0.491686,-0.489085
30.24,30.22,-0.704215,-0.705568,0.046628,0.044251,-0.490527,-0.492369
29.96,30.01,-0.704499,-0.705718,0.087462,0.087829,-0.485058,-0.482761
28.59,28.6,-0.080013,-0.079617,-0.719787,-0.719586,-0.516827,-0.516821
30.1,30.14,-0.705024,-0.705208,0.088434,0.087746,-0.483048,-0.483959
30.45,30.47,-0.614091,-0.613454,0.131583,0.131927,-0.558905,-0.562502
30.49,30.46,-0.622043,-0.621362,0.129529,0.129317,-0.556493,-0.555287
29.74,29.75,-0.70598,-0.70601,0.087463,0.087834,-0.485572,-0.483264
30.58,30.59,-0.707167,-0.706658,0.038115,0.036727,-0.488646,-0.489158
30.4,30.38,-0.602763,-0.613469,0.131049,0.130511,-0.552301,-0.552501
30.7,30.69,-0.718519,-0.716944,0.033109,0.033705,-0.490805,-0.490083
29.93,29.91,-0.714935,-0.706097,0.086396,0.086542,-0.482656,-0.48368
29.83,29.81,-0.706001,-0.706297,0.08694,0.087542,-0.483575,-0.483971
30.51,30.5,-0.618563,-0.618659,0.129049,0.129252,-0.556969,-0.557368
30.49,30.47,-0.707183,-0.706868,0.036595,0.037115,-0.48666,-0.488354
30.61,30.63,-0.708643,-0.707256,0.038121,0.038426,-0.48966,-0.489645
30.36,30.35,-0.622064,-0.621865,0.129006,0.128205,-0.554495,-0.554202
30.6,30.63,-0.706211,-0.706778,0.04009,0.038912,-0.486611,-0.488433
30.64,30.61,-0.706186,-0.706764,0.040114,0.039126,-0.488615,-0.489632
30.51,30.47,-0.705173,-0.705769,0.04064,0.039935,-0.490603,-0.490216
30.24,30.25,-0.699207,-0.700627,0.044189,0.045757,-0.493517,-0.491608
29.72,29.68,-0.697137,-0.70324,0.092429,0.088038,-0.480931,-0.482737
30.49,30.48,-0.613574,-0.614571,0.132107,0.131998,-0.560898,-0.560407
30.49,30.48,-0.614054,-0.614375,0.132622,0.131294,-0.562399,-0.559912
30.7,30.7,-0.701669,-0.699725,0.036675,0.039051,-0.49162,-0.489472
30.31,30.33,-0.701078,-0.701485,0.088929,0.088517,-0.481506,-0.480512
30.42,30.45,-0.615104,-0.619184,0.130053,0.129422,-0.556427,-0.554967
30.31,30.29,-0.693823,-0.700531,0.049155,0.045453,-0.489908,-0.49121
30.37,30.37,-0.704146,-0.706566,0.04068,0.041031,-0.493599,-0.490411
30.33,30.35,-0.692298,-0.707758,0.045687,0.041927,-0.491436,-0.490611
30.48,30.49,-0.620552,-0.62035,0.130038,0.129341,-0.556975,-0.556981
28.94,28.94,0.298791,0.296785,-0.638118,-0.639853,-0.551179,-0.548511
30.6,30.61,-0.70667,-0.704296,0.040124,0.039526,-0.48962,-0.488905
30.09,30.07,-0.701221,-0.702501,0.048664,0.048367,-0.492982,-0.493598
30.36,30.38,-0.704686,-0.705479,0.042138,0.042336,-0.490582,-0.490687
30.4,30.41,-0.70617,-0.705379,0.042637,0.041334,-0.49109,-0.490297
29.04,29.04,0.398701,0.401535,-0.615415,-0.617856,-0.540537,-0.544147
30.48,30.5,-0.705679,-0.704693,0.040127,0.040727,-0.489612,-0.489396
30.7,30.69,-0.716544,-0.716629,0.034613,0.033323,-0.49077,-0.491387
29.0,29.0,0.649578,0.651073,-0.474536,-0.474623,-0.47816,-0.478749
30.45,30.45,-0.626051,-0.618013,0.129472,0.129708,-0.553022,-0.553551
29.88,29.89,-0.717852,-0.699581,0.081428,0.089748,-0.485243,-0.482686
30.46,30.48,-0.706172,-0.705672,0.039627,0.040936,-0.489622,-0.490504
29.79,29.8,-0.705015,-0.7063,0.087941,0.08754,-0.483555,-0.483771
30.58,30.57,-0.707165,-0.70746,0.036613,0.037516,-0.488162,-0.488755
30.69,30.69,-0.720537,-0.708351,0.034069,0.037615,-0.488307,-0.488962
29.93,29.93,-0.69457,-0.702065,0.089518,0.089232,-0.486952,-0.482112
30.61,30.6,-0.707647,-0.699532,0.039633,0.040952,-0.490636,-0.48985
30.45,30.44,-0.622562,-0.621472,0.129503,0.129406,-0.554494,-0.554385
30.49,30.51,-0.722513,-0.699665,0.036075,0.042021,-0.489804,-0.487535
30.45,30.46,-0.705673,-0.706663,0.040133,0.040431,-0.490113,-0.490318
30.7,30.7,-0.71606,-0.711494,0.034603,0.035527,-0.489764,-0.490516
30.64,30.67,-0.707157,-0.701322,0.039629,0.039637,-0.490131,-0.488878
30.54,30.53,-0.635898,-0.627866,0.127998,0.128028,-0.558133,-0.558063
30.4,30.4,-0.705663,-0.705582,0.040644,0.041529,-0.491108,-0.489996
30.46,30.45,-0.70616,-0.706174,0.039639,0.038922,-0.490623,-0.489129
29.69,29.68,-0.69066,-0.715019,0.089978,0.084906,-0.482405,-0.483175
29.59,29.59,-0.706494,-0.705999,0.087443,0.087143,-0.484074,-0.483873
30.66,30.64,-0.707161,-0.706777,0.038121,0.038311,-0.489146,-0.488239
29.54,29.53,-0.706503,-0.700471,0.086932,0.089345,-0.483078,-0.482698
30.37,30.38,-0.705532,-0.70562,0.087417,0.087328,-0.481562,-0.482465
30.48,30.48,-0.620066,-0.620984,0.128526,0.128999,-0.555485,-0.553585
30.63,30.61,-0.705662,-0.706569,0.038138,0.038421,-0.490135,-0.489038
30.69,30.68,-0.687359,-0.696579,0.044684,0.04084,-0.489401,-0.487922
29.21,29.21,0.399286,0.399375,-0.619338,-0.619547,-0.546087,-0.545187
30.51,30.48,-0.706168,-0.705279,0.041135,0.040733,-0.490606,-0.490102
30.28,30.29,-0.720513,-0.702519,0.039609,0.044037,-0.492752,-0.490241
29.02,29.02,0.411796,0.41086,-0.621683,-0.620527,-0.554519,-0.551409
30.33,30.32,-0.71457,-0.706556,0.039625,0.041744,-0.492199,-0.491605
30.66,30.67,-0.717522,-0.706461,0.032115,0.036927,-0.490807,-0.489154
28.55,28.54,-0.205989,-0.206106,0.648687,0.647766,-0.583562,-0.581671
30.34,30.34,-0.704151,-0.711003,0.041677,0.040338,-0.493588,-0.49226
28.91,28.91,0.325609,0.324108,-0.693127,-0.690138,-0.530532,-0.530712
30.25,30.28,-0.705523,-0.705824,0.086924,0.088123,-0.482068,-0.482358
30.58,30.56,-0.70669,-0.706974,0.037096,0.037308,-0.48665,-0.487852
29.92,29.91,-0.708513,-0.715602,0.087399,0.084314,-0.481087,-0.483988
23.75,28.73,0.104381,0.23951,0.550068,0.111266,-0.578978,-0.571255
30.6,30.59,-0.723967,-0.708338,0.032091,0.038832,-0.490863,-0.490551
30.64,30.64,-0.707628,-0.706877,0.037146,0.038209,-0.491165,-0.488041
30.6,30.59,-0.687367,-0.69913,0.047184,0.040457,-0.489874,-0.490052
30.48,30.49,-0.613075,-0.614862,0.13161,0.1312,-0.560899,-0.560519
30.31,30.3,-0.69033,-0.700044,0.047184,0.045145,-0.490901,-0.490307
30.72,30.71,-0.711108,-0.711188,0.035619,0.034934,-0.48971,-0.49092
30.34,30.36,-0.633411,-0.612378,0.125508,0.130917,-0.557639,-0.552687
30.6,30.63,-0.706175,-0.706674,0.039122,0.038516,-0.489127,-0.488637
30.52,30.53,-0.604204,-0.63218,0.133597,0.127359,-0.557293,-0.561915
30.33,30.35,-0.603286,-0.625152,0.132525,0.129882,-0.550786,-0.553711
30.36,30.35,-0.622067,-0.623056,0.128501,0.1287,-0.554,-0.554307
30.34,30.34,-0.719508,-0.707838,0.036116,0.041445,-0.492282,-0.49202
26.11,26.15,8.121987,8.003108,3.028776,3.177887,-3.086827,-3.064332
30.43,30.42,-0.62307,-0.622556,0.130492,0.128807,-0.553987,-0.554702
30.64,30.63,-0.706644,-0.705103,0.038646,0.03961,-0.491139,-0.48781
30.13,30.14,-0.706511,-0.705409,0.088428,0.087541,-0.483061,-0.483563
30.14,30.12,-0.706517,-0.705414,0.088422,0.087838,-0.482561,-0.483359
30.51,30.51,-0.620065,-0.618869,0.12953,0.130142,-0.555975,-0.556759
30.21,30.18,-0.704171,-0.702516,0.044165,0.045745,-0.493059,-0.491224
29.81,29.8,-0.706025,-0.706199,0.086916,0.087341,-0.481572,-0.483772
30.64,30.65,-0.706676,-0.706577,0.040118,0.038213,-0.48912,-0.488339
30.09,30.08,-0.702687,-0.702989,0.049181,0.048573,-0.494993,-0.494301
30.51,30.54,-0.634386,-0.626171,0.129031,0.129048,-0.560613,-0.559339
30.27,30.25,-0.70702,-0.705611,0.086408,0.087035,-0.481085,-0.483069
30.58,30.56,-0.619065,-0.61856,0.129041,0.129754,-0.556473,-0.557562
30.42,30.43,-0.705176,-0.705881,0.041138,0.041125,-0.490598,-0.489702
29.53,29.53,-0.707485,-0.703639,0.087439,0.088536,-0.484083,-0.482835
23.86,24.23,1.793791,1.196344,1.484518,1.315,-0.178061,-0.057947
30.48,30.46,-0.705688,-0.705476,0.04062,0.040333,-0.489105,-0.490109
29.65,29.62,-0.705019,-0.706003,0.087437,0.087138,-0.483059,-0.483472
30.43,30.45,-0.604757,-0.613936,0.13404,0.130437,-0.552785,-0.554809
28.82,28.8,-0.120655,-0.136174,-0.712985,-0.719209,-0.76654,-0.759833
30.28,30.3,-0.720517,-0.706871,0.038101,0.043329,-0.491767,-0.490788
30.64,30.66,-0.605253,-0.614556,0.128522,0.126198,-0.550348,-0.550856
30.7,30.67,-0.708133,-0.713977,0.036633,0.034812,-0.490174,-0.489944
30.48,30.5,-0.688859,-0.690941,0.044667,0.04506,-0.488413,-0.488626
30.46,30.48,-0.703698,-0.705191,0.041637,0.03992,-0.490078,-0.488808
29.57,29.55,-0.706025,-0.706198,0.086916,0.088145,-0.481572,-0.484264
30.42,30.43,-0.621093,-0.622254,0.12949,0.128712,-0.552979,-0.555001
30.27,30.27,-0.70603,-0.705914,0.088917,0.087129,-0.48205,-0.48267
30.42,30.41,-0.621556,-0.621562,0.129019,0.129214,-0.555493,-0.55509
30.07,30.1,-0.702687,-0.702001,0.049181,0.048372,-0.494993,-0.493894
30.64,30.65,-0.706686,-0.706956,0.039607,0.039031,-0.488124,-0.490136
29.84,29.86,-0.691654,-0.705022,0.091476,0.088836,-0.482898,-0.483344
28.68,28.68,0.142676,0.142978,-0.664219,-0.664615,-0.545819,-0.546021
29.72,29.75,-0.706494,-0.706013,0.087443,0.088031,-0.484074,-0.483062
30.48,30.48,-0.612608,-0.614071,0.133589,0.131201,-0.55937,-0.560412
30.43,30.46,-0.705198,-0.705975,0.040616,0.040428,-0.4886,-0.489811
30.51,30.5,-0.699785,-0.70272,0.042602,0.041427,-0.486026,-0.48887
30.33,30.33,-0.705986,-0.705725,0.086453,0.08692,-0.484582,-0.48177
30.69,30.69,-0.718057,-0.71044,0.036085,0.037601,-0.489264,-0.488379
30.34,30.33,-0.70699,-0.706716,0.086438,0.086014,-0.483589,-0.481488
29.84,29.84,-0.697634,-0.697095,0.091424,0.089864,-0.480446,-0.483264
30.54,30.51,-0.630939,-0.61983,0.130023,0.129768,-0.559069,-0.559175
30.43,30.43,-0.639366,-0.623853,0.126483,0.129596,-0.55768,-0.554404
30.48,30.47,-0.707678,-0.707458,0.0386,0.036616,-0.487643,-0.488565
28.62,28.62,-0.078123,-0.078684,-0.713855,-0.717233,-0.511735,-0.51298
30.63,30.58,-0.72103,-0.706376,0.034572,0.03962,-0.488806,-0.489123
28.67,28.67,0.142162,0.14256,-0.664239,-0.663634,-0.544321,-0.544711
30.54,30.53,-0.618076,-0.618964,0.129543,0.128943,-0.556458,-0.556573
30.57,30.57,-0.688861,-0.695774,0.046169,0.041959,-0.488896,-0.489405
30.49,30.49,-0.70815,-0.706572,0.037618,0.036413,-0.489161,-0.487959
30.64,30.63,-0.706152,-0.706767,0.037139,0.038321,-0.490151,-0.489041
30.63,30.65,-0.706674,-0.706878,0.038616,0.03891,-0.488636,-0.488334
30.4,30.41,-0.705682,-0.705766,0.040626,0.041242,-0.489606,-0.491103
30.37,30.37,-0.696239,-0.70065,0.043191,0.044731,-0.4925,-0.489215
30.45,30.45,-0.61908,-0.621161,0.129528,0.12902,-0.555465,-0.555389
29.68,29.71,-0.706511,-0.702636,0.089432,0.088451,-0.483551,-0.483729
30.16,30.17,-0.702187,-0.703498,0.046179,0.045248,-0.494021,-0.491739
29.5,29.47,-0.707002,-0.706401,0.087429,0.088239,-0.483077,-0.483864
29.2,29.2,0.400253,0.400666,-0.619358,-0.619641,-0.544075,-0.545276
30.14,30.13,-0.703187,-0.703101,0.046668,0.046454,-0.493523,-0.492323
29.21,29.21,0.399785,0.399579,-0.618831,-0.619541,-0.546577,-0.545686
28.89,28.89,0.294773,0.486336,-0.679801,-0.634543,-0.528646,-0.472374
30.39,30.39,-0.622049,-0.622273,0.129522,0.128994,-0.555992,-0.553596
30.34,30.33,-0.708169,-0.710624,0.042113,0.040322,-0.489611,-0.490755
29.18,29.18,0.400753,0.40047,-0.617848,-0.619439,-0.545055,-0.545576
30.73,30.7,-0.716042,-0.714849,0.034621,0.034027,-0.491267,-0.491263
30.46,30.48,-0.70518,-0.692925,0.03963,0.04445,-0.489613,-0.48825
29.13,29.12,0.399751,0.399368,-0.618362,-0.618953,-0.544068,-0.544879
29.12,29.12,0.391166,0.389661,-0.608521,-0.608745,-0.535516,-0.533928
29.74,29.73,-0.706977,-0.705918,0.087453,0.087426,-0.48508,-0.482467
30.34,30.36,-0.687901,-0.690667,0.048648,0.047746,-0.487357,-0.487892
28.53,28.54,-0.190172,-0.199366,0.655218,0.650798,-0.58235,-0.58278
29.18,29.19,0.41487,0.414075,-0.628594,-0.627896,-0.55958,-0.559779
29.57,29.58,-0.706501,-0.706308,0.08543,0.087231,-0.482594,-0.482973
29.84,29.88,-0.705564,-0.70244,0.089892,0.087848,-0.480031,-0.483233
30.45,30.46,-0.621048,-0.620074,0.129033,0.12902,-0.55649,-0.555079
29.53,29.54,-0.69413,-0.697788,0.090968,0.089562,-0.482925,-0.483273
30.52,30.52,-0.625023,-0.623853,0.124999,0.125084,-0.554066,-0.552452
29.88,29.87,-0.700535,-0.704418,0.087976,0.088347,-0.485018,-0.483946
29.48,29.52,-0.706504,-0.705902,0.085929,0.085738,-0.482589,-0.483087
30.48,30.49,-0.707174,-0.707269,0.037106,0.03751,-0.487655,-0.488152
30.43,30.43,-0.612554,-0.613754,0.132639,0.131822,-0.563388,-0.562205
30.42,30.42,-0.706172,-0.705186,0.039627,0.041429,-0.489622,-0.489893
30.21,30.18,-0.702725,-0.703601,0.046135,0.045646,-0.49052,-0.491635
30.68,30.67,-0.701223,-0.70558,0.039135,0.038021,-0.488583,-0.488633
30.61,30.63,-0.707648,-0.706762,0.037626,0.038827,-0.489657,-0.489636
28.67,28.66,-0.076794,-0.075892,-0.731066,-0.731054,-0.531953,-0.532746
30.72,30.71,-0.707651,-0.693805,0.038125,0.041852,-0.489651,-0.488187
29.84,29.83,-0.704525,-0.706505,0.088941,0.087131,-0.483539,-0.482976
30.43,30.43,-0.613528,-0.613461,0.13165,0.132121,-0.564409,-0.561999
30.58,30.6,-0.707189,-0.706866,0.037592,0.037718,-0.486648,-0.488748
29.53,29.55,-0.717913,-0.70453,0.08588,0.087833,-0.482188,-0.48265
29.5,29.48,-0.705043,-0.706506,0.087413,0.088734,-0.481056,-0.483559
30.34,30.34,-0.721497,-0.701737,0.037106,0.043929,-0.492288,-0.489234
28.56,28.5,-0.279186,-0.313858,-0.768023,-0.75617,-0.467513,-0.418493
30.55,30.55,-0.626945,-0.609555,0.126055,0.131575,-0.55958,-0.556762
30.51,30.49,-0.723461,-0.711026,0.033607,0.038409,-0.492344,-0.489477
29.91,29.89,-0.703566,-0.702543,0.090416,0.088446,-0.48151,-0.483227
30.48,30.48,-0.707141,-0.707066,0.036637,0.037114,-0.490165,-0.488355
30.57,30.57,-0.616585,-0.617564,0.131057,0.130364,-0.55743,-0.558147
30.14,30.17,-0.703214,-0.703311,0.047143,0.046542,-0.491514,-0.491422
28.62,28.78,-0.434478,-0.374365,-0.735971,-0.602531,0.016852,-0.304882
28.61,28.61,-0.309763,-0.307779,-0.836041,-0.833318,-0.042302,-0.019013
30.69,30.67,-0.719528,-0.706853,0.034091,0.037932,-0.4898,-0.489948
28.53,28.51,-0.338201,-0.345187,-0.684025,-0.677478,-0.503638,-0.502823
30.7,30.69,-0.70617,-0.706475,0.038125,0.038116,-0.489138,-0.488539
30.64,30.64,-0.707167,-0.706665,0.039118,0.037922,-0.489135,-0.489044
30.46,30.46,-0.706686,-0.70647,0.039607,0.040026,-0.488124,-0.48972
30.51,30.51,-0.696258,-0.705874,0.041166,0.039327,-0.490019,-0.489522
30.7,30.69,-0.710601,-0.705756,0.038138,0.037541,-0.491681,-0.490243
30.24,30.23,-0.70403,-0.708087,0.086935,0.086227,-0.482556,-0.483
30.61,30.58,-0.725931,-0.705859,0.033106,0.039443,-0.492872,-0.490823
29.83,29.82,-0.706036,-0.705807,0.089914,0.087739,-0.482039,-0.483564
30.39,30.38,-0.704714,-0.706956,0.041609,0.040435,-0.488084,-0.490721
30.54,30.54,-0.600227,-0.620129,0.131617,0.129063,-0.557281,-0.558685
30.58,30.62,-0.694251,-0.704095,0.042201,0.039829,-0.492494,-0.489201
28.62,28.61,-0.080561,-0.079574,-0.716832,-0.716532,-0.513793,-0.51358
29.6,29.62,-0.705505,-0.706212,0.087945,0.088031,-0.48406,-0.483063
28.91,28.91,0.313028,0.31048,-0.66078,-0.658251,-0.570345,-0.565731
30.48,30.48,-0.706663,-0.707267,0.036621,0.036811,-0.488658,-0.48806
27.05,27.06,0.248303,0.24753,-0.655763,-0.657451,-0.509744,-0.510671
30.39,30.36,-0.729253,-0.724319,0.079883,0.080981,-0.484858,-0.4833
30.58,30.58,-0.706159,-0.707262,0.03613,0.037418,-0.48916,-0.488754
30.36,30.36,-0.716066,-0.69983,0.040112,0.043457,-0.491706,-0.490926
30.57,30.56,-0.610169,-0.614315,0.133058,0.130955,-0.555849,-0.55651
30.18,30.16,-0.701718,-0.703501,0.046655,0.045647,-0.492008,-0.491734
29.66,29.72,-0.722845,-0.715719,0.082377,0.0856,-0.482771,-0.483073
29.48,29.52,-0.705511,-0.705218,0.08794,0.088136,-0.483559,-0.483254
28.95,28.95,0.659555,0.659544,-0.487976,-0.487285,-0.477223,-0.476615
28.74,28.72,0.141161,0.142387,-0.66375,-0.664513,-0.543823,-0.546425
30.6,30.61,-0.690334,-0.702809,0.044673,0.041035,-0.489427,-0.489476
28.89,28.91,0.284586,0.303067,-0.624451,-0.646617,-0.530612,-0.556548
30.05,30.06,-0.701218,-0.702108,0.048165,0.047763,-0.492988,-0.493
30.49,30.48,-0.70717,-0.707158,0.03761,0.03672,-0.48815,-0.488761
29.63,29.63,-0.706984,-0.7062,0.087447,0.08754,-0.484579,-0.48377
30.31,30.31,-0.705016,-0.705712,0.085934,0.087434,-0.482576,-0.483066
29.21,29.21,0.398283,0.398777,-0.617346,-0.618751,-0.546072,-0.545283
30.63,30.61,-0.707185,-0.706672,0.038097,0.038216,-0.487144,-0.48864
30.7,30.73,-0.706155,-0.700628,0.037638,0.04024,-0.490145,-0.489066
30.49,30.48,-0.707168,-0.707757,0.037112,0.037015,-0.488156,-0.488563
30.6,30.63,-0.707158,-0.70162,0.037622,0.040336,-0.489152,-0.489073
30.49,30.54,-0.708159,-0.707071,0.037108,0.037712,-0.488165,-0.488249
28.95,28.95,0.295251,0.29717,-0.639705,-0.639864,-0.544716,-0.547507
30.64,30.69,-0.718546,-0.707331,0.033584,0.036845,-0.488796,-0.490965
30.45,30.45,-0.706172,-0.705982,0.039627,0.03982,-0.489622,-0.489017
28.68,28.68,0.14367,0.142788,-0.663711,-0.664306,-0.546305,-0.54692
29.16,29.18,0.398777,0.399388,-0.619351,-0.619033,-0.545089,-0.546483
30.13,30.12,-0.705535,-0.705697,0.087915,0.087148,-0.481556,-0.484171
26.66,26.18,0.035101,0.003989,0.932736,0.956524,-0.022276,0.014087
29.16,29.16,0.400292,0.400279,-0.619821,-0.619633,-0.547085,-0.546081
28.61,28.61,-0.080087,-0.079592,-0.712841,-0.712037,-0.513743,-0.514031
30.58,30.6,-0.706657,-0.70657,0.03763,0.037518,-0.489648,-0.488547
28.68,28.69,-0.078283,-0.078094,-0.733079,-0.732386,-0.530987,-0.530477
30.3,30.3,-0.696291,-0.697959,0.04715,0.045457,-0.489952,-0.490686
30.43,30.42,-0.705195,-0.705775,0.040117,0.041233,-0.488606,-0.490301
30.09,30.08,-0.704534,-0.705817,0.089433,0.088131,-0.483033,-0.482959
30.58,30.59,-0.691842,-0.700757,0.045148,0.042217,-0.487932,-0.487542
30.39,30.4,-0.705667,-0.70607,0.040139,0.040633,-0.490613,-0.490311
30.64,30.64,-0.706163,-0.706683,0.039134,0.039309,-0.490128,-0.488227
30.31,30.3,-0.687877,-0.70201,0.048672,0.04325,-0.48936,-0.490947
28.38,28.39,0.137046,0.137663,-0.931712,-0.933493,-0.577447,-0.578464
30.27,30.28,-0.714628,-0.707448,0.043579,0.043245,-0.489149,-0.492297
30.34,30.36,-0.631461,-0.621989,0.125984,0.129885,-0.555112,-0.552882
28.46,27.21,0.080412,-0.201971,-0.13828,0.158635,-0.794347,-0.527971
30.58,30.59,-0.708658,-0.707455,0.037605,0.037121,-0.488163,-0.48906
28.64,28.64,-0.081022,-0.080246,-0.714293,-0.714307,-0.517775,-0.516366
30.37,30.39,-0.615601,-0.61217,0.128044,0.130124,-0.555452,-0.553095
30.36,30.35,-0.70601,-0.705619,0.087433,0.086927,-0.483068,-0.48237
30.33,30.32,-0.721479,-0.712186,0.037124,0.039638,-0.49379,-0.492479
30.54,30.54,-0.70718,-0.706678,0.0371,0.03771,-0.487155,-0.487945
29.62,29.6,-0.706496,-0.706896,0.088945,0.087435,-0.484558,-0.483577
30.28,30.3,-0.712396,-0.719208,0.075434,0.073031,-0.482759,-0.484248
30.14,30.14,-0.704505,-0.707779,0.087456,0.08684,-0.484557,-0.484092
30.58,30.58,-0.708162,-0.707657,0.037606,0.037718,-0.488159,-0.488955
28.74,28.76,-0.189824,-0.180802,-0.721016,-0.719983,-0.742689,-0.751114
30.49,30.5,-0.707192,-0.707466,0.037088,0.037711,-0.486153,-0.488352
30.64,30.61,-0.691823,-0.704094,0.042661,0.039129,-0.488461,-0.489008
30.31,30.33,-0.706019,-0.705916,0.087925,0.08813,-0.482562,-0.482959
29.54,29.56,-0.719355,-0.708561,0.084414,0.085946,-0.485222,-0.48471
30.61,30.63,-0.70815,-0.70696,0.037618,0.038426,-0.489161,-0.489542
30.61,30.59,-0.724955,-0.707964,0.032592,0.039313,-0.491367,-0.488939
28.64,28.64,-0.079544,-0.080024,-0.714798,-0.714784,-0.516766,-0.518073
28.62,28.63,-0.079515,-0.079901,-0.716775,-0.716666,-0.518291,-0.519195
30.34,30.34,-0.720981,-0.706858,0.036627,0.041437,-0.493791,-0.49111
29.88,29.88,-0.694614,-0.710852,0.090978,0.086027,-0.483931,-0.483827
24.28,24.51,0.892737,0.653064,1.270393,1.006845,0.088673,0.186686
29.79,29.79,-0.705499,-0.706604,0.086948,0.087732,-0.484071,-0.48327
30.34,30.33,-0.689876,-0.692049,0.048148,0.048047,-0.487881,-0.488502
30.31,30.32,-0.686855,-0.700908,0.048706,0.043967,-0.491855,-0.492131
30.3,30.28,-0.714546,-0.70322,0.038646,0.044529,-0.493712,-0.489841
30.48,30.46,-0.623585,-0.621788,0.127462,0.127882,-0.55102,-0.552202
24.85,24.53,-2.011724,0.20362,1.22383,1.115808,0.339902,0.148154
30.39,30.38,-0.630969,-0.619104,0.125481,0.129303,-0.554613,-0.553364
30.45,30.45,-0.604762,-0.633644,0.131528,0.12778,-0.551311,-0.555812
30.3,30.29,-0.701761,-0.703699,0.04561,0.044142,-0.488013,-0.491052
30.6,30.61,-0.691835,-0.706163,0.042649,0.038132,-0.487459,-0.489739
28.61,28.61,-0.072017,-0.073593,-0.75982,-0.761218,-0.54526,-0.54559
30.49,30.47,-0.707636,-0.707562,0.037638,0.036611,-0.490659,-0.488165
30.13,30.12,-0.706005,-0.705705,0.086436,0.088544,-0.483079,-0.484155
30.39,30.4,-0.705179,-0.705372,0.041637,0.041641,-0.490592,-0.490994
30.33,30.34,-0.62208,-0.622272,0.127486,0.128594,-0.552509,-0.5535
30.36,30.37,-0.734693,-0.730131,0.077369,0.07869,-0.484934,-0.485481
28.62,28.62,-0.079115,-0.079607,-0.710349,-0.711451,-0.513206,-0.513022
30.46,30.47,-0.620595,-0.620567,0.128993,0.12862,-0.55298,-0.555088
29.21,29.21,0.400752,0.399157,-0.618851,-0.618464,-0.544565,-0.544074
30.51,30.52,-0.720508,-0.700529,0.033096,0.041444,-0.490321,-0.489652
30.25,30.29,-0.704511,-0.705322,0.086447,0.087831,-0.483567,-0.482757
28.82,28.82,-0.230038,-0.233725,-0.448909,-0.447236,-0.694376,-0.693688
29.77,29.79,-0.705021,-0.706007,0.087935,0.087135,-0.483054,-0.483172
30.69,30.68,-0.71799,-0.713866,0.032642,0.034824,-0.493309,-0.490845
30.55,30.54,-0.618572,-0.619161,0.129541,0.129947,-0.556463,-0.557164
30.36,30.36,-0.692355,-0.70243,0.047135,0.043727,-0.487413,-0.489242
29.21,29.21,0.39979,0.39976,-0.619828,-0.618755,-0.546588,-0.544573
29.6,29.59,-0.687732,-0.707194,0.093955,0.086833,-0.480331,-0.483286
30.42,30.42,-0.622571,-0.621771,0.129995,0.128702,-0.553988,-0.553996
30.45,30.45,-0.707651,-0.706167,0.038125,0.040033,-0.489651,-0.490218
30.52,30.53,-0.619537,-0.618365,0.129063,0.129852,-0.55848,-0.557359
30.66,30.64,-0.70769,-0.707052,0.038588,0.038031,-0.486641,-0.489948
30.72,30.71,-0.707144,-0.706277,0.037136,0.038217,-0.490159,-0.488537
30.37,30.37,-0.734202,-0.724978,0.078368,0.07991,-0.484918,-0.485722
30.61,30.66,-0.706669,-0.706864,0.037618,0.037621,-0.488647,-0.488949
29.68,29.67,-0.723341,-0.709985,0.082375,0.087509,-0.482775,-0.482401
29.75,29.71,-0.723299,-0.706014,0.082417,0.08803,-0.48628,-0.482961
30.46,30.48,-0.70669,-0.706961,0.038099,0.037121,-0.487139,-0.488856
30.64,30.63,-0.70766,-0.707267,0.037614,0.037513,-0.488656,-0.488353
30.33,30.27,-0.706001,-0.705915,0.087944,0.087329,-0.484064,-0.482668
28.67,28.66,-0.074402,-0.075008,-0.729639,-0.728048,-0.525405,-0.525192
28.43,28.43,0.13706,0.136486,-0.933202,-0.934287,-0.577965,-0.579184
28.59,28.61,-0.163471,-0.16358,0.671793,0.672686,-0.583432,-0.583023
29.8,29.81,-0.706022,-0.705717,0.088424,0.08753,-0.482556,-0.482764
30.66,30.65,-0.706166,-0.705291,0.03863,0.039518,-0.489633,-0.488613
30.7,30.69,-0.69235,-0.697964,0.046138,0.04134,-0.487424,-0.488429
30.42,30.41,-0.705664,-0.705565,0.03964,0.040844,-0.490619,-0.491105
29.0,29.01,0.681646,0.682315,-0.489626,-0.488445,-0.499089,-0.497567
30.39,30.38,-0.705019,-0.706316,0.087437,0.087423,-0.483059,-0.48237
28.95,28.95,0.661569,0.661674,-0.492451,-0.49084,-0.477758,-0.478941
29.13,29.14,0.400265,0.39968,-0.620349,-0.61974,-0.544587,-0.545687
30.72,30.7,-0.715521,-0.714856,0.036653,0.034421,-0.494245,-0.490858
30.49,30.49,-0.704696,-0.705271,0.040624,0.04024,-0.489097,-0.490609
30.4,30.39,-0.62309,-0.621973,0.127464,0.127694,-0.551016,-0.553207
29.8,29.79,-0.70451,-0.706017,0.088454,0.087527,-0.484546,-0.482566
29.63,29.65,-0.688189,-0.70293,0.092487,0.088052,-0.482856,-0.483836
30.36,30.33,-0.69363,-0.699688,0.088969,0.087834,-0.482442,-0.481205
30.58,30.61,-0.707676,-0.707066,0.037098,0.037315,-0.487159,-0.488453
30.13,30.13,-0.723331,-0.703432,0.083889,0.087643,-0.484261,-0.483144
29.88,29.85,-0.684734,-0.693853,0.092986,0.091551,-0.481819,-0.481514
24.2,27.84,-0.704045,-0.338523,0.20088,-0.486254,-0.081564,-0.44941
30.14,30.14,-0.706009,-0.705992,0.08944,0.087451,-0.484047,-0.48457
29.56,29.56,-0.688688,-0.72085,0.092983,0.0838,-0.482855,-0.48434
29.8,29.79,-0.706496,-0.706017,0.088945,0.088028,-0.484558,-0.482761
30.54,30.52,-0.621501,-0.615761,0.129073,0.129185,-0.559999,-0.559147
30.72,30.71,-0.689836,-0.693305,0.043173,0.041958,-0.488939,-0.488582
30.48,30.48,-0.698246,-0.709809,0.043159,0.037539,-0.490515,-0.49138
29.56,29.57,-0.72333,-0.701953,0.081383,0.088342,-0.483287,-0.482722
30.48,30.48,-0.621045,-0.619962,0.129538,0.128933,-0.556985,-0.556081
30.49,30.49,-0.613583,-0.613164,0.131597,0.132122,-0.559902,-0.561996
30.42,30.43,-0.611576,-0.612268,0.130624,0.131928,-0.561398,-0.562191
30.63,30.61,-0.706145,-0.706568,0.039152,0.039025,-0.491631,-0.489432
30.51,30.5,-0.708151,-0.707262,0.036615,0.037116,-0.488671,-0.488558
30.48,30.48,-0.706657,-0.707073,0.03763,0.036807,-0.489648,-0.487658
30.54,30.53,-0.707191,-0.706977,0.038091,0.037807,-0.486643,-0.487846
30.46,30.47,-0.707156,-0.707457,0.037124,0.037219,-0.489158,-0.488859
30.66,30.68,-0.720009,-0.714357,0.032599,0.034526,-0.490322,-0.491153
30.48,30.48,-0.705173,-0.705386,0.04064,0.040525,-0.490603,-0.489404
29.72,29.74,-0.7075,-0.706197,0.086922,0.086942,-0.482586,-0.483777
30.45,30.45,-0.620543,-0.620362,0.129546,0.128727,-0.557481,-0.555686
30.46,30.48,-0.705186,-0.705477,0.040628,0.040533,-0.489602,-0.490106
30.52,30.5,-0.620036,-0.618874,0.128556,0.129636,-0.557989,-0.556164
30.69,30.69,-0.692301,-0.711888,0.041673,0.03583,-0.489478,-0.490916
28.38,28.38,0.139565,0.139253,-0.935674,-0.933985,-0.578973,-0.578556
30.72,30.71,-0.708156,-0.700924,0.037612,0.039739,-0.48866,-0.488974
30.45,30.48,-0.707189,-0.706574,0.037592,0.036612,-0.486648,-0.487856
28.5,28.51,0.141545,0.139678,-0.935168,-0.936061,-0.57895,-0.579978
29.83,29.81,-0.705526,-0.705915,0.088426,0.087931,-0.482552,-0.482962
29.72,29.71,-0.705513,-0.705806,0.088438,0.08754,-0.483554,-0.483566
30.6,30.58,-0.645337,-0.619698,0.121426,0.125992,-0.553782,-0.552005
29.53,29.55,-0.708495,-0.703829,0.086414,0.088443,-0.4821,-0.483438
30.54,30.54,-0.695761,-0.704276,0.043175,0.039445,-0.490994,-0.490509
30.45,30.46,-0.620573,-0.620869,0.130519,0.129215,-0.555467,-0.554984
28.86,28.84,-0.257503,-0.257533,-0.470766,-0.472601,-0.668816,-0.665532
30.52,30.52,-0.631414,-0.608721,0.128537,0.131116,-0.560091,-0.559865
28.97,28.97,0.471028,0.472647,-0.554082,-0.553442,-0.725541,-0.728525
28.92,28.94,0.297286,0.296981,-0.638141,-0.640256,-0.54969,-0.548113
30.45,30.45,-0.62008,-0.620856,0.130016,0.129128,-0.554968,-0.555986
30.55,30.56,-0.617558,-0.612243,0.131071,0.131955,-0.558941,-0.55608
29.88,29.87,-0.688159,-0.698867,0.092516,0.089369,-0.48536,-0.484186
30.49,30.49,-0.707165,-0.70737,0.036613,0.037408,-0.488162,-0.487954
29.66,29.66,-0.724795,-0.703831,0.082904,0.08784,-0.485787,-0.483045
30.36,30.33,-0.686906,-0.706577,0.05016,0.042225,-0.488333,-0.490096
30.12,30.13,-0.705474,-0.706007,0.087975,0.087737,-0.486564,-0.483466
30.39,30.4,-0.617588,-0.625236,0.127532,0.128393,-0.554974,-0.55433
30.31,30.32,-0.70257,-0.701678,0.087416,0.087418,-0.480534,-0.480426
30.1,30.11,-0.71691,-0.712613,0.084892,0.085141,-0.482691,-0.485455
28.44,28.45,-0.593792,-0.625646,-0.525707,-0.524621,-0.267651,-0.184669
29.8,29.8,-0.70552,-0.705817,0.088432,0.087528,-0.483053,-0.482665
28.7,25.66,-0.508526,-2.718998,0.511104,-2.062184,-0.39441,2.102604
28.67,28.66,-0.074196,-0.073395,-0.743976,-0.744968,-0.536084,-0.536288
28.53,28.57,-0.20103,-0.361533,-0.39692,-0.330354,-0.778684,-0.65671
30.46,30.49,-0.619071,-0.619879,0.129035,0.129519,-0.555972,-0.554972
28.52,28.51,0.138072,0.138779,-0.934682,-0.935068,-0.578974,-0.579874
30.72,30.71,-0.706188,-0.707176,0.038107,0.038206,-0.487636,-0.487944
30.54,30.53,-0.707195,-0.706977,0.037586,0.037807,-0.486147,-0.487846
30.1,30.11,-0.700723,-0.702905,0.047164,0.047055,-0.492494,-0.492414
30.3,30.3,-0.713074,-0.701801,0.039138,0.043462,-0.492692,-0.491944
29.72,29.71,-0.720381,-0.708782,0.083876,0.087628,-0.482232,-0.483591
30.39,30.38,-0.705045,-0.705519,0.087911,0.08733,-0.481051,-0.482664
30.66,30.67,-0.701192,-0.709032,0.036659,0.036322,-0.490113,-0.489484
30.31,30.33,-0.702083,-0.699786,0.086907,0.088336,-0.479534,-0.481501
30.46,30.46,-0.708129,-0.706359,0.038141,0.039136,-0.491158,-0.49033
28.56,28.59,-0.486327,-0.40565,-0.453298,-0.521443,-0.533867,-0.565593
29.53,29.53,-0.705997,-0.705997,0.088448,0.087446,-0.484559,-0.48417
30.49,30.46,-0.708138,-0.706979,0.03763,0.037804,-0.490162,-0.487646
29.86,29.83,-0.706013,-0.697499,0.087932,0.089956,-0.483063,-0.482765
30.48,30.5,-0.699212,-0.709138,0.040674,0.03832,-0.491553,-0.489763
29.75,29.74,-0.706017,-0.705905,0.086423,0.087439,-0.482078,-0.483568
30.48,30.49,-0.706185,-0.706961,0.037608,0.036719,-0.487641,-0.48866
30.45,30.44,-0.621082,-0.621379,0.128499,0.129901,-0.553491,-0.554079
28.44,28.44,0.136606,0.136578,-0.935169,-0.934795,-0.580496,-0.578388
30.4,30.4,-0.705164,-0.705773,0.041151,0.041235,-0.491599,-0.490502
28.61,28.61,-0.076155,-0.075749,-0.748472,-0.748862,-0.536152,-0.536754
30.46,30.47,-0.705188,-0.705479,0.041126,0.040731,-0.489596,-0.490004
28.65,28.65,-0.077122,-0.077436,-0.714344,-0.712756,-0.512232,-0.511616
30.57,30.55,-0.707138,-0.707376,0.037142,0.037803,-0.49066,-0.487649
29.68,29.67,-0.723797,-0.706008,0.082913,0.088036,-0.486279,-0.483462
30.36,30.35,-0.715406,-0.714013,0.081906,0.083922,-0.482712,-0.483979
29.59,29.57,-0.706484,-0.706205,0.087954,0.087536,-0.48507,-0.483369
28.64,28.65,-0.072833,-0.073919,-0.730054,-0.729251,-0.531907,-0.532709
30.4,30.4,-0.705673,-0.705273,0.040133,0.041141,-0.490113,-0.490799
30.4,30.39,-0.622058,-0.62268,0.129012,0.128582,-0.554996,-0.552602
28.65,28.66,-0.075294,-0.076399,-0.730046,-0.729864,-0.533431,-0.532337
30.66,30.68,-0.71902,-0.719008,0.034105,0.032813,-0.490798,-0.491213
30.28,30.29,-0.687393,-0.707369,0.048662,0.042925,-0.488354,-0.490496
30.3,30.29,-0.704733,-0.705696,0.0451,0.04382,-0.488044,-0.48977
30.07,30.08,-0.702189,-0.701902,0.047681,0.048373,-0.494505,-0.493893
30.31,30.31,-0.705522,-0.705826,0.088931,0.087721,-0.483047,-0.482062
30.72,30.7,-0.708604,-0.70614,0.036655,0.036249,-0.492181,-0.490761
30.39,30.41,-0.708627,-0.705184,0.039642,0.041231,-0.491647,-0.489996
30.66,30.63,-0.706689,-0.707157,0.039102,0.037824,-0.487629,-0.48935
29.09,29.09,0.386611,0.385011,-0.603616,-0.601831,-0.52999,-0.529684
29.5,29.55,-0.70106,-0.700267,0.088948,0.089652,-0.483008,-0.483294
28.36,28.37,0.14152,0.141747,-0.932687,-0.934763,-0.57792,-0.579445
30.45,30.45,-0.706679,-0.706071,0.040617,0.039328,-0.489114,-0.489624
28.95,28.95,0.29627,0.297086,-0.638169,-0.639648,-0.547695,-0.548907
29.53,29.55,-0.705535,-0.724025,0.087915,0.081881,-0.481556,-0.483388
28.41,28.41,0.136567,0.136274,-0.933703,-0.9338,-0.577975,-0.578279
30.51,30.47,-0.706168,-0.705573,0.040132,0.040334,-0.490117,-0.49021
30.51,30.51,-0.707677,-0.713599,0.040607,0.037603,-0.488622,-0.489609
30.58,30.58,-0.706672,-0.706973,0.037114,0.03731,-0.488152,-0.487952
29.06,29.06,0.422399,0.424114,-0.634491,-0.635359,-0.56459,-0.566588
30.61,30.61,-0.708618,-0.707356,0.039149,0.038525,-0.492153,-0.489644
30.28,30.28,-0.689384,-0.699565,0.050151,0.045833,-0.488355,-0.489294
30.49,30.48,-0.705222,-0.702819,0.040592,0.040824,-0.486597,-0.488577
29.2,29.21,0.401747,0.39988,-0.618343,-0.619737,-0.545052,-0.545885
30.13,30.13,-0.706981,-0.705801,0.086948,0.087143,-0.484585,-0.483771
29.77,29.72,-0.720849,-0.709355,0.084403,0.086243,-0.484734,-0.484714
30.3,30.31,-0.704541,-0.705424,0.08742,0.088128,-0.481553,-0.482655
30.66,30.62,-0.706701,-0.706373,0.03909,0.037316,-0.486627,-0.488347
30.66,30.63,-0.708159,-0.70666,0.038111,0.038328,-0.488654,-0.489641
30.13,30.13,-0.705015,-0.706097,0.087941,0.087244,-0.483555,-0.483973
30.49,30.48,-0.688867,-0.710334,0.046163,0.038109,-0.488396,-0.489174
30.36,30.33,-0.701094,-0.700965,0.087409,0.087239,-0.47952,-0.481925
30.43,30.45,-0.706667,-0.706076,0.040628,0.040225,-0.490116,-0.489614
28.53,28.53,-0.12677,-0.134505,0.680468,0.673716,-0.588024,-0.593176
30.49,30.51,-0.688371,-0.693119,0.046165,0.043852,-0.488391,-0.488358
30.63,30.65,-0.707633,-0.706969,0.038143,0.039118,-0.491154,-0.489034
28.5,28.5,0.143162,0.142175,-0.663725,-0.663423,-0.545308,-0.545814
29.8,29.79,-0.706024,-0.70561,0.088923,0.087939,-0.482551,-0.48356
28.36,28.37,-0.56835,-0.533136,-0.412178,-0.41465,-0.452971,-0.48535
30.22,30.21,-0.709094,-0.704589,0.041172,0.044744,-0.494638,-0.491553
28.61,28.61,-0.079581,-0.079899,-0.711325,-0.710543,-0.515225,-0.513916
30.43,30.44,-0.642852,-0.613924,0.125953,0.128945,-0.556213,-0.555127
30.16,30.13,-0.706019,-0.705399,0.087925,0.087451,-0.482562,-0.484365
29.53,29.52,-0.706034,-0.706194,0.088412,0.086644,-0.481555,-0.48388
28.94,28.94,0.297276,0.296987,-0.640659,-0.640149,-0.547715,-0.548713
28.59,28.59,-0.071342,-0.072449,-0.724029,-0.724048,-0.534831,-0.533539
30.46,30.49,-0.689352,-0.711115,0.044166,0.037416,-0.488423,-0.48989
30.58,30.59,-0.715047,-0.716287,0.035129,0.037081,-0.491753,-0.488536
29.18,29.18,0.401767,0.399777,-0.619827,-0.61914,-0.54607,-0.545779
29.86,29.81,-0.706498,-0.706008,0.085935,0.086833,-0.483089,-0.482975
30.54,30.54,-0.602683,-0.614678,0.134137,0.130886,-0.56028,-0.559218
30.31,30.31,-0.72226,-0.724173,0.070434,0.071601,-0.484905,-0.483005
30.52,30.53,-0.617571,-0.618555,0.131059,0.12996,-0.557939,-0.558061
30.69,30.69,-0.689851,-0.707444,0.04366,0.037834,-0.487931,-0.490254
30.49,30.49,-0.614081,-0.61397,0.132093,0.131704,-0.559901,-0.560706
30.43,30.41,-0.70569,-0.705476,0.042122,0.041035,-0.489589,-0.490401
30.39,30.39,-0.705181,-0.705667,0.043139,0.041944,-0.491076,-0.491394
30.33,30.31,-0.706013,-0.705722,0.087932,0.087224,-0.483063,-0.482167
30.72,30.71,-0.691333,-0.690632,0.042657,0.043068,-0.487956,-0.488746
30.1,30.12,-0.710483,-0.710345,0.089411,0.086341,-0.483085,-0.484921
30.7,30.71,-0.707649,-0.707076,0.036623,0.037506,-0.489168,-0.48775
28.97,28.98,0.63604,0.634633,-0.471227,-0.469546,-0.46722,-0.466412
30.33,30.34,-0.705032,-0.709164,0.085418,0.084733,-0.481079,-0.483527
28.52,28.53,-0.207013,-0.206421,0.650156,0.64825,-0.581551,-0.580466
30.6,30.62,-0.708166,-0.707373,0.036098,0.037304,-0.487175,-0.487655
30.21,30.21,-0.693638,-0.712374,0.090465,0.085787,-0.482425,-0.480938
29.63,29.66,-0.686214,-0.705716,0.09399,0.088132,-0.482822,-0.483058
30.46,30.44,-0.623082,-0.630884,0.129477,0.128375,-0.552495,-0.554679
29.62,29.67,-0.707029,-0.702637,0.0869,0.08875,-0.480579,-0.483725
29.21,29.21,0.398769,0.399267,-0.617855,-0.618955,-0.545072,-0.54468
30.09,30.09,-0.702207,-0.7026,0.047663,0.046661,-0.493002,-0.492817
30.34,30.33,-0.698125,-0.699393,0.089422,0.087632,-0.479972,-0.480905
30.43,30.46,-0.706198,-0.705384,0.040102,0.039424,-0.487613,-0.489116
29.88,29.91,-0.695618,-0.705313,0.089959,0.08804,-0.482449,-0.483556
28.64,28.64,-0.08001,-0.080049,-0.715773,-0.714207,-0.518785,-0.516263
28.55,28.53,0.147535,0.14725,-0.939118,-0.938104,-0.580446,-0.581939
30.54,30.51,-0.61956,-0.617577,0.130042,0.12995,-0.556967,-0.55695
30.4,30.39,-0.617162,-0.624146,0.131476,0.128898,-0.550919,-0.554515
29.23,29.21,0.399808,0.399872,-0.620814,-0.619344,-0.547601,-0.54538
30.61,30.6,-0.71951,-0.699326,0.033106,0.040459,-0.490813,-0.490254
30.61,30.63,-0.705688,-0.707161,0.039617,0.039125,-0.488616,-0.489636
29.63,29.65,-0.706517,-0.701466,0.088422,0.089037,-0.482561,-0.48231
30.54,30.51,-0.708172,-0.71272,0.040605,0.038194,-0.488626,-0.488693
29.83,29.84,-0.705509,-0.705521,0.086437,0.087528,-0.483075,-0.482562
30.4,30.38,-0.640883,-0.624338,0.127451,0.1278,-0.555678,-0.554529
30.52,30.49,-0.694316,-0.701016,0.043138,0.040749,-0.487475,-0.490065
28.64,28.65,-0.073332,-0.074412,-0.729558,-0.730453,-0.531906,-0.532426
28.53,28.53,-0.207452,-0.206396,0.648705,0.647873,-0.585578,-0.582373
30.37,30.38,-0.612189,-0.614257,0.132011,0.12971,-0.552372,-0.552516
30.63,30.62,-0.706696,-0.703004,0.038093,0.039934,-0.486638,-0.48929
30.68,30.68,-0.699239,-0.700439,0.041149,0.040332,-0.489544,-0.488362
30.49,30.49,-0.619568,-0.620465,0.12803,0.129023,-0.555487,-0.555483
28.57,28.56,0.144181,0.142684,-0.664196,-0.663609,-0.547308,-0.546813
28.74,28.76,0.143676,0.142968,-0.664708,-0.663922,-0.546316,-0.545512
30.51,30.5,-0.706673,-0.707661,0.03611,0.037112,-0.487662,-0.488361
29.79,29.78,-0.705505,-0.706006,0.086942,0.088038,-0.483571,-0.483663
30.63,30.61,-0.707652,-0.706169,0.037122,0.038526,-0.489162,-0.489334
30.34,30.35,-0.609734,-0.625152,0.131996,0.129882,-0.550348,-0.553711
30.09,30.07,-0.703165,-0.702302,0.048194,0.048469,-0.49601,-0.493695
28.5,28.5,0.138583,0.138974,-0.934164,-0.935371,-0.580467,-0.579475
30.07,30.08,-0.70221,-0.702309,0.047158,0.04786,-0.492507,-0.492801
30.4,30.41,-0.707165,-0.705873,0.041125,0.041535,-0.490114,-0.490599
30.68,30.69,-0.692787,-0.700747,0.042182,0.040722,-0.490478,-0.487659
30.51,30.49,-0.706171,-0.707079,0.036118,0.037403,-0.488159,-0.487451
30.48,30.5,-0.705186,-0.705182,0.039624,0.040431,-0.489112,-0.489804
30.63,30.62,-0.706657,-0.706662,0.03763,0.038928,-0.489648,-0.489734
30.36,30.33,-0.716605,-0.699434,0.039065,0.043458,-0.487715,-0.490822
30.64,30.63,-0.707657,-0.706265,0.039122,0.038529,-0.48964,-0.489635
30.52,30.53,-0.706181,-0.707271,0.039116,0.037408,-0.488626,-0.487953
29.2,29.2,0.39976,0.400279,-0.618855,-0.619834,-0.544574,-0.545983
30.45,30.44,-0.621595,-0.622162,0.129483,0.128705,-0.552482,-0.554399
30.64,30.66,-0.705679,-0.704971,0.040127,0.038539,-0.489612,-0.490024
29.56,29.57,-0.722818,-0.711749,0.082905,0.086521,-0.485269,-0.48373
30.72,30.7,-0.707646,-0.707567,0.037128,0.038211,-0.489663,-0.488448
30.36,30.36,-0.690873,-0.695003,0.049142,0.046051,-0.487878,-0.489352
28.59,28.59,-0.080025,-0.079519,-0.719799,-0.719887,-0.515826,-0.516623
30.55,30.56,-0.714129,-0.701349,0.03857,0.041615,-0.487198,-0.487454
30.36,30.33,-0.689342,-0.704092,0.04568,0.043242,-0.489908,-0.490965
